acc	assay_type	consent	experiment	instrument	platform	sample_acc	biosample	organism	sra_study	releasedate	bioproject	mbytes	mbases	access	taxid
DRR077057	AMPLICON	public	DRX070901	454 GS FLX Titanium	LS454	DRS079765	SAMD00066967	human gut metagenome	DRP004583	2018-11-21 00:00:00 UTC	PRJDB5310	0	0	public	408170.0
DRR077058	AMPLICON	public	DRX070902	454 GS FLX Titanium	LS454	DRS079766	SAMD00066968	human gut metagenome	DRP004583	2018-11-21 00:00:00 UTC	PRJDB5310	0	0	public	408170.0
DRR077059	AMPLICON	public	DRX070903	454 GS FLX Titanium	LS454	DRS079767	SAMD00066969	human gut metagenome	DRP004583	2018-11-21 00:00:00 UTC	PRJDB5310	0	0	public	408170.0
DRR077060	AMPLICON	public	DRX070904	454 GS FLX Titanium	LS454	DRS079768	SAMD00066970	human gut metagenome	DRP004583	2018-11-21 00:00:00 UTC	PRJDB5310	0	0	public	408170.0
DRR077061	AMPLICON	public	DRX070905	454 GS FLX Titanium	LS454	DRS079769	SAMD00066971	human gut metagenome	DRP004583	2018-11-21 00:00:00 UTC	PRJDB5310	0	0	public	408170.0
DRR077062	AMPLICON	public	DRX070906	454 GS FLX Titanium	LS454	DRS079770	SAMD00066972	human gut metagenome	DRP004583	2018-11-21 00:00:00 UTC	PRJDB5310	0	0	public	408170.0
DRR077063	AMPLICON	public	DRX070907	454 GS FLX Titanium	LS454	DRS079771	SAMD00066973	human gut metagenome	DRP004583	2018-11-21 00:00:00 UTC	PRJDB5310	0	0	public	408170.0
DRR077064	AMPLICON	public	DRX070908	454 GS FLX Titanium	LS454	DRS079772	SAMD00066974	human gut metagenome	DRP004583	2018-11-21 00:00:00 UTC	PRJDB5310	0	0	public	408170.0
DRR077065	AMPLICON	public	DRX070909	454 GS FLX Titanium	LS454	DRS079773	SAMD00066975	human gut metagenome	DRP004583	2018-11-21 00:00:00 UTC	PRJDB5310	0	0	public	408170.0
DRR077066	AMPLICON	public	DRX070910	454 GS FLX Titanium	LS454	DRS079774	SAMD00066976	human gut metagenome	DRP004583	2018-11-21 00:00:00 UTC	PRJDB5310	0	0	public	408170.0
DRR077067	AMPLICON	public	DRX070911	454 GS FLX Titanium	LS454	DRS079775	SAMD00066977	human gut metagenome	DRP004583	2018-11-21 00:00:00 UTC	PRJDB5310	0	0	public	408170.0
DRR077068	AMPLICON	public	DRX070912	454 GS FLX Titanium	LS454	DRS079776	SAMD00066978	human gut metagenome	DRP004583	2018-11-21 00:00:00 UTC	PRJDB5310	0	0	public	408170.0
DRR077069	AMPLICON	public	DRX070913	454 GS FLX Titanium	LS454	DRS079777	SAMD00066979	human gut metagenome	DRP004583	2018-11-21 00:00:00 UTC	PRJDB5310	0	0	public	408170.0
DRR077070	AMPLICON	public	DRX070914	454 GS FLX Titanium	LS454	DRS079778	SAMD00066980	human gut metagenome	DRP004583	2018-11-21 00:00:00 UTC	PRJDB5310	0	0	public	408170.0
DRR077071	AMPLICON	public	DRX070915	454 GS FLX Titanium	LS454	DRS079779	SAMD00066981	human gut metagenome	DRP004583	2018-11-21 00:00:00 UTC	PRJDB5310	0	0	public	408170.0
DRR077072	AMPLICON	public	DRX070916	454 GS FLX Titanium	LS454	DRS079780	SAMD00066982	human gut metagenome	DRP004583	2018-11-21 00:00:00 UTC	PRJDB5310	0	0	public	408170.0
DRR077073	AMPLICON	public	DRX070917	454 GS FLX Titanium	LS454	DRS079781	SAMD00066983	human gut metagenome	DRP004583	2018-11-21 00:00:00 UTC	PRJDB5310	0	0	public	408170.0
DRR077074	AMPLICON	public	DRX070918	454 GS FLX Titanium	LS454	DRS079782	SAMD00066984	human gut metagenome	DRP004583	2018-11-21 00:00:00 UTC	PRJDB5310	0	0	public	408170.0
DRR077075	AMPLICON	public	DRX070919	454 GS FLX Titanium	LS454	DRS079783	SAMD00066985	human gut metagenome	DRP004583	2018-11-21 00:00:00 UTC	PRJDB5310	0	0	public	408170.0
DRR077076	AMPLICON	public	DRX070920	454 GS FLX Titanium	LS454	DRS079784	SAMD00066986	human gut metagenome	DRP004583	2018-11-21 00:00:00 UTC	PRJDB5310	0	0	public	408170.0
DRR077077	AMPLICON	public	DRX070921	454 GS FLX Titanium	LS454	DRS079785	SAMD00066987	human gut metagenome	DRP004583	2018-11-21 00:00:00 UTC	PRJDB5310	0	0	public	408170.0
DRR077078	AMPLICON	public	DRX070922	454 GS FLX Titanium	LS454	DRS079786	SAMD00066988	human gut metagenome	DRP004583	2018-11-21 00:00:00 UTC	PRJDB5310	0	0	public	408170.0
DRR077079	AMPLICON	public	DRX070923	454 GS FLX Titanium	LS454	DRS079787	SAMD00066989	human gut metagenome	DRP004583	2018-11-21 00:00:00 UTC	PRJDB5310	0	0	public	408170.0
DRR077080	AMPLICON	public	DRX070924	454 GS FLX Titanium	LS454	DRS079788	SAMD00066990	human gut metagenome	DRP004583	2018-11-21 00:00:00 UTC	PRJDB5310	0	0	public	408170.0
DRR077081	AMPLICON	public	DRX070925	454 GS FLX Titanium	LS454	DRS079789	SAMD00066991	human gut metagenome	DRP004583	2018-11-21 00:00:00 UTC	PRJDB5310	0	0	public	408170.0
DRR077082	AMPLICON	public	DRX070926	454 GS FLX Titanium	LS454	DRS079790	SAMD00066992	human gut metagenome	DRP004583	2018-11-21 00:00:00 UTC	PRJDB5310	0	0	public	408170.0
DRR077083	AMPLICON	public	DRX070927	454 GS FLX Titanium	LS454	DRS079791	SAMD00066993	human gut metagenome	DRP004583	2018-11-21 00:00:00 UTC	PRJDB5310	0	0	public	408170.0
DRR077084	AMPLICON	public	DRX070928	454 GS FLX Titanium	LS454	DRS079792	SAMD00066994	human gut metagenome	DRP004583	2018-11-21 00:00:00 UTC	PRJDB5310	0	0	public	408170.0
DRR077085	AMPLICON	public	DRX070929	454 GS FLX Titanium	LS454	DRS079793	SAMD00066995	human gut metagenome	DRP004583	2018-11-21 00:00:00 UTC	PRJDB5310	0	0	public	408170.0
DRR077086	AMPLICON	public	DRX070930	454 GS FLX Titanium	LS454	DRS079794	SAMD00066996	human gut metagenome	DRP004583	2018-11-21 00:00:00 UTC	PRJDB5310	0	0	public	408170.0
DRR077087	AMPLICON	public	DRX070931	454 GS FLX Titanium	LS454	DRS079795	SAMD00066997	human gut metagenome	DRP004583	2018-11-21 00:00:00 UTC	PRJDB5310	0	0	public	408170.0
DRR077088	AMPLICON	public	DRX070932	454 GS FLX Titanium	LS454	DRS079796	SAMD00066998	human gut metagenome	DRP004583	2018-11-21 00:00:00 UTC	PRJDB5310	0	0	public	408170.0
DRR077089	AMPLICON	public	DRX070933	454 GS FLX Titanium	LS454	DRS079797	SAMD00066999	human gut metagenome	DRP004583	2018-11-21 00:00:00 UTC	PRJDB5310	0	0	public	408170.0
DRR077090	AMPLICON	public	DRX070934	454 GS FLX Titanium	LS454	DRS079798	SAMD00067000	human gut metagenome	DRP004583	2018-11-21 00:00:00 UTC	PRJDB5310	0	0	public	408170.0
DRR077091	AMPLICON	public	DRX070935	454 GS FLX Titanium	LS454	DRS079799	SAMD00067001	human gut metagenome	DRP004583	2018-11-21 00:00:00 UTC	PRJDB5310	0	0	public	408170.0
DRR077092	AMPLICON	public	DRX070936	454 GS FLX Titanium	LS454	DRS079800	SAMD00067002	human gut metagenome	DRP004583	2018-11-21 00:00:00 UTC	PRJDB5310	0	0	public	408170.0
DRR077093	AMPLICON	public	DRX070937	454 GS FLX Titanium	LS454	DRS079801	SAMD00067003	human gut metagenome	DRP004583	2018-11-21 00:00:00 UTC	PRJDB5310	0	0	public	408170.0
DRR077094	AMPLICON	public	DRX070938	454 GS FLX Titanium	LS454	DRS079802	SAMD00067004	human gut metagenome	DRP004583	2018-11-21 00:00:00 UTC	PRJDB5310	0	0	public	408170.0
DRR077095	AMPLICON	public	DRX070939	454 GS FLX Titanium	LS454	DRS079803	SAMD00067005	human gut metagenome	DRP004583	2018-11-21 00:00:00 UTC	PRJDB5310	0	0	public	408170.0
DRR077096	AMPLICON	public	DRX070940	454 GS FLX Titanium	LS454	DRS079804	SAMD00067006	human gut metagenome	DRP004583	2018-11-21 00:00:00 UTC	PRJDB5310	0	0	public	408170.0
DRR077097	AMPLICON	public	DRX070941	454 GS FLX Titanium	LS454	DRS079805	SAMD00067007	human gut metagenome	DRP004583	2018-11-21 00:00:00 UTC	PRJDB5310	0	0	public	408170.0
DRR077098	AMPLICON	public	DRX070942	454 GS FLX Titanium	LS454	DRS079806	SAMD00067008	human gut metagenome	DRP004583	2018-11-21 00:00:00 UTC	PRJDB5310	0	0	public	408170.0
DRR077099	AMPLICON	public	DRX070943	454 GS FLX Titanium	LS454	DRS079807	SAMD00067009	human gut metagenome	DRP004583	2018-11-21 00:00:00 UTC	PRJDB5310	0	0	public	408170.0
DRR077100	AMPLICON	public	DRX070944	454 GS FLX Titanium	LS454	DRS079808	SAMD00067010	human gut metagenome	DRP004583	2018-11-21 00:00:00 UTC	PRJDB5310	0	0	public	408170.0
DRR077101	AMPLICON	public	DRX070945	454 GS FLX Titanium	LS454	DRS079809	SAMD00067011	human gut metagenome	DRP004583	2018-11-21 00:00:00 UTC	PRJDB5310	0	0	public	408170.0
DRR077102	AMPLICON	public	DRX070946	454 GS FLX Titanium	LS454	DRS079810	SAMD00067012	human gut metagenome	DRP004583	2018-11-21 00:00:00 UTC	PRJDB5310	0	0	public	408170.0
DRR077103	AMPLICON	public	DRX070947	454 GS FLX Titanium	LS454	DRS079811	SAMD00067013	human gut metagenome	DRP004583	2018-11-21 00:00:00 UTC	PRJDB5310	0	0	public	408170.0
DRR077104	AMPLICON	public	DRX070948	454 GS FLX Titanium	LS454	DRS079812	SAMD00067014	human gut metagenome	DRP004583	2018-11-21 00:00:00 UTC	PRJDB5310	0	0	public	408170.0
DRR077105	AMPLICON	public	DRX070949	454 GS FLX Titanium	LS454	DRS079813	SAMD00067015	human gut metagenome	DRP004583	2018-11-21 00:00:00 UTC	PRJDB5310	0	0	public	408170.0
DRR077106	AMPLICON	public	DRX070950	454 GS FLX Titanium	LS454	DRS079814	SAMD00067016	human gut metagenome	DRP004583	2018-11-21 00:00:00 UTC	PRJDB5310	0	0	public	408170.0
DRR077107	AMPLICON	public	DRX070951	454 GS FLX Titanium	LS454	DRS079815	SAMD00067017	human gut metagenome	DRP004583	2018-11-21 00:00:00 UTC	PRJDB5310	0	0	public	408170.0
DRR077108	AMPLICON	public	DRX070952	454 GS FLX Titanium	LS454	DRS079816	SAMD00067018	human gut metagenome	DRP004583	2018-11-21 00:00:00 UTC	PRJDB5310	0	0	public	408170.0
DRR077109	AMPLICON	public	DRX070953	454 GS FLX Titanium	LS454	DRS079817	SAMD00067019	human gut metagenome	DRP004583	2018-11-21 00:00:00 UTC	PRJDB5310	0	0	public	408170.0
DRR077110	AMPLICON	public	DRX070954	454 GS FLX Titanium	LS454	DRS079818	SAMD00067020	human gut metagenome	DRP004583	2018-11-21 00:00:00 UTC	PRJDB5310	0	0	public	408170.0
DRR077111	AMPLICON	public	DRX070955	454 GS FLX Titanium	LS454	DRS079819	SAMD00067021	human gut metagenome	DRP004583	2018-11-21 00:00:00 UTC	PRJDB5310	0	0	public	408170.0
DRR077112	AMPLICON	public	DRX070956	454 GS FLX Titanium	LS454	DRS079820	SAMD00067022	human gut metagenome	DRP004583	2018-11-21 00:00:00 UTC	PRJDB5310	0	0	public	408170.0
DRR077113	AMPLICON	public	DRX070957	454 GS FLX Titanium	LS454	DRS079821	SAMD00067023	human gut metagenome	DRP004583	2018-11-21 00:00:00 UTC	PRJDB5310	0	0	public	408170.0
DRR077114	AMPLICON	public	DRX070958	454 GS FLX Titanium	LS454	DRS079822	SAMD00067024	human gut metagenome	DRP004583	2018-11-21 00:00:00 UTC	PRJDB5310	0	0	public	408170.0
DRR077115	AMPLICON	public	DRX070959	454 GS FLX Titanium	LS454	DRS079823	SAMD00067025	human gut metagenome	DRP004583	2018-11-21 00:00:00 UTC	PRJDB5310	0	0	public	408170.0
DRR077116	AMPLICON	public	DRX070960	454 GS FLX Titanium	LS454	DRS079824	SAMD00067026	human gut metagenome	DRP004583	2018-11-21 00:00:00 UTC	PRJDB5310	0	0	public	408170.0
DRR077117	AMPLICON	public	DRX070961	454 GS FLX Titanium	LS454	DRS079825	SAMD00067027	human gut metagenome	DRP004583	2018-11-21 00:00:00 UTC	PRJDB5310	0	0	public	408170.0
DRR077118	AMPLICON	public	DRX070962	454 GS FLX Titanium	LS454	DRS079826	SAMD00067028	human gut metagenome	DRP004583	2018-11-21 00:00:00 UTC	PRJDB5310	0	0	public	408170.0
DRR077119	AMPLICON	public	DRX070963	454 GS FLX Titanium	LS454	DRS079827	SAMD00067029	human gut metagenome	DRP004583	2018-11-21 00:00:00 UTC	PRJDB5310	0	0	public	408170.0
DRR077120	AMPLICON	public	DRX070964	454 GS FLX Titanium	LS454	DRS079828	SAMD00067030	human gut metagenome	DRP004583	2018-11-21 00:00:00 UTC	PRJDB5310	0	0	public	408170.0
DRR077121	AMPLICON	public	DRX070965	454 GS FLX Titanium	LS454	DRS079829	SAMD00067031	human gut metagenome	DRP004583	2018-11-21 00:00:00 UTC	PRJDB5310	0	0	public	408170.0
DRR077122	AMPLICON	public	DRX070966	454 GS FLX Titanium	LS454	DRS079830	SAMD00067032	human gut metagenome	DRP004583	2018-11-21 00:00:00 UTC	PRJDB5310	0	0	public	408170.0
DRR077123	AMPLICON	public	DRX070967	454 GS FLX Titanium	LS454	DRS079831	SAMD00067033	human gut metagenome	DRP004583	2018-11-21 00:00:00 UTC	PRJDB5310	0	0	public	408170.0
DRR077124	AMPLICON	public	DRX070968	454 GS FLX Titanium	LS454	DRS079832	SAMD00067034	human gut metagenome	DRP004583	2018-11-21 00:00:00 UTC	PRJDB5310	0	0	public	408170.0
DRR077125	AMPLICON	public	DRX070969	454 GS FLX Titanium	LS454	DRS079833	SAMD00067035	human gut metagenome	DRP004583	2018-11-21 00:00:00 UTC	PRJDB5310	0	0	public	408170.0
DRR077126	AMPLICON	public	DRX070970	454 GS FLX Titanium	LS454	DRS079834	SAMD00067036	human gut metagenome	DRP004583	2018-11-21 00:00:00 UTC	PRJDB5310	0	0	public	408170.0
DRR077127	AMPLICON	public	DRX070971	454 GS FLX Titanium	LS454	DRS079835	SAMD00067037	human gut metagenome	DRP004583	2018-11-21 00:00:00 UTC	PRJDB5310	0	0	public	408170.0
DRR077128	AMPLICON	public	DRX070972	454 GS FLX Titanium	LS454	DRS079836	SAMD00067038	human gut metagenome	DRP004583	2018-11-21 00:00:00 UTC	PRJDB5310	0	0	public	408170.0
DRR077129	AMPLICON	public	DRX070973	454 GS FLX Titanium	LS454	DRS079837	SAMD00067039	human gut metagenome	DRP004583	2018-11-21 00:00:00 UTC	PRJDB5310	0	0	public	408170.0
DRR077130	AMPLICON	public	DRX070974	454 GS FLX Titanium	LS454	DRS079838	SAMD00067040	human gut metagenome	DRP004583	2018-11-21 00:00:00 UTC	PRJDB5310	0	0	public	408170.0
DRR077131	AMPLICON	public	DRX070975	454 GS FLX Titanium	LS454	DRS079839	SAMD00067041	human gut metagenome	DRP004583	2018-11-21 00:00:00 UTC	PRJDB5310	0	0	public	408170.0
DRR077132	AMPLICON	public	DRX070976	454 GS FLX Titanium	LS454	DRS079840	SAMD00067042	human gut metagenome	DRP004583	2018-11-21 00:00:00 UTC	PRJDB5310	0	0	public	408170.0
DRR077133	AMPLICON	public	DRX070977	454 GS FLX Titanium	LS454	DRS079841	SAMD00067043	human gut metagenome	DRP004583	2018-11-21 00:00:00 UTC	PRJDB5310	0	0	public	408170.0
DRR077134	AMPLICON	public	DRX070978	454 GS FLX Titanium	LS454	DRS079842	SAMD00067044	human gut metagenome	DRP004583	2018-11-21 00:00:00 UTC	PRJDB5310	0	0	public	408170.0
DRR077135	AMPLICON	public	DRX070979	454 GS FLX Titanium	LS454	DRS079843	SAMD00067045	human gut metagenome	DRP004583	2018-11-21 00:00:00 UTC	PRJDB5310	0	0	public	408170.0
DRR077136	AMPLICON	public	DRX070980	454 GS FLX Titanium	LS454	DRS079844	SAMD00067046	human gut metagenome	DRP004583	2018-11-21 00:00:00 UTC	PRJDB5310	0	0	public	408170.0
DRR077137	AMPLICON	public	DRX070981	454 GS FLX Titanium	LS454	DRS079845	SAMD00067047	human gut metagenome	DRP004583	2018-11-21 00:00:00 UTC	PRJDB5310	0	0	public	408170.0
DRR077138	AMPLICON	public	DRX070982	454 GS FLX Titanium	LS454	DRS079846	SAMD00067048	human gut metagenome	DRP004583	2018-11-21 00:00:00 UTC	PRJDB5310	0	0	public	408170.0
DRR077139	AMPLICON	public	DRX070983	454 GS FLX Titanium	LS454	DRS079847	SAMD00067049	human gut metagenome	DRP004583	2018-11-21 00:00:00 UTC	PRJDB5310	0	0	public	408170.0
DRR077140	AMPLICON	public	DRX070984	454 GS FLX Titanium	LS454	DRS079848	SAMD00067050	human gut metagenome	DRP004583	2018-11-21 00:00:00 UTC	PRJDB5310	0	0	public	408170.0
DRR077141	AMPLICON	public	DRX070985	454 GS FLX Titanium	LS454	DRS079849	SAMD00067051	human gut metagenome	DRP004583	2018-11-21 00:00:00 UTC	PRJDB5310	0	0	public	408170.0
DRR077142	AMPLICON	public	DRX070986	454 GS FLX Titanium	LS454	DRS079850	SAMD00067052	human gut metagenome	DRP004583	2018-11-21 00:00:00 UTC	PRJDB5310	0	0	public	408170.0
DRR077143	AMPLICON	public	DRX070987	454 GS FLX Titanium	LS454	DRS079851	SAMD00067053	human gut metagenome	DRP004583	2018-11-21 00:00:00 UTC	PRJDB5310	0	0	public	408170.0
DRR077144	AMPLICON	public	DRX070988	454 GS FLX Titanium	LS454	DRS079852	SAMD00067054	human gut metagenome	DRP004583	2018-11-21 00:00:00 UTC	PRJDB5310	0	0	public	408170.0
DRR077145	AMPLICON	public	DRX070989	454 GS FLX Titanium	LS454	DRS079853	SAMD00067055	human gut metagenome	DRP004583	2018-11-21 00:00:00 UTC	PRJDB5310	0	0	public	408170.0
DRR077146	AMPLICON	public	DRX070990	454 GS FLX Titanium	LS454	DRS079854	SAMD00067056	human gut metagenome	DRP004583	2018-11-21 00:00:00 UTC	PRJDB5310	0	0	public	408170.0
DRR077147	AMPLICON	public	DRX070991	454 GS FLX Titanium	LS454	DRS079855	SAMD00067057	human gut metagenome	DRP004583	2018-11-21 00:00:00 UTC	PRJDB5310	0	0	public	408170.0
DRR077148	AMPLICON	public	DRX070992	454 GS FLX Titanium	LS454	DRS079856	SAMD00067058	human gut metagenome	DRP004583	2018-11-21 00:00:00 UTC	PRJDB5310	0	0	public	408170.0
DRR077149	AMPLICON	public	DRX070993	454 GS FLX Titanium	LS454	DRS079857	SAMD00067059	human gut metagenome	DRP004583	2018-11-21 00:00:00 UTC	PRJDB5310	0	0	public	408170.0
DRR077150	AMPLICON	public	DRX070994	454 GS FLX Titanium	LS454	DRS079858	SAMD00067060	human gut metagenome	DRP004583	2018-11-21 00:00:00 UTC	PRJDB5310	0	0	public	408170.0
DRR077151	AMPLICON	public	DRX070995	454 GS FLX Titanium	LS454	DRS079859	SAMD00067061	human gut metagenome	DRP004583	2018-11-21 00:00:00 UTC	PRJDB5310	0	0	public	408170.0
DRR077152	AMPLICON	public	DRX070996	454 GS FLX Titanium	LS454	DRS079860	SAMD00067062	human gut metagenome	DRP004583	2018-11-21 00:00:00 UTC	PRJDB5310	0	0	public	408170.0
DRR077153	AMPLICON	public	DRX070997	454 GS FLX Titanium	LS454	DRS079861	SAMD00067063	human gut metagenome	DRP004583	2018-11-21 00:00:00 UTC	PRJDB5310	0	0	public	408170.0
DRR077154	AMPLICON	public	DRX070998	454 GS FLX Titanium	LS454	DRS079862	SAMD00067064	human gut metagenome	DRP004583	2018-11-21 00:00:00 UTC	PRJDB5310	0	0	public	408170.0
DRR077155	AMPLICON	public	DRX070999	454 GS FLX Titanium	LS454	DRS079863	SAMD00067065	human gut metagenome	DRP004583	2018-11-21 00:00:00 UTC	PRJDB5310	0	0	public	408170.0
DRR077156	AMPLICON	public	DRX071000	454 GS FLX Titanium	LS454	DRS079864	SAMD00067066	human gut metagenome	DRP004583	2018-11-21 00:00:00 UTC	PRJDB5310	0	0	public	408170.0
DRR077157	AMPLICON	public	DRX071001	454 GS FLX Titanium	LS454	DRS079865	SAMD00067067	human gut metagenome	DRP004583	2018-11-21 00:00:00 UTC	PRJDB5310	0	0	public	408170.0
DRR077158	AMPLICON	public	DRX071002	454 GS FLX Titanium	LS454	DRS079866	SAMD00067068	human gut metagenome	DRP004583	2018-11-21 00:00:00 UTC	PRJDB5310	0	0	public	408170.0
DRR077159	AMPLICON	public	DRX071003	454 GS FLX Titanium	LS454	DRS079867	SAMD00067069	human gut metagenome	DRP004583	2018-11-21 00:00:00 UTC	PRJDB5310	0	0	public	408170.0
DRR077160	AMPLICON	public	DRX071004	454 GS FLX Titanium	LS454	DRS079868	SAMD00067070	human gut metagenome	DRP004583	2018-11-21 00:00:00 UTC	PRJDB5310	0	0	public	408170.0
DRR182502	WGS	public	DRX173008	Illumina MiSeq	ILLUMINA	DRS163922	SAMD00175805	Tetragenococcus koreensis	DRP006750	2020-12-02 00:00:00 UTC	PRJDB8432	452	888	public	290335.0
ERR208893	OTHER	public	ERX183566	Illumina Genome Analyzer II	ILLUMINA	ERS198498	SAMEA1574063	Mus musculus	ERP002048	2013-02-16 00:00:00 UTC	PRJEB1199	178	268	public	10090.0
ERR208895	OTHER	public	ERX183566	Illumina Genome Analyzer II	ILLUMINA	ERS198496	SAMEA1574060	Mus musculus	ERP002048	2013-02-16 00:00:00 UTC	PRJEB1199	106	140	public	10090.0
ERR208898	OTHER	public	ERX183566	Illumina Genome Analyzer II	ILLUMINA	SRS024887	SAMN00009845	human gut metagenome	ERP002048	2013-02-16 00:00:00 UTC	PRJEB1199	54	80	public	408170.0
ERR208899	OTHER	public	ERX183566	Illumina Genome Analyzer II	ILLUMINA	SRS024887	SAMN00009845	human gut metagenome	ERP002048	2013-02-16 00:00:00 UTC	PRJEB1199	174	256	public	408170.0
ERR208900	OTHER	public	ERX183566	Illumina Genome Analyzer II	ILLUMINA	ERS198495	SAMEA1574057	Mus musculus	ERP002048	2013-02-16 00:00:00 UTC	PRJEB1199	328	463	public	10090.0
ERR208901	OTHER	public	ERX183566	Illumina Genome Analyzer II	ILLUMINA	ERS198491	SAMEA1574061	Mus musculus	ERP002048	2013-02-16 00:00:00 UTC	PRJEB1199	123	229	public	10090.0
ERR2244954	AMPLICON	public	ERX2296977	Illumina MiSeq	ILLUMINA	ERS2086967	SAMEA104469025	Danio rerio	ERP106224	2018-01-16 00:00:00 UTC	PRJEB24402	6	12	public	7955.0
ERR2244960	AMPLICON	public	ERX2296983	Illumina MiSeq	ILLUMINA	ERS2086973	SAMEA104469031	Danio rerio	ERP106224	2018-01-16 00:00:00 UTC	PRJEB24402	3	7	public	7955.0
ERR2244962	AMPLICON	public	ERX2296985	Illumina MiSeq	ILLUMINA	ERS2086975	SAMEA104469033	Danio rerio	ERP106224	2018-01-16 00:00:00 UTC	PRJEB24402	9	18	public	7955.0
ERR2244963	AMPLICON	public	ERX2296986	Illumina MiSeq	ILLUMINA	ERS2086976	SAMEA104469034	Danio rerio	ERP106224	2018-01-16 00:00:00 UTC	PRJEB24402	7	15	public	7955.0
ERR2244964	AMPLICON	public	ERX2296987	Illumina MiSeq	ILLUMINA	ERS2086977	SAMEA104469035	Danio rerio	ERP106224	2018-01-16 00:00:00 UTC	PRJEB24402	7	15	public	7955.0
ERR2244965	AMPLICON	public	ERX2296988	Illumina MiSeq	ILLUMINA	ERS2086978	SAMEA104469036	Danio rerio	ERP106224	2018-01-16 00:00:00 UTC	PRJEB24402	11	23	public	7955.0
ERR2244966	AMPLICON	public	ERX2296989	Illumina MiSeq	ILLUMINA	ERS2086979	SAMEA104469037	Danio rerio	ERP106224	2018-01-16 00:00:00 UTC	PRJEB24402	17	34	public	7955.0
ERR2244967	AMPLICON	public	ERX2296990	Illumina MiSeq	ILLUMINA	ERS2086980	SAMEA104469038	Danio rerio	ERP106224	2018-01-16 00:00:00 UTC	PRJEB24402	8	16	public	7955.0
ERR2244968	AMPLICON	public	ERX2296991	Illumina MiSeq	ILLUMINA	ERS2086981	SAMEA104469039	Danio rerio	ERP106224	2018-01-16 00:00:00 UTC	PRJEB24402	8	15	public	7955.0
ERR2244969	AMPLICON	public	ERX2296992	Illumina MiSeq	ILLUMINA	ERS2086982	SAMEA104469040	Danio rerio	ERP106224	2018-01-16 00:00:00 UTC	PRJEB24402	2	5	public	7955.0
ERR2888321	AMPLICON	public	ERX2893246	NextSeq 500	ILLUMINA	ERS2867618	SAMEA5056443	fish metagenome	ERP111751	2020-01-09 00:00:00 UTC	PRJEB29449	35	60	public	496924.0
ERR2888322	AMPLICON	public	ERX2893247	NextSeq 500	ILLUMINA	ERS2867619	SAMEA5056444	fish metagenome	ERP111751	2020-01-09 00:00:00 UTC	PRJEB29449	30	50	public	496924.0
ERR2888323	AMPLICON	public	ERX2893248	NextSeq 500	ILLUMINA	ERS2867620	SAMEA5056445	fish metagenome	ERP111751	2020-01-09 00:00:00 UTC	PRJEB29449	49	77	public	496924.0
ERR2888324	AMPLICON	public	ERX2893249	NextSeq 500	ILLUMINA	ERS2867621	SAMEA5056446	fish metagenome	ERP111751	2020-01-09 00:00:00 UTC	PRJEB29449	27	42	public	496924.0
ERR2888325	AMPLICON	public	ERX2893250	NextSeq 500	ILLUMINA	ERS2867622	SAMEA5056447	fish metagenome	ERP111751	2020-01-09 00:00:00 UTC	PRJEB29449	30	47	public	496924.0
ERR2888326	AMPLICON	public	ERX2893251	NextSeq 500	ILLUMINA	ERS2867623	SAMEA5056448	fish metagenome	ERP111751	2020-01-09 00:00:00 UTC	PRJEB29449	40	63	public	496924.0
ERR2888327	AMPLICON	public	ERX2893252	NextSeq 500	ILLUMINA	ERS2867624	SAMEA5056449	fish metagenome	ERP111751	2020-01-09 00:00:00 UTC	PRJEB29449	22	37	public	496924.0
ERR2888328	AMPLICON	public	ERX2893253	NextSeq 500	ILLUMINA	ERS2867625	SAMEA5056450	fish metagenome	ERP111751	2020-01-09 00:00:00 UTC	PRJEB29449	22	38	public	496924.0
ERR2888329	AMPLICON	public	ERX2893254	NextSeq 500	ILLUMINA	ERS2867626	SAMEA5056451	fish metagenome	ERP111751	2020-01-09 00:00:00 UTC	PRJEB29449	25	44	public	496924.0
ERR2888330	AMPLICON	public	ERX2893255	NextSeq 500	ILLUMINA	ERS2867627	SAMEA5056452	fish metagenome	ERP111751	2020-01-09 00:00:00 UTC	PRJEB29449	14	25	public	496924.0
ERR3224479	AMPLICON	public	ERX3251931	Illumina MiSeq	ILLUMINA	ERS3229956	SAMEA5424668	Homo sapiens	ERP114316	2019-03-21 00:00:00 UTC	PRJEB31726	14	25	public	9606.0
ERR3224480	AMPLICON	public	ERX3251932	Illumina MiSeq	ILLUMINA	ERS3229943	SAMEA5424655	Homo sapiens	ERP114316	2019-03-21 00:00:00 UTC	PRJEB31726	12	21	public	9606.0
ERR3224481	AMPLICON	public	ERX3251933	Illumina MiSeq	ILLUMINA	ERS3229940	SAMEA5424652	Homo sapiens	ERP114316	2019-03-21 00:00:00 UTC	PRJEB31726	25	44	public	9606.0
ERR3224482	AMPLICON	public	ERX3251934	Illumina MiSeq	ILLUMINA	ERS3229961	SAMEA5424673	Homo sapiens	ERP114316	2019-03-21 00:00:00 UTC	PRJEB31726	17	28	public	9606.0
ERR3224483	AMPLICON	public	ERX3251935	Illumina MiSeq	ILLUMINA	ERS3229948	SAMEA5424660	Homo sapiens	ERP114316	2019-03-21 00:00:00 UTC	PRJEB31726	18	32	public	9606.0
ERR3224484	AMPLICON	public	ERX3251936	Illumina MiSeq	ILLUMINA	ERS3229960	SAMEA5424672	Homo sapiens	ERP114316	2019-03-21 00:00:00 UTC	PRJEB31726	17	30	public	9606.0
ERR3224485	AMPLICON	public	ERX3251937	Illumina MiSeq	ILLUMINA	ERS3229949	SAMEA5424661	Homo sapiens	ERP114316	2019-03-21 00:00:00 UTC	PRJEB31726	22	37	public	9606.0
ERR3224486	AMPLICON	public	ERX3251938	Illumina MiSeq	ILLUMINA	ERS3229945	SAMEA5424657	Homo sapiens	ERP114316	2019-03-21 00:00:00 UTC	PRJEB31726	13	22	public	9606.0
ERR3224487	AMPLICON	public	ERX3251939	Illumina MiSeq	ILLUMINA	ERS3229952	SAMEA5424664	Homo sapiens	ERP114316	2019-03-21 00:00:00 UTC	PRJEB31726	26	42	public	9606.0
ERR3224488	AMPLICON	public	ERX3251940	Illumina MiSeq	ILLUMINA	ERS3229955	SAMEA5424667	Homo sapiens	ERP114316	2019-03-21 00:00:00 UTC	PRJEB31726	13	24	public	9606.0
ERR3224489	AMPLICON	public	ERX3251941	Illumina MiSeq	ILLUMINA	ERS3229958	SAMEA5424670	Homo sapiens	ERP114316	2019-03-21 00:00:00 UTC	PRJEB31726	14	24	public	9606.0
ERR3224490	AMPLICON	public	ERX3251942	Illumina MiSeq	ILLUMINA	ERS3229962	SAMEA5424674	Homo sapiens	ERP114316	2019-03-21 00:00:00 UTC	PRJEB31726	22	38	public	9606.0
ERR3224491	AMPLICON	public	ERX3251943	Illumina MiSeq	ILLUMINA	ERS3229938	SAMEA5424650	Homo sapiens	ERP114316	2019-03-21 00:00:00 UTC	PRJEB31726	15	27	public	9606.0
ERR3224492	AMPLICON	public	ERX3251944	Illumina MiSeq	ILLUMINA	ERS3229941	SAMEA5424653	Homo sapiens	ERP114316	2019-03-21 00:00:00 UTC	PRJEB31726	10	17	public	9606.0
ERR3224493	AMPLICON	public	ERX3251945	Illumina MiSeq	ILLUMINA	ERS3229939	SAMEA5424651	Homo sapiens	ERP114316	2019-03-21 00:00:00 UTC	PRJEB31726	21	35	public	9606.0
ERR3224494	AMPLICON	public	ERX3251946	Illumina MiSeq	ILLUMINA	ERS3229954	SAMEA5424666	Homo sapiens	ERP114316	2019-03-21 00:00:00 UTC	PRJEB31726	24	42	public	9606.0
ERR3224495	AMPLICON	public	ERX3251947	Illumina MiSeq	ILLUMINA	ERS3229950	SAMEA5424662	Homo sapiens	ERP114316	2019-03-21 00:00:00 UTC	PRJEB31726	24	41	public	9606.0
ERR3224496	AMPLICON	public	ERX3251948	Illumina MiSeq	ILLUMINA	ERS3229953	SAMEA5424665	Homo sapiens	ERP114316	2019-03-21 00:00:00 UTC	PRJEB31726	15	27	public	9606.0
ERR3224497	AMPLICON	public	ERX3251949	Illumina MiSeq	ILLUMINA	ERS3229946	SAMEA5424658	Homo sapiens	ERP114316	2019-03-21 00:00:00 UTC	PRJEB31726	24	42	public	9606.0
ERR3224498	AMPLICON	public	ERX3251950	Illumina MiSeq	ILLUMINA	ERS3229959	SAMEA5424671	Homo sapiens	ERP114316	2019-03-21 00:00:00 UTC	PRJEB31726	22	40	public	9606.0
ERR3224499	AMPLICON	public	ERX3251951	Illumina MiSeq	ILLUMINA	ERS3229964	SAMEA5424676	Homo sapiens	ERP114316	2019-03-21 00:00:00 UTC	PRJEB31726	10	17	public	9606.0
ERR3224500	AMPLICON	public	ERX3251952	Illumina MiSeq	ILLUMINA	ERS3229965	SAMEA5424677	Homo sapiens	ERP114316	2019-03-21 00:00:00 UTC	PRJEB31726	16	28	public	9606.0
ERR3224501	AMPLICON	public	ERX3251953	Illumina MiSeq	ILLUMINA	ERS3229963	SAMEA5424675	Homo sapiens	ERP114316	2019-03-21 00:00:00 UTC	PRJEB31726	16	27	public	9606.0
ERR3224502	AMPLICON	public	ERX3251954	Illumina MiSeq	ILLUMINA	ERS3229942	SAMEA5424654	Homo sapiens	ERP114316	2019-03-21 00:00:00 UTC	PRJEB31726	16	28	public	9606.0
ERR3224503	AMPLICON	public	ERX3251955	Illumina MiSeq	ILLUMINA	ERS3229951	SAMEA5424663	Homo sapiens	ERP114316	2019-03-21 00:00:00 UTC	PRJEB31726	33	53	public	9606.0
ERR3224504	AMPLICON	public	ERX3251956	Illumina MiSeq	ILLUMINA	ERS3229944	SAMEA5424656	Homo sapiens	ERP114316	2019-03-21 00:00:00 UTC	PRJEB31726	17	29	public	9606.0
ERR3224505	AMPLICON	public	ERX3251957	Illumina MiSeq	ILLUMINA	ERS3229947	SAMEA5424659	Homo sapiens	ERP114316	2019-03-21 00:00:00 UTC	PRJEB31726	14	23	public	9606.0
ERR3224506	AMPLICON	public	ERX3251958	Illumina MiSeq	ILLUMINA	ERS3229957	SAMEA5424669	Homo sapiens	ERP114316	2019-03-21 00:00:00 UTC	PRJEB31726	18	31	public	9606.0
ERR3224507	AMPLICON	public	ERX3251959	Illumina MiSeq	ILLUMINA	ERS3229966	SAMEA5424678	Homo sapiens	ERP114316	2019-03-21 00:00:00 UTC	PRJEB31726	10	18	public	9606.0
ERR3224508	AMPLICON	public	ERX3251960	Illumina MiSeq	ILLUMINA	ERS3229968	SAMEA5424680	Homo sapiens	ERP114316	2019-03-21 00:00:00 UTC	PRJEB31726	79	127	public	9606.0
ERR3224509	AMPLICON	public	ERX3251961	Illumina MiSeq	ILLUMINA	ERS3229967	SAMEA5424679	Homo sapiens	ERP114316	2019-03-21 00:00:00 UTC	PRJEB31726	13	24	public	9606.0
ERR3224510	AMPLICON	public	ERX3251962	Illumina MiSeq	ILLUMINA	ERS3229969	SAMEA5424681	Homo sapiens	ERP114316	2019-03-21 00:00:00 UTC	PRJEB31726	19	35	public	9606.0
ERR3224511	AMPLICON	public	ERX3251963	Illumina MiSeq	ILLUMINA	ERS3229970	SAMEA5424682	Homo sapiens	ERP114316	2019-03-21 00:00:00 UTC	PRJEB31726	85	138	public	9606.0
ERR3224512	AMPLICON	public	ERX3251964	Illumina MiSeq	ILLUMINA	ERS3229971	SAMEA5424683	Homo sapiens	ERP114316	2019-03-21 00:00:00 UTC	PRJEB31726	53	88	public	9606.0
ERR3224513	AMPLICON	public	ERX3251965	Illumina MiSeq	ILLUMINA	ERS3229972	SAMEA5424684	Homo sapiens	ERP114316	2019-03-21 00:00:00 UTC	PRJEB31726	16	28	public	9606.0
ERR3224514	AMPLICON	public	ERX3251966	Illumina MiSeq	ILLUMINA	ERS3229973	SAMEA5424685	Homo sapiens	ERP114316	2019-03-21 00:00:00 UTC	PRJEB31726	23	38	public	9606.0
ERR3224515	AMPLICON	public	ERX3251967	Illumina MiSeq	ILLUMINA	ERS3229974	SAMEA5424686	Homo sapiens	ERP114316	2019-03-21 00:00:00 UTC	PRJEB31726	12	21	public	9606.0
ERR3224516	AMPLICON	public	ERX3251968	Illumina MiSeq	ILLUMINA	ERS3229975	SAMEA5424687	Homo sapiens	ERP114316	2019-03-21 00:00:00 UTC	PRJEB31726	11	20	public	9606.0
ERR3224517	AMPLICON	public	ERX3251969	Illumina MiSeq	ILLUMINA	ERS3229976	SAMEA5424688	Homo sapiens	ERP114316	2019-03-21 00:00:00 UTC	PRJEB31726	14	22	public	9606.0
ERR3224518	AMPLICON	public	ERX3251970	Illumina MiSeq	ILLUMINA	ERS3229977	SAMEA5424689	Homo sapiens	ERP114316	2019-03-21 00:00:00 UTC	PRJEB31726	13	23	public	9606.0
ERR3224519	AMPLICON	public	ERX3251971	Illumina MiSeq	ILLUMINA	ERS3229978	SAMEA5424690	Homo sapiens	ERP114316	2019-03-21 00:00:00 UTC	PRJEB31726	16	28	public	9606.0
ERR3224520	AMPLICON	public	ERX3251972	Illumina MiSeq	ILLUMINA	ERS3229979	SAMEA5424691	Homo sapiens	ERP114316	2019-03-21 00:00:00 UTC	PRJEB31726	14	26	public	9606.0
ERR3224521	AMPLICON	public	ERX3251973	Illumina MiSeq	ILLUMINA	ERS3229980	SAMEA5424692	Homo sapiens	ERP114316	2019-03-21 00:00:00 UTC	PRJEB31726	11	19	public	9606.0
ERR3224522	AMPLICON	public	ERX3251974	Illumina MiSeq	ILLUMINA	ERS3229981	SAMEA5424693	Homo sapiens	ERP114316	2019-03-21 00:00:00 UTC	PRJEB31726	27	41	public	9606.0
ERR3224523	AMPLICON	public	ERX3251975	Illumina MiSeq	ILLUMINA	ERS3229982	SAMEA5424694	Homo sapiens	ERP114316	2019-03-21 00:00:00 UTC	PRJEB31726	23	37	public	9606.0
ERR3224524	AMPLICON	public	ERX3251976	Illumina MiSeq	ILLUMINA	ERS3229983	SAMEA5424695	Homo sapiens	ERP114316	2019-03-21 00:00:00 UTC	PRJEB31726	22	35	public	9606.0
ERR3224525	AMPLICON	public	ERX3251977	Illumina MiSeq	ILLUMINA	ERS3229984	SAMEA5424696	Homo sapiens	ERP114316	2019-03-21 00:00:00 UTC	PRJEB31726	10	18	public	9606.0
ERR3224526	AMPLICON	public	ERX3251978	Illumina MiSeq	ILLUMINA	ERS3229985	SAMEA5424697	Homo sapiens	ERP114316	2019-03-21 00:00:00 UTC	PRJEB31726	39	66	public	9606.0
ERR3224527	AMPLICON	public	ERX3251979	Illumina MiSeq	ILLUMINA	ERS3229986	SAMEA5424698	Homo sapiens	ERP114316	2019-03-21 00:00:00 UTC	PRJEB31726	10	18	public	9606.0
ERR3224528	AMPLICON	public	ERX3251980	Illumina MiSeq	ILLUMINA	ERS3229987	SAMEA5424699	Homo sapiens	ERP114316	2019-03-21 00:00:00 UTC	PRJEB31726	49	85	public	9606.0
ERR3224529	AMPLICON	public	ERX3251981	Illumina MiSeq	ILLUMINA	ERS3229988	SAMEA5424700	Homo sapiens	ERP114316	2019-03-21 00:00:00 UTC	PRJEB31726	19	33	public	9606.0
ERR3224530	AMPLICON	public	ERX3251982	Illumina MiSeq	ILLUMINA	ERS3229989	SAMEA5424701	Homo sapiens	ERP114316	2019-03-21 00:00:00 UTC	PRJEB31726	12	22	public	9606.0
ERR3224531	AMPLICON	public	ERX3251983	Illumina MiSeq	ILLUMINA	ERS3229990	SAMEA5424702	Homo sapiens	ERP114316	2019-03-21 00:00:00 UTC	PRJEB31726	31	56	public	9606.0
ERR3224532	AMPLICON	public	ERX3251984	Illumina MiSeq	ILLUMINA	ERS3229991	SAMEA5424703	Homo sapiens	ERP114316	2019-03-21 00:00:00 UTC	PRJEB31726	11	21	public	9606.0
ERR3224533	AMPLICON	public	ERX3251985	Illumina MiSeq	ILLUMINA	ERS3229992	SAMEA5424704	Homo sapiens	ERP114316	2019-03-21 00:00:00 UTC	PRJEB31726	18	33	public	9606.0
ERR3224534	AMPLICON	public	ERX3251986	Illumina MiSeq	ILLUMINA	ERS3229993	SAMEA5424705	Homo sapiens	ERP114316	2019-03-21 00:00:00 UTC	PRJEB31726	10	18	public	9606.0
ERR3224535	AMPLICON	public	ERX3251987	Illumina MiSeq	ILLUMINA	ERS3229994	SAMEA5424706	Homo sapiens	ERP114316	2019-03-21 00:00:00 UTC	PRJEB31726	10	17	public	9606.0
ERR3224536	AMPLICON	public	ERX3251988	Illumina MiSeq	ILLUMINA	ERS3229995	SAMEA5424707	Homo sapiens	ERP114316	2019-03-21 00:00:00 UTC	PRJEB31726	14	26	public	9606.0
ERR3224537	AMPLICON	public	ERX3251989	Illumina MiSeq	ILLUMINA	ERS3229996	SAMEA5424708	Homo sapiens	ERP114316	2019-03-21 00:00:00 UTC	PRJEB31726	22	37	public	9606.0
ERR3224538	AMPLICON	public	ERX3251990	Illumina MiSeq	ILLUMINA	ERS3229997	SAMEA5424709	Homo sapiens	ERP114316	2019-03-21 00:00:00 UTC	PRJEB31726	17	27	public	9606.0
ERR3224539	AMPLICON	public	ERX3251991	Illumina MiSeq	ILLUMINA	ERS3229998	SAMEA5424710	Homo sapiens	ERP114316	2019-03-21 00:00:00 UTC	PRJEB31726	15	25	public	9606.0
ERR3224540	AMPLICON	public	ERX3251992	Illumina MiSeq	ILLUMINA	ERS3229999	SAMEA5424711	Homo sapiens	ERP114316	2019-03-21 00:00:00 UTC	PRJEB31726	16	26	public	9606.0
ERR3224541	AMPLICON	public	ERX3251993	Illumina MiSeq	ILLUMINA	ERS3230000	SAMEA5424712	Homo sapiens	ERP114316	2019-03-21 00:00:00 UTC	PRJEB31726	29	44	public	9606.0
ERR3224542	AMPLICON	public	ERX3251994	Illumina MiSeq	ILLUMINA	ERS3230001	SAMEA5424713	Homo sapiens	ERP114316	2019-03-21 00:00:00 UTC	PRJEB31726	15	24	public	9606.0
ERR3224543	AMPLICON	public	ERX3251995	Illumina MiSeq	ILLUMINA	ERS3230002	SAMEA5424714	Homo sapiens	ERP114316	2019-03-21 00:00:00 UTC	PRJEB31726	103	165	public	9606.0
ERR3224544	AMPLICON	public	ERX3251996	Illumina MiSeq	ILLUMINA	ERS3230003	SAMEA5424715	Homo sapiens	ERP114316	2019-03-21 00:00:00 UTC	PRJEB31726	15	22	public	9606.0
ERR3224545	AMPLICON	public	ERX3251997	Illumina MiSeq	ILLUMINA	ERS3230004	SAMEA5424716	Homo sapiens	ERP114316	2019-03-21 00:00:00 UTC	PRJEB31726	24	38	public	9606.0
ERR3224546	AMPLICON	public	ERX3251998	Illumina MiSeq	ILLUMINA	ERS3230005	SAMEA5424717	Homo sapiens	ERP114316	2019-03-21 00:00:00 UTC	PRJEB31726	21	31	public	9606.0
ERR3224547	AMPLICON	public	ERX3251999	Illumina MiSeq	ILLUMINA	ERS3230006	SAMEA5424718	Homo sapiens	ERP114316	2019-03-21 00:00:00 UTC	PRJEB31726	12	22	public	9606.0
ERR3224548	AMPLICON	public	ERX3252000	Illumina MiSeq	ILLUMINA	ERS3230007	SAMEA5424719	Homo sapiens	ERP114316	2019-03-21 00:00:00 UTC	PRJEB31726	8	12	public	9606.0
ERR3224549	AMPLICON	public	ERX3252001	Illumina MiSeq	ILLUMINA	ERS3230008	SAMEA5424720	Homo sapiens	ERP114316	2019-03-21 00:00:00 UTC	PRJEB31726	18	28	public	9606.0
ERR3224550	AMPLICON	public	ERX3252002	Illumina MiSeq	ILLUMINA	ERS3230009	SAMEA5424721	Homo sapiens	ERP114316	2019-03-21 00:00:00 UTC	PRJEB31726	18	28	public	9606.0
ERR3224551	AMPLICON	public	ERX3252003	Illumina MiSeq	ILLUMINA	ERS3230010	SAMEA5424722	Homo sapiens	ERP114316	2019-03-21 00:00:00 UTC	PRJEB31726	16	26	public	9606.0
ERR3224552	AMPLICON	public	ERX3252004	Illumina MiSeq	ILLUMINA	ERS3230011	SAMEA5424723	Homo sapiens	ERP114316	2019-03-21 00:00:00 UTC	PRJEB31726	16	26	public	9606.0
ERR3224553	AMPLICON	public	ERX3252005	Illumina MiSeq	ILLUMINA	ERS3230012	SAMEA5424724	Homo sapiens	ERP114316	2019-03-21 00:00:00 UTC	PRJEB31726	19	29	public	9606.0
ERR3224554	AMPLICON	public	ERX3252006	Illumina MiSeq	ILLUMINA	ERS3230013	SAMEA5424725	Homo sapiens	ERP114316	2019-03-21 00:00:00 UTC	PRJEB31726	40	59	public	9606.0
ERR3224555	AMPLICON	public	ERX3252007	Illumina MiSeq	ILLUMINA	ERS3230014	SAMEA5424726	Homo sapiens	ERP114316	2019-03-21 00:00:00 UTC	PRJEB31726	17	27	public	9606.0
ERR3224556	AMPLICON	public	ERX3252008	Illumina MiSeq	ILLUMINA	ERS3230015	SAMEA5424727	Homo sapiens	ERP114316	2019-03-21 00:00:00 UTC	PRJEB31726	15	25	public	9606.0
ERR3224557	AMPLICON	public	ERX3252009	Illumina MiSeq	ILLUMINA	ERS3230016	SAMEA5424728	Homo sapiens	ERP114316	2019-03-21 00:00:00 UTC	PRJEB31726	13	19	public	9606.0
ERR3224558	AMPLICON	public	ERX3252010	Illumina MiSeq	ILLUMINA	ERS3230017	SAMEA5424729	Homo sapiens	ERP114316	2019-03-21 00:00:00 UTC	PRJEB31726	20	29	public	9606.0
ERR3224559	AMPLICON	public	ERX3252011	Illumina MiSeq	ILLUMINA	ERS3230018	SAMEA5424730	Homo sapiens	ERP114316	2019-03-21 00:00:00 UTC	PRJEB31726	13	22	public	9606.0
ERR3224560	AMPLICON	public	ERX3252012	Illumina MiSeq	ILLUMINA	ERS3230019	SAMEA5424731	Homo sapiens	ERP114316	2019-03-21 00:00:00 UTC	PRJEB31726	22	33	public	9606.0
ERR3224561	AMPLICON	public	ERX3252013	Illumina MiSeq	ILLUMINA	ERS3230020	SAMEA5424732	Homo sapiens	ERP114316	2019-03-21 00:00:00 UTC	PRJEB31726	15	23	public	9606.0
ERR3224562	AMPLICON	public	ERX3252014	Illumina MiSeq	ILLUMINA	ERS3230021	SAMEA5424733	Homo sapiens	ERP114316	2019-03-21 00:00:00 UTC	PRJEB31726	13	23	public	9606.0
ERR3224563	AMPLICON	public	ERX3252015	Illumina MiSeq	ILLUMINA	ERS3230022	SAMEA5424734	Homo sapiens	ERP114316	2019-03-21 00:00:00 UTC	PRJEB31726	16	27	public	9606.0
ERR3224564	AMPLICON	public	ERX3252016	Illumina MiSeq	ILLUMINA	ERS3230023	SAMEA5424735	Homo sapiens	ERP114316	2019-03-21 00:00:00 UTC	PRJEB31726	14	24	public	9606.0
ERR3224565	AMPLICON	public	ERX3252017	Illumina MiSeq	ILLUMINA	ERS3230024	SAMEA5424736	Homo sapiens	ERP114316	2019-03-21 00:00:00 UTC	PRJEB31726	24	41	public	9606.0
ERR3224566	AMPLICON	public	ERX3252018	Illumina MiSeq	ILLUMINA	ERS3230025	SAMEA5424737	Homo sapiens	ERP114316	2019-03-21 00:00:00 UTC	PRJEB31726	25	42	public	9606.0
ERR3299735	RNA-Seq	public	ERX3326012	Illumina HiSeq 4000	ILLUMINA	ERS3388617	SAMEA5584392	Homo sapiens	ERP115027	2019-05-12 00:00:00 UTC	PRJEB32351	800	3045	public	9606.0
ERR3299738	RNA-Seq	public	ERX3326015	Illumina HiSeq 4000	ILLUMINA	ERS3388620	SAMEA5584395	Homo sapiens	ERP115027	2019-05-12 00:00:00 UTC	PRJEB32351	963	3778	public	9606.0
ERR3299740	RNA-Seq	public	ERX3326017	Illumina HiSeq 4000	ILLUMINA	ERS3388622	SAMEA5584397	Homo sapiens	ERP115027	2019-05-12 00:00:00 UTC	PRJEB32351	1001	3976	public	9606.0
ERR3299743	RNA-Seq	public	ERX3326020	Illumina HiSeq 4000	ILLUMINA	ERS3388625	SAMEA5584400	Homo sapiens	ERP115027	2019-05-12 00:00:00 UTC	PRJEB32351	694	2575	public	9606.0
ERR3895411	RNA-Seq	public	ERX3905471	NextSeq 500	ILLUMINA	ERS4299266	SAMEA6534875	Xenopus tropicalis	ERP119944	2020-02-28 00:00:00 UTC	PRJEB36722	1895	4824	public	8364.0
ERR3895412	RNA-Seq	public	ERX3905472	NextSeq 500	ILLUMINA	ERS4299267	SAMEA6534876	Xenopus tropicalis	ERP119944	2020-02-28 00:00:00 UTC	PRJEB36722	1890	4807	public	8364.0
ERR3895413	RNA-Seq	public	ERX3905473	NextSeq 500	ILLUMINA	ERS4299268	SAMEA6534877	Xenopus tropicalis	ERP119944	2020-02-28 00:00:00 UTC	PRJEB36722	1603	3998	public	8364.0
ERR3895414	RNA-Seq	public	ERX3905474	NextSeq 500	ILLUMINA	ERS4299269	SAMEA6534878	Xenopus tropicalis	ERP119944	2020-02-28 00:00:00 UTC	PRJEB36722	2129	5392	public	8364.0
ERR3895415	RNA-Seq	public	ERX3905475	NextSeq 500	ILLUMINA	ERS4299270	SAMEA6534879	Xenopus tropicalis	ERP119944	2020-02-28 00:00:00 UTC	PRJEB36722	1832	4654	public	8364.0
ERR3895416	RNA-Seq	public	ERX3905476	NextSeq 500	ILLUMINA	ERS4299271	SAMEA6534880	Xenopus tropicalis	ERP119944	2020-02-28 00:00:00 UTC	PRJEB36722	2102	5307	public	8364.0
ERR3895417	RNA-Seq	public	ERX3905477	NextSeq 500	ILLUMINA	ERS4299272	SAMEA6534881	Xenopus tropicalis	ERP119944	2020-02-28 00:00:00 UTC	PRJEB36722	2095	5318	public	8364.0
ERR3895418	RNA-Seq	public	ERX3905478	NextSeq 500	ILLUMINA	ERS4299273	SAMEA6534882	Xenopus tropicalis	ERP119944	2020-02-28 00:00:00 UTC	PRJEB36722	1942	4940	public	8364.0
ERR3895419	RNA-Seq	public	ERX3905479	NextSeq 500	ILLUMINA	ERS4299274	SAMEA6534883	Xenopus tropicalis	ERP119944	2020-02-28 00:00:00 UTC	PRJEB36722	1538	3899	public	8364.0
ERR5466840	ATAC-seq	public	ERX5248445	NextSeq 500	ILLUMINA	ERS5932156	SAMEA8245894	Heliconius erato demophoon	ERP127651	2021-04-12 00:00:00 UTC		830	2125	public	1608923.0
ERR5466841	ATAC-seq	public	ERX5248446	NextSeq 500	ILLUMINA	ERS5932157	SAMEA8245895	Heliconius erato demophoon	ERP127651	2021-04-12 00:00:00 UTC		1007	2452	public	1608923.0
ERR5466842	ATAC-seq	public	ERX5248447	NextSeq 500	ILLUMINA	ERS5932158	SAMEA8245896	Heliconius erato hydara	ERP127651	2021-04-12 00:00:00 UTC		668	1718	public	64529.0
ERR5466843	ATAC-seq	public	ERX5248448	NextSeq 500	ILLUMINA	ERS5932159	SAMEA8245897	Heliconius erato hydara	ERP127651	2021-04-12 00:00:00 UTC		420	1016	public	64529.0
ERR5466844	ATAC-seq	public	ERX5248449	NextSeq 500	ILLUMINA	ERS5932160	SAMEA8245898	Heliconius erato hydara	ERP127651	2021-04-12 00:00:00 UTC		917	2331	public	64529.0
ERR5466845	ATAC-seq	public	ERX5248450	NextSeq 500	ILLUMINA	ERS5932161	SAMEA8245899	Heliconius melpomene melpomene	ERP127651	2021-04-12 00:00:00 UTC		703	1738	public	171917.0
ERR5466846	ATAC-seq	public	ERX5248451	NextSeq 500	ILLUMINA	ERS5932162	SAMEA8245900	Heliconius melpomene melpomene	ERP127651	2021-04-12 00:00:00 UTC		139	297	public	171917.0
ERR5466847	ATAC-seq	public	ERX5248452	NextSeq 500	ILLUMINA	ERS5932163	SAMEA8245901	Heliconius melpomene melpomene	ERP127651	2021-04-12 00:00:00 UTC		789	1916	public	171917.0
ERR5466848	ATAC-seq	public	ERX5248453	NextSeq 500	ILLUMINA	ERS5932164	SAMEA8245902	Heliconius melpomene rosina	ERP127651	2021-04-12 00:00:00 UTC		1132	2820	public	171916.0
ERR5466849	ATAC-seq	public	ERX5248454	NextSeq 500	ILLUMINA	ERS5932165	SAMEA8245903	Heliconius melpomene rosina	ERP127651	2021-04-12 00:00:00 UTC		677	1697	public	171916.0
ERR5466850	ATAC-seq	public	ERX5248455	NextSeq 500	ILLUMINA	ERS5932166	SAMEA8245904	Heliconius melpomene rosina	ERP127651	2021-04-12 00:00:00 UTC		1102	2742	public	171916.0
ERR664090	AMPLICON	public	ERX620325	454 GS FLX	LS454	ERS573576	SAMEA3106326	rhizosphere metagenome	ERP008539	2015-08-12 00:00:00 UTC	PRJEB7617	34	14	public	939928.0
ERR664091	AMPLICON	public	ERX620326	454 GS FLX	LS454	ERS573484	SAMEA3106234	rhizosphere metagenome	ERP008539	2015-08-12 00:00:00 UTC	PRJEB7617	31	12	public	939928.0
ERR664092	AMPLICON	public	ERX620327	454 GS FLX	LS454	ERS573534	SAMEA3106284	rhizosphere metagenome	ERP008539	2015-08-12 00:00:00 UTC	PRJEB7617	12	5	public	939928.0
ERR664093	AMPLICON	public	ERX620328	454 GS FLX	LS454	ERS573488	SAMEA3106238	rhizosphere metagenome	ERP008539	2015-08-12 00:00:00 UTC	PRJEB7617	28	11	public	939928.0
ERR664094	AMPLICON	public	ERX620329	454 GS FLX	LS454	ERS573535	SAMEA3106285	rhizosphere metagenome	ERP008539	2015-08-12 00:00:00 UTC	PRJEB7617	10	4	public	939928.0
ERR664095	AMPLICON	public	ERX620330	454 GS FLX	LS454	ERS573485	SAMEA3106235	rhizosphere metagenome	ERP008539	2015-08-12 00:00:00 UTC	PRJEB7617	16	6	public	939928.0
ERR664096	AMPLICON	public	ERX620331	454 GS FLX	LS454	ERS573511	SAMEA3106261	rhizosphere metagenome	ERP008539	2015-08-12 00:00:00 UTC	PRJEB7617	12	4	public	939928.0
ERR664097	AMPLICON	public	ERX620332	454 GS FLX	LS454	ERS573542	SAMEA3106292	rhizosphere metagenome	ERP008539	2015-08-12 00:00:00 UTC	PRJEB7617	11	4	public	939928.0
ERR664098	AMPLICON	public	ERX620333	454 GS FLX	LS454	ERS573480	SAMEA3106230	rhizosphere metagenome	ERP008539	2015-08-12 00:00:00 UTC	PRJEB7617	7	3	public	939928.0
ERR664099	AMPLICON	public	ERX620334	454 GS FLX	LS454	ERS573562	SAMEA3106312	rhizosphere metagenome	ERP008539	2015-08-12 00:00:00 UTC	PRJEB7617	10	4	public	939928.0
ERR664100	AMPLICON	public	ERX620335	454 GS FLX	LS454	ERS573589	SAMEA3106339	rhizosphere metagenome	ERP008539	2015-08-12 00:00:00 UTC	PRJEB7617	16	6	public	939928.0
ERR664101	AMPLICON	public	ERX620336	454 GS FLX	LS454	ERS573512	SAMEA3106262	rhizosphere metagenome	ERP008539	2015-08-12 00:00:00 UTC	PRJEB7617	11	4	public	939928.0
ERR664102	AMPLICON	public	ERX620337	454 GS FLX	LS454	ERS573533	SAMEA3106283	rhizosphere metagenome	ERP008539	2015-08-12 00:00:00 UTC	PRJEB7617	11	4	public	939928.0
ERR664103	AMPLICON	public	ERX620338	454 GS FLX	LS454	ERS573612	SAMEA3106362	rhizosphere metagenome	ERP008539	2015-08-12 00:00:00 UTC	PRJEB7617	11	5	public	939928.0
ERR664104	AMPLICON	public	ERX620339	454 GS FLX	LS454	ERS573539	SAMEA3106289	rhizosphere metagenome	ERP008539	2015-08-12 00:00:00 UTC	PRJEB7617	12	5	public	939928.0
ERR664105	AMPLICON	public	ERX620340	454 GS FLX	LS454	ERS573559	SAMEA3106309	rhizosphere metagenome	ERP008539	2015-08-12 00:00:00 UTC	PRJEB7617	13	5	public	939928.0
ERR664106	AMPLICON	public	ERX620341	454 GS FLX	LS454	ERS573588	SAMEA3106338	rhizosphere metagenome	ERP008539	2015-08-12 00:00:00 UTC	PRJEB7617	15	6	public	939928.0
ERR664107	AMPLICON	public	ERX620342	454 GS FLX	LS454	ERS573582	SAMEA3106332	rhizosphere metagenome	ERP008539	2015-08-12 00:00:00 UTC	PRJEB7617	10	4	public	939928.0
ERR664108	AMPLICON	public	ERX620343	454 GS FLX	LS454	ERS573481	SAMEA3106231	rhizosphere metagenome	ERP008539	2015-08-12 00:00:00 UTC	PRJEB7617	12	4	public	939928.0
ERR664109	AMPLICON	public	ERX620344	454 GS FLX	LS454	ERS573567	SAMEA3106317	rhizosphere metagenome	ERP008539	2015-08-12 00:00:00 UTC	PRJEB7617	14	6	public	939928.0
ERR664110	AMPLICON	public	ERX620345	454 GS FLX	LS454	ERS573546	SAMEA3106296	rhizosphere metagenome	ERP008539	2015-08-12 00:00:00 UTC	PRJEB7617	29	13	public	939928.0
ERR664111	AMPLICON	public	ERX620346	454 GS FLX	LS454	ERS573526	SAMEA3106276	rhizosphere metagenome	ERP008539	2015-08-12 00:00:00 UTC	PRJEB7617	42	16	public	939928.0
ERR664112	AMPLICON	public	ERX620347	454 GS FLX	LS454	ERS573513	SAMEA3106263	rhizosphere metagenome	ERP008539	2015-08-12 00:00:00 UTC	PRJEB7617	21	8	public	939928.0
ERR664113	AMPLICON	public	ERX620348	454 GS FLX	LS454	ERS573573	SAMEA3106323	rhizosphere metagenome	ERP008539	2015-08-12 00:00:00 UTC	PRJEB7617	9	3	public	939928.0
ERR664114	AMPLICON	public	ERX620349	454 GS FLX	LS454	ERS573493	SAMEA3106243	rhizosphere metagenome	ERP008539	2015-08-12 00:00:00 UTC	PRJEB7617	14	5	public	939928.0
ERR664115	AMPLICON	public	ERX620350	454 GS FLX	LS454	ERS573518	SAMEA3106268	rhizosphere metagenome	ERP008539	2015-08-12 00:00:00 UTC	PRJEB7617	8	3	public	939928.0
ERR664116	AMPLICON	public	ERX620351	454 GS FLX	LS454	ERS573482	SAMEA3106232	rhizosphere metagenome	ERP008539	2015-08-12 00:00:00 UTC	PRJEB7617	19	8	public	939928.0
ERR664117	AMPLICON	public	ERX620352	454 GS FLX	LS454	ERS573595	SAMEA3106345	rhizosphere metagenome	ERP008539	2015-08-12 00:00:00 UTC	PRJEB7617	19	8	public	939928.0
ERR664118	AMPLICON	public	ERX620353	454 GS FLX	LS454	ERS573501	SAMEA3106251	rhizosphere metagenome	ERP008539	2015-08-12 00:00:00 UTC	PRJEB7617	10	4	public	939928.0
ERR664119	AMPLICON	public	ERX620354	454 GS FLX	LS454	ERS573563	SAMEA3106313	rhizosphere metagenome	ERP008539	2015-08-12 00:00:00 UTC	PRJEB7617	23	10	public	939928.0
ERR664120	AMPLICON	public	ERX620355	454 GS FLX	LS454	ERS573540	SAMEA3106290	rhizosphere metagenome	ERP008539	2015-08-12 00:00:00 UTC	PRJEB7617	12	5	public	939928.0
ERR664121	AMPLICON	public	ERX620356	454 GS FLX	LS454	ERS573591	SAMEA3106341	rhizosphere metagenome	ERP008539	2015-08-12 00:00:00 UTC	PRJEB7617	32	13	public	939928.0
ERR664122	AMPLICON	public	ERX620357	454 GS FLX	LS454	ERS573521	SAMEA3106271	rhizosphere metagenome	ERP008539	2015-08-12 00:00:00 UTC	PRJEB7617	9	3	public	939928.0
ERR664123	AMPLICON	public	ERX620358	454 GS FLX	LS454	ERS573486	SAMEA3106236	soil metagenome	ERP008539	2015-08-12 00:00:00 UTC	PRJEB7617	7	2	public	410658.0
ERR664124	AMPLICON	public	ERX620359	454 GS FLX	LS454	ERS573584	SAMEA3106334	soil metagenome	ERP008539	2015-08-12 00:00:00 UTC	PRJEB7617	10	4	public	410658.0
ERR664125	AMPLICON	public	ERX620360	454 GS FLX	LS454	ERS573522	SAMEA3106272	soil metagenome	ERP008539	2015-08-12 00:00:00 UTC	PRJEB7617	8	3	public	410658.0
ERR664126	AMPLICON	public	ERX620361	454 GS FLX	LS454	ERS573606	SAMEA3106356	soil metagenome	ERP008539	2015-08-12 00:00:00 UTC	PRJEB7617	7	2	public	410658.0
ERR664127	AMPLICON	public	ERX620362	454 GS FLX	LS454	ERS573487	SAMEA3106237	soil metagenome	ERP008539	2015-08-12 00:00:00 UTC	PRJEB7617	15	6	public	410658.0
ERR664128	AMPLICON	public	ERX620363	454 GS FLX	LS454	ERS573585	SAMEA3106335	soil metagenome	ERP008539	2015-08-12 00:00:00 UTC	PRJEB7617	11	4	public	410658.0
ERR664129	AMPLICON	public	ERX620364	454 GS FLX	LS454	ERS573549	SAMEA3106299	soil metagenome	ERP008539	2015-08-12 00:00:00 UTC	PRJEB7617	12	4	public	410658.0
ERR664130	AMPLICON	public	ERX620365	454 GS FLX	LS454	ERS573597	SAMEA3106347	soil metagenome	ERP008539	2015-08-12 00:00:00 UTC	PRJEB7617	8	3	public	410658.0
ERR664131	AMPLICON	public	ERX620366	454 GS FLX	LS454	ERS573613	SAMEA3106363	soil metagenome	ERP008539	2015-08-12 00:00:00 UTC	PRJEB7617	6	2	public	410658.0
ERR664132	AMPLICON	public	ERX620367	454 GS FLX	LS454	ERS573554	SAMEA3106304	soil metagenome	ERP008539	2015-08-12 00:00:00 UTC	PRJEB7617	7	3	public	410658.0
ERR664133	AMPLICON	public	ERX620368	454 GS FLX	LS454	ERS573551	SAMEA3106301	soil metagenome	ERP008539	2015-08-12 00:00:00 UTC	PRJEB7617	7	2	public	410658.0
ERR664134	AMPLICON	public	ERX620369	454 GS FLX	LS454	ERS573607	SAMEA3106357	soil metagenome	ERP008539	2015-08-12 00:00:00 UTC	PRJEB7617	23	9	public	410658.0
ERR664135	AMPLICON	public	ERX620370	454 GS FLX	LS454	ERS573557	SAMEA3106307	soil metagenome	ERP008539	2015-08-12 00:00:00 UTC	PRJEB7617	10	4	public	410658.0
ERR664136	AMPLICON	public	ERX620371	454 GS FLX	LS454	ERS573568	SAMEA3106318	soil metagenome	ERP008539	2015-08-12 00:00:00 UTC	PRJEB7617	8	3	public	410658.0
ERR664137	AMPLICON	public	ERX620372	454 GS FLX	LS454	ERS573489	SAMEA3106239	soil metagenome	ERP008539	2015-08-12 00:00:00 UTC	PRJEB7617	14	6	public	410658.0
ERR664138	AMPLICON	public	ERX620373	454 GS FLX	LS454	ERS573594	SAMEA3106344	soil metagenome	ERP008539	2015-08-12 00:00:00 UTC	PRJEB7617	12	4	public	410658.0
ERR664139	AMPLICON	public	ERX620374	454 GS FLX	LS454	ERS573544	SAMEA3106294	soil metagenome	ERP008539	2015-08-12 00:00:00 UTC	PRJEB7617	14	5	public	410658.0
ERR664140	AMPLICON	public	ERX620375	454 GS FLX	LS454	ERS573577	SAMEA3106327	soil metagenome	ERP008539	2015-08-12 00:00:00 UTC	PRJEB7617	27	10	public	410658.0
ERR664141	AMPLICON	public	ERX620376	454 GS FLX	LS454	ERS573499	SAMEA3106249	soil metagenome	ERP008539	2015-08-12 00:00:00 UTC	PRJEB7617	11	4	public	410658.0
ERR664142	AMPLICON	public	ERX620377	454 GS FLX	LS454	ERS573514	SAMEA3106264	soil metagenome	ERP008539	2015-08-12 00:00:00 UTC	PRJEB7617	9	3	public	410658.0
ERR664143	AMPLICON	public	ERX620378	454 GS FLX	LS454	ERS573579	SAMEA3106329	soil metagenome	ERP008539	2015-08-12 00:00:00 UTC	PRJEB7617	12	5	public	410658.0
ERR664144	AMPLICON	public	ERX620379	454 GS FLX	LS454	ERS573602	SAMEA3106352	soil metagenome	ERP008539	2015-08-12 00:00:00 UTC	PRJEB7617	9	3	public	410658.0
ERR664145	AMPLICON	public	ERX620380	454 GS FLX	LS454	ERS573565	SAMEA3106315	soil metagenome	ERP008539	2015-08-12 00:00:00 UTC	PRJEB7617	6	2	public	410658.0
ERR664146	AMPLICON	public	ERX620381	454 GS FLX	LS454	ERS573587	SAMEA3106337	soil metagenome	ERP008539	2015-08-12 00:00:00 UTC	PRJEB7617	8	3	public	410658.0
ERR664147	AMPLICON	public	ERX620382	454 GS FLX	LS454	ERS573502	SAMEA3106252	soil metagenome	ERP008539	2015-08-12 00:00:00 UTC	PRJEB7617	16	6	public	410658.0
ERR664148	AMPLICON	public	ERX620383	454 GS FLX	LS454	ERS573569	SAMEA3106319	soil metagenome	ERP008539	2015-08-12 00:00:00 UTC	PRJEB7617	9	3	public	410658.0
ERR664149	AMPLICON	public	ERX620384	454 GS FLX	LS454	ERS573599	SAMEA3106349	soil metagenome	ERP008539	2015-08-12 00:00:00 UTC	PRJEB7617	7	2	public	410658.0
ERR664150	AMPLICON	public	ERX620385	454 GS FLX	LS454	ERS573536	SAMEA3106286	soil metagenome	ERP008539	2015-08-12 00:00:00 UTC	PRJEB7617	22	8	public	410658.0
ERR664151	AMPLICON	public	ERX620386	454 GS FLX	LS454	ERS573605	SAMEA3106355	soil metagenome	ERP008539	2015-08-12 00:00:00 UTC	PRJEB7617	9	3	public	410658.0
ERR664152	AMPLICON	public	ERX620387	454 GS FLX	LS454	ERS573507	SAMEA3106257	soil metagenome	ERP008539	2015-08-12 00:00:00 UTC	PRJEB7617	11	4	public	410658.0
ERR664153	AMPLICON	public	ERX620388	454 GS FLX	LS454	ERS573574	SAMEA3106324	soil metagenome	ERP008539	2015-08-12 00:00:00 UTC	PRJEB7617	10	4	public	410658.0
ERR664154	AMPLICON	public	ERX620389	454 GS FLX	LS454	ERS573550	SAMEA3106300	soil metagenome	ERP008539	2015-08-12 00:00:00 UTC	PRJEB7617	8	3	public	410658.0
ERR664155	AMPLICON	public	ERX620390	454 GS FLX	LS454	ERS573495	SAMEA3106245	soil metagenome	ERP008539	2015-08-12 00:00:00 UTC	PRJEB7617	6	2	public	410658.0
ERR664156	AMPLICON	public	ERX620391	454 GS FLX	LS454	ERS573503	SAMEA3106253	soil metagenome	ERP008539	2015-08-12 00:00:00 UTC	PRJEB7617	9	3	public	410658.0
ERR664157	AMPLICON	public	ERX620392	454 GS FLX	LS454	ERS573558	SAMEA3106308	soil metagenome	ERP008539	2015-08-12 00:00:00 UTC	PRJEB7617	18	7	public	410658.0
ERR664158	AMPLICON	public	ERX620393	454 GS FLX	LS454	ERS573529	SAMEA3106279	rhizosphere metagenome	ERP008539	2015-08-12 00:00:00 UTC	PRJEB7617	30	12	public	939928.0
ERR664159	AMPLICON	public	ERX620394	454 GS FLX	LS454	ERS573611	SAMEA3106361	rhizosphere metagenome	ERP008539	2015-08-12 00:00:00 UTC	PRJEB7617	17	7	public	939928.0
ERR664160	AMPLICON	public	ERX620395	454 GS FLX	LS454	ERS573520	SAMEA3106270	rhizosphere metagenome	ERP008539	2015-08-12 00:00:00 UTC	PRJEB7617	12	5	public	939928.0
ERR664161	AMPLICON	public	ERX620396	454 GS FLX	LS454	ERS573497	SAMEA3106247	rhizosphere metagenome	ERP008539	2015-08-12 00:00:00 UTC	PRJEB7617	22	9	public	939928.0
ERR664162	AMPLICON	public	ERX620397	454 GS FLX	LS454	ERS573581	SAMEA3106331	rhizosphere metagenome	ERP008539	2015-08-12 00:00:00 UTC	PRJEB7617	13	5	public	939928.0
ERR664163	AMPLICON	public	ERX620398	454 GS FLX	LS454	ERS573600	SAMEA3106350	rhizosphere metagenome	ERP008539	2015-08-12 00:00:00 UTC	PRJEB7617	15	6	public	939928.0
ERR664164	AMPLICON	public	ERX620399	454 GS FLX	LS454	ERS573570	SAMEA3106320	rhizosphere metagenome	ERP008539	2015-08-12 00:00:00 UTC	PRJEB7617	14	5	public	939928.0
ERR664165	AMPLICON	public	ERX620400	454 GS FLX	LS454	ERS573510	SAMEA3106260	rhizosphere metagenome	ERP008539	2015-08-12 00:00:00 UTC	PRJEB7617	8	3	public	939928.0
ERR664166	AMPLICON	public	ERX620401	454 GS FLX	LS454	ERS573538	SAMEA3106288	rhizosphere metagenome	ERP008539	2015-08-12 00:00:00 UTC	PRJEB7617	9	4	public	939928.0
ERR664167	AMPLICON	public	ERX620402	454 GS FLX	LS454	ERS573601	SAMEA3106351	rhizosphere metagenome	ERP008539	2015-08-12 00:00:00 UTC	PRJEB7617	15	6	public	939928.0
ERR664168	AMPLICON	public	ERX620403	454 GS FLX	LS454	ERS573593	SAMEA3106343	rhizosphere metagenome	ERP008539	2015-08-12 00:00:00 UTC	PRJEB7617	11	4	public	939928.0
ERR664169	AMPLICON	public	ERX620404	454 GS FLX	LS454	ERS573504	SAMEA3106254	rhizosphere metagenome	ERP008539	2015-08-12 00:00:00 UTC	PRJEB7617	8	3	public	939928.0
ERR664170	AMPLICON	public	ERX620405	454 GS FLX	LS454	ERS573603	SAMEA3106353	rhizosphere metagenome	ERP008539	2015-08-12 00:00:00 UTC	PRJEB7617	10	4	public	939928.0
ERR664171	AMPLICON	public	ERX620406	454 GS FLX	LS454	ERS573541	SAMEA3106291	rhizosphere metagenome	ERP008539	2015-08-12 00:00:00 UTC	PRJEB7617	6	2	public	939928.0
ERR664172	AMPLICON	public	ERX620407	454 GS FLX	LS454	ERS573543	SAMEA3106293	rhizosphere metagenome	ERP008539	2015-08-12 00:00:00 UTC	PRJEB7617	10	4	public	939928.0
ERR664173	AMPLICON	public	ERX620408	454 GS FLX	LS454	ERS573492	SAMEA3106242	rhizosphere metagenome	ERP008539	2015-08-12 00:00:00 UTC	PRJEB7617	11	4	public	939928.0
ERR664174	AMPLICON	public	ERX620409	454 GS FLX	LS454	ERS573560	SAMEA3106310	rhizosphere metagenome	ERP008539	2015-08-12 00:00:00 UTC	PRJEB7617	11	4	public	939928.0
ERR664175	AMPLICON	public	ERX620410	454 GS FLX	LS454	ERS573496	SAMEA3106246	rhizosphere metagenome	ERP008539	2015-08-12 00:00:00 UTC	PRJEB7617	8	3	public	939928.0
ERR664176	AMPLICON	public	ERX620411	454 GS FLX	LS454	ERS573615	SAMEA3106365	rhizosphere metagenome	ERP008539	2015-08-12 00:00:00 UTC	PRJEB7617	10	3	public	939928.0
ERR664177	AMPLICON	public	ERX620412	454 GS FLX	LS454	ERS573516	SAMEA3106266	rhizosphere metagenome	ERP008539	2015-08-12 00:00:00 UTC	PRJEB7617	13	5	public	939928.0
ERR664178	AMPLICON	public	ERX620413	454 GS FLX	LS454	ERS573592	SAMEA3106342	rhizosphere metagenome	ERP008539	2015-08-12 00:00:00 UTC	PRJEB7617	32	13	public	939928.0
ERR664179	AMPLICON	public	ERX620414	454 GS FLX	LS454	ERS573575	SAMEA3106325	rhizosphere metagenome	ERP008539	2015-08-12 00:00:00 UTC	PRJEB7617	33	13	public	939928.0
ERR664180	AMPLICON	public	ERX620415	454 GS FLX	LS454	ERS573524	SAMEA3106274	rhizosphere metagenome	ERP008539	2015-08-12 00:00:00 UTC	PRJEB7617	24	10	public	939928.0
ERR664181	AMPLICON	public	ERX620416	454 GS FLX	LS454	ERS573614	SAMEA3106364	rhizosphere metagenome	ERP008539	2015-08-12 00:00:00 UTC	PRJEB7617	12	5	public	939928.0
ERR664182	AMPLICON	public	ERX620417	454 GS FLX	LS454	ERS573553	SAMEA3106303	rhizosphere metagenome	ERP008539	2015-08-12 00:00:00 UTC	PRJEB7617	14	6	public	939928.0
ERR664183	AMPLICON	public	ERX620418	454 GS FLX	LS454	ERS573617	SAMEA3106367	rhizosphere metagenome	ERP008539	2015-08-12 00:00:00 UTC	PRJEB7617	11	4	public	939928.0
ERR664184	AMPLICON	public	ERX620419	454 GS FLX	LS454	ERS573528	SAMEA3106278	rhizosphere metagenome	ERP008539	2015-08-12 00:00:00 UTC	PRJEB7617	17	6	public	939928.0
ERR664185	AMPLICON	public	ERX620420	454 GS FLX	LS454	ERS573586	SAMEA3106336	rhizosphere metagenome	ERP008539	2015-08-12 00:00:00 UTC	PRJEB7617	10	4	public	939928.0
ERR664186	AMPLICON	public	ERX620421	454 GS FLX	LS454	ERS573578	SAMEA3106328	rhizosphere metagenome	ERP008539	2015-08-12 00:00:00 UTC	PRJEB7617	7	3	public	939928.0
ERR664187	AMPLICON	public	ERX620422	454 GS FLX	LS454	ERS573498	SAMEA3106248	rhizosphere metagenome	ERP008539	2015-08-12 00:00:00 UTC	PRJEB7617	17	7	public	939928.0
ERR664188	AMPLICON	public	ERX620423	454 GS FLX	LS454	ERS573545	SAMEA3106295	rhizosphere metagenome	ERP008539	2015-08-12 00:00:00 UTC	PRJEB7617	13	5	public	939928.0
ERR664189	AMPLICON	public	ERX620424	454 GS FLX	LS454	ERS573598	SAMEA3106348	rhizosphere metagenome	ERP008539	2015-08-12 00:00:00 UTC	PRJEB7617	23	9	public	939928.0
ERR664190	AMPLICON	public	ERX620425	454 GS FLX	LS454	ERS573530	SAMEA3106280	rhizosphere metagenome	ERP008539	2015-08-12 00:00:00 UTC	PRJEB7617	6	2	public	939928.0
ERR664191	AMPLICON	public	ERX620426	454 GS FLX	LS454	ERS573561	SAMEA3106311	rhizosphere metagenome	ERP008539	2015-08-12 00:00:00 UTC	PRJEB7617	9	4	public	939928.0
ERR664192	AMPLICON	public	ERX620427	454 GS FLX	LS454	ERS573556	SAMEA3106306	rhizosphere metagenome	ERP008539	2015-08-12 00:00:00 UTC	PRJEB7617	8	3	public	939928.0
ERR664193	AMPLICON	public	ERX620428	454 GS FLX	LS454	ERS573532	SAMEA3106282	soil metagenome	ERP008539	2015-08-12 00:00:00 UTC	PRJEB7617	17	6	public	410658.0
ERR664194	AMPLICON	public	ERX620429	454 GS FLX	LS454	ERS573564	SAMEA3106314	soil metagenome	ERP008539	2015-08-12 00:00:00 UTC	PRJEB7617	6	2	public	410658.0
ERR664195	AMPLICON	public	ERX620430	454 GS FLX	LS454	ERS573609	SAMEA3106359	soil metagenome	ERP008539	2015-08-12 00:00:00 UTC	PRJEB7617	19	7	public	410658.0
ERR664196	AMPLICON	public	ERX620431	454 GS FLX	LS454	ERS573525	SAMEA3106275	soil metagenome	ERP008539	2015-08-12 00:00:00 UTC	PRJEB7617	13	5	public	410658.0
ERR664197	AMPLICON	public	ERX620432	454 GS FLX	LS454	ERS573608	SAMEA3106358	soil metagenome	ERP008539	2015-08-12 00:00:00 UTC	PRJEB7617	7	2	public	410658.0
ERR664198	AMPLICON	public	ERX620433	454 GS FLX	LS454	ERS573519	SAMEA3106269	soil metagenome	ERP008539	2015-08-12 00:00:00 UTC	PRJEB7617	7	2	public	410658.0
ERR664199	AMPLICON	public	ERX620434	454 GS FLX	LS454	ERS573531	SAMEA3106281	soil metagenome	ERP008539	2015-08-12 00:00:00 UTC	PRJEB7617	17	6	public	410658.0
ERR664200	AMPLICON	public	ERX620435	454 GS FLX	LS454	ERS573590	SAMEA3106340	soil metagenome	ERP008539	2015-08-12 00:00:00 UTC	PRJEB7617	10	4	public	410658.0
ERR664201	AMPLICON	public	ERX620436	454 GS FLX	LS454	ERS573571	SAMEA3106321	soil metagenome	ERP008539	2015-08-12 00:00:00 UTC	PRJEB7617	9	3	public	410658.0
ERR664202	AMPLICON	public	ERX620437	454 GS FLX	LS454	ERS573491	SAMEA3106241	soil metagenome	ERP008539	2015-08-12 00:00:00 UTC	PRJEB7617	5	2	public	410658.0
ERR664203	AMPLICON	public	ERX620438	454 GS FLX	LS454	ERS573527	SAMEA3106277	soil metagenome	ERP008539	2015-08-12 00:00:00 UTC	PRJEB7617	10	4	public	410658.0
ERR664204	AMPLICON	public	ERX620439	454 GS FLX	LS454	ERS573555	SAMEA3106305	soil metagenome	ERP008539	2015-08-12 00:00:00 UTC	PRJEB7617	5	2	public	410658.0
ERR664205	AMPLICON	public	ERX620440	454 GS FLX	LS454	ERS573494	SAMEA3106244	soil metagenome	ERP008539	2015-08-12 00:00:00 UTC	PRJEB7617	12	5	public	410658.0
ERR664206	AMPLICON	public	ERX620441	454 GS FLX	LS454	ERS573552	SAMEA3106302	soil metagenome	ERP008539	2015-08-12 00:00:00 UTC	PRJEB7617	23	8	public	410658.0
ERR664207	AMPLICON	public	ERX620442	454 GS FLX	LS454	ERS573616	SAMEA3106366	soil metagenome	ERP008539	2015-08-12 00:00:00 UTC	PRJEB7617	9	3	public	410658.0
ERR664208	AMPLICON	public	ERX620443	454 GS FLX	LS454	ERS573505	SAMEA3106255	soil metagenome	ERP008539	2015-08-12 00:00:00 UTC	PRJEB7617	20	8	public	410658.0
ERR664209	AMPLICON	public	ERX620444	454 GS FLX	LS454	ERS573517	SAMEA3106267	soil metagenome	ERP008539	2015-08-12 00:00:00 UTC	PRJEB7617	11	4	public	410658.0
ERR664210	AMPLICON	public	ERX620445	454 GS FLX	LS454	ERS573508	SAMEA3106258	soil metagenome	ERP008539	2015-08-12 00:00:00 UTC	PRJEB7617	14	6	public	410658.0
ERR664211	AMPLICON	public	ERX620446	454 GS FLX	LS454	ERS573490	SAMEA3106240	soil metagenome	ERP008539	2015-08-12 00:00:00 UTC	PRJEB7617	16	6	public	410658.0
ERR664212	AMPLICON	public	ERX620447	454 GS FLX	LS454	ERS573566	SAMEA3106316	soil metagenome	ERP008539	2015-08-12 00:00:00 UTC	PRJEB7617	13	5	public	410658.0
ERR664213	AMPLICON	public	ERX620448	454 GS FLX	LS454	ERS573523	SAMEA3106273	soil metagenome	ERP008539	2015-08-12 00:00:00 UTC	PRJEB7617	5	2	public	410658.0
ERR664214	AMPLICON	public	ERX620449	454 GS FLX	LS454	ERS573506	SAMEA3106256	soil metagenome	ERP008539	2015-08-12 00:00:00 UTC	PRJEB7617	6	2	public	410658.0
ERR664215	AMPLICON	public	ERX620450	454 GS FLX	LS454	ERS573515	SAMEA3106265	soil metagenome	ERP008539	2015-08-12 00:00:00 UTC	PRJEB7617	10	4	public	410658.0
ERR664216	AMPLICON	public	ERX620451	454 GS FLX	LS454	ERS573604	SAMEA3106354	soil metagenome	ERP008539	2015-08-12 00:00:00 UTC	PRJEB7617	8	3	public	410658.0
ERR664217	AMPLICON	public	ERX620452	454 GS FLX	LS454	ERS573483	SAMEA3106233	soil metagenome	ERP008539	2015-08-12 00:00:00 UTC	PRJEB7617	4	1	public	410658.0
ERR664218	AMPLICON	public	ERX620453	454 GS FLX	LS454	ERS573572	SAMEA3106322	soil metagenome	ERP008539	2015-08-12 00:00:00 UTC	PRJEB7617	17	6	public	410658.0
ERR664219	AMPLICON	public	ERX620454	454 GS FLX	LS454	ERS573500	SAMEA3106250	soil metagenome	ERP008539	2015-08-12 00:00:00 UTC	PRJEB7617	8	3	public	410658.0
ERR664220	AMPLICON	public	ERX620455	454 GS FLX	LS454	ERS573547	SAMEA3106297	soil metagenome	ERP008539	2015-08-12 00:00:00 UTC	PRJEB7617	13	5	public	410658.0
ERR664221	AMPLICON	public	ERX620456	454 GS FLX	LS454	ERS573583	SAMEA3106333	soil metagenome	ERP008539	2015-08-12 00:00:00 UTC	PRJEB7617	9	3	public	410658.0
ERR664222	AMPLICON	public	ERX620457	454 GS FLX	LS454	ERS573509	SAMEA3106259	soil metagenome	ERP008539	2015-08-12 00:00:00 UTC	PRJEB7617	8	3	public	410658.0
ERR664223	AMPLICON	public	ERX620458	454 GS FLX	LS454	ERS573537	SAMEA3106287	soil metagenome	ERP008539	2015-08-12 00:00:00 UTC	PRJEB7617	10	4	public	410658.0
ERR664224	AMPLICON	public	ERX620459	454 GS FLX	LS454	ERS573610	SAMEA3106360	soil metagenome	ERP008539	2015-08-12 00:00:00 UTC	PRJEB7617	33	13	public	410658.0
ERR664225	AMPLICON	public	ERX620460	454 GS FLX	LS454	ERS573580	SAMEA3106330	soil metagenome	ERP008539	2015-08-12 00:00:00 UTC	PRJEB7617	32	13	public	410658.0
ERR664226	AMPLICON	public	ERX620461	454 GS FLX	LS454	ERS573596	SAMEA3106346	soil metagenome	ERP008539	2015-08-12 00:00:00 UTC	PRJEB7617	23	9	public	410658.0
ERR664227	AMPLICON	public	ERX620462	454 GS FLX	LS454	ERS573548	SAMEA3106298	soil metagenome	ERP008539	2015-08-12 00:00:00 UTC	PRJEB7617	22	9	public	410658.0
ERR850562	DNase-Hypersensitivity	public	ERX931295	Illumina HiSeq 2000	ILLUMINA	ERS700929	SAMEA3335642	Mus musculus	ERP010135	2015-04-12 00:00:00 UTC	PRJEB9077	3458	5774	public	10090.0
ERR850563	DNase-Hypersensitivity	public	ERX931291	Illumina HiSeq 2000	ILLUMINA	ERS700929	SAMEA3335642	Mus musculus	ERP010135	2015-04-12 00:00:00 UTC	PRJEB9077	4077	6926	public	10090.0
ERR850564	DNase-Hypersensitivity	public	ERX931292	Illumina HiSeq 2000	ILLUMINA	ERS700930	SAMEA3335643	Mus musculus	ERP010135	2015-04-12 00:00:00 UTC	PRJEB9077	4416	7623	public	10090.0
ERR850565	DNase-Hypersensitivity	public	ERX931293	Illumina HiSeq 2000	ILLUMINA	ERS700929	SAMEA3335642	Mus musculus	ERP010135	2015-04-12 00:00:00 UTC	PRJEB9077	4276	8296	public	10090.0
ERR850566	DNase-Hypersensitivity	public	ERX931294	Illumina HiSeq 2000	ILLUMINA	ERS700929	SAMEA3335642	Mus musculus	ERP010135	2015-04-12 00:00:00 UTC	PRJEB9077	4881	9548	public	10090.0
SRR10011531	RNA-Seq	public	SRX6749724	Illumina NovaSeq 6000	ILLUMINA	SRS5299816	SAMN12617537	Mus musculus	SRP219038	2019-08-28 00:00:00 UTC	PRJNA561402	126	478	public	10090.0
SRR10011532	RNA-Seq	public	SRX6749724	Illumina NovaSeq 6000	ILLUMINA	SRS5299816	SAMN12617537	Mus musculus	SRP219038	2019-08-28 00:00:00 UTC	PRJNA561402	126	479	public	10090.0
SRR10011533	RNA-Seq	public	SRX6749725	Illumina NovaSeq 6000	ILLUMINA	SRS5299817	SAMN12617561	Mus musculus	SRP219038	2019-08-28 00:00:00 UTC	PRJNA561402	114	433	public	10090.0
SRR10011534	RNA-Seq	public	SRX6749725	Illumina NovaSeq 6000	ILLUMINA	SRS5299817	SAMN12617561	Mus musculus	SRP219038	2019-08-28 00:00:00 UTC	PRJNA561402	114	432	public	10090.0
SRR10011535	RNA-Seq	public	SRX6749726	Illumina NovaSeq 6000	ILLUMINA	SRS5299818	SAMN12617560	Mus musculus	SRP219038	2019-08-28 00:00:00 UTC	PRJNA561402	107	408	public	10090.0
SRR10011536	RNA-Seq	public	SRX6749726	Illumina NovaSeq 6000	ILLUMINA	SRS5299818	SAMN12617560	Mus musculus	SRP219038	2019-08-28 00:00:00 UTC	PRJNA561402	108	408	public	10090.0
SRR10011537	RNA-Seq	public	SRX6749727	Illumina NovaSeq 6000	ILLUMINA	SRS5299819	SAMN12617558	Mus musculus	SRP219038	2019-08-28 00:00:00 UTC	PRJNA561402	130	493	public	10090.0
SRR10011538	RNA-Seq	public	SRX6749727	Illumina NovaSeq 6000	ILLUMINA	SRS5299819	SAMN12617558	Mus musculus	SRP219038	2019-08-28 00:00:00 UTC	PRJNA561402	130	492	public	10090.0
SRR10011539	RNA-Seq	public	SRX6749728	Illumina HiSeq 2500	ILLUMINA	SRS5299820	SAMN12617554	Mus musculus	SRP219038	2019-08-28 00:00:00 UTC	PRJNA561402	282	848	public	10090.0
SRR10011540	RNA-Seq	public	SRX6749729	Illumina HiSeq 2500	ILLUMINA	SRS5299821	SAMN12617553	Mus musculus	SRP219038	2019-08-28 00:00:00 UTC	PRJNA561402	243	729	public	10090.0
SRR10011541	RNA-Seq	public	SRX6749730	Illumina HiSeq 2500	ILLUMINA	SRS5299822	SAMN12617552	Mus musculus	SRP219038	2019-08-28 00:00:00 UTC	PRJNA561402	219	658	public	10090.0
SRR10011542	RNA-Seq	public	SRX6749731	Illumina HiSeq 2500	ILLUMINA	SRS5299823	SAMN12617549	Mus musculus	SRP219038	2019-08-28 00:00:00 UTC	PRJNA561402	277	829	public	10090.0
SRR1002659	RNA-Seq	public	SRX360093	Illumina HiSeq 2000	ILLUMINA	SRS487841	SAMN02363686	Methylotuvimicrobium alcaliphilum 20Z	SRP030410	2013-09-26 00:00:00 UTC	PRJNA221338	4977	7458	public	1091494.0
SRR1002660	RNA-Seq	public	SRX360094	Illumina HiSeq 2000	ILLUMINA	SRS487842	SAMN02363688	Methylotuvimicrobium alcaliphilum 20Z	SRP030410	2013-09-26 00:00:00 UTC	PRJNA221338	4951	7543	public	1091494.0
SRR1002661	RNA-Seq	public	SRX360095	Illumina HiSeq 2000	ILLUMINA	SRS487843	SAMN02363690	Methylotuvimicrobium alcaliphilum 20Z	SRP030410	2013-09-26 00:00:00 UTC	PRJNA221338	5320	7582	public	1091494.0
SRR1002662	RNA-Seq	public	SRX360096	Illumina HiSeq 2000	ILLUMINA	SRS487844	SAMN02363698	Methylotuvimicrobium alcaliphilum 20Z	SRP030410	2013-09-26 00:00:00 UTC	PRJNA221338	4477	6383	public	1091494.0
SRR1002663	RNA-Seq	public	SRX360097	Illumina HiSeq 2000	ILLUMINA	SRS487845	SAMN02363692	Methylotuvimicrobium alcaliphilum 20Z	SRP030410	2013-09-26 00:00:00 UTC	PRJNA221338	2934	4973	public	1091494.0
SRR1002664	RNA-Seq	public	SRX360098	Illumina HiSeq 2000	ILLUMINA	SRS487846	SAMN02363694	Methylotuvimicrobium alcaliphilum 20Z	SRP030410	2013-09-26 00:00:00 UTC	PRJNA221338	2183	3733	public	1091494.0
SRR1002665	RNA-Seq	public	SRX360099	Illumina HiSeq 2000	ILLUMINA	SRS487847	SAMN02363916	Methylotuvimicrobium alcaliphilum 20Z	SRP030410	2013-09-26 00:00:00 UTC	PRJNA221338	2799	4588	public	1091494.0
SRR1002666	RNA-Seq	public	SRX360100	Illumina HiSeq 2000	ILLUMINA	SRS487848	SAMN02363689	Methylotuvimicrobium alcaliphilum 20Z	SRP030410	2013-09-26 00:00:00 UTC	PRJNA221338	1873	3227	public	1091494.0
SRR10070537	RNA-Seq	public	SRX6804129	Illumina HiSeq 2500	ILLUMINA	SRS5349047	SAMN12698113	Danio rerio	SRP220428	2019-10-09 00:00:00 UTC	PRJNA564013	150	327	public	7955.0
SRR10070538	RNA-Seq	public	SRX6804130	Illumina HiSeq 2500	ILLUMINA	SRS5349048	SAMN12698112	Danio rerio	SRP220428	2019-10-09 00:00:00 UTC	PRJNA564013	140	310	public	7955.0
SRR10070539	RNA-Seq	public	SRX6804131	Illumina HiSeq 2500	ILLUMINA	SRS5349049	SAMN12698043	Danio rerio	SRP220428	2019-10-09 00:00:00 UTC	PRJNA564013	116	264	public	7955.0
SRR10070540	RNA-Seq	public	SRX6804132	Illumina HiSeq 2500	ILLUMINA	SRS5349050	SAMN12698042	Danio rerio	SRP220428	2019-10-09 00:00:00 UTC	PRJNA564013	33	74	public	7955.0
SRR10070541	RNA-Seq	public	SRX6804133	Illumina HiSeq 2500	ILLUMINA	SRS5349051	SAMN12698041	Danio rerio	SRP220428	2019-10-09 00:00:00 UTC	PRJNA564013	122	272	public	7955.0
SRR10070542	RNA-Seq	public	SRX6804134	Illumina HiSeq 2500	ILLUMINA	SRS5349052	SAMN12698040	Danio rerio	SRP220428	2019-10-09 00:00:00 UTC	PRJNA564013	248	572	public	7955.0
SRR10070543	RNA-Seq	public	SRX6804135	Illumina HiSeq 2500	ILLUMINA	SRS5349053	SAMN12698039	Danio rerio	SRP220428	2019-10-09 00:00:00 UTC	PRJNA564013	201	438	public	7955.0
SRR10070544	RNA-Seq	public	SRX6804136	Illumina HiSeq 2500	ILLUMINA	SRS5349054	SAMN12698038	Danio rerio	SRP220428	2019-10-09 00:00:00 UTC	PRJNA564013	49	109	public	7955.0
SRR10070545	RNA-Seq	public	SRX6804137	Illumina HiSeq 2500	ILLUMINA	SRS5349055	SAMN12698037	Danio rerio	SRP220428	2019-10-09 00:00:00 UTC	PRJNA564013	173	382	public	7955.0
SRR10070546	RNA-Seq	public	SRX6804138	Illumina HiSeq 2500	ILLUMINA	SRS5349056	SAMN12698036	Danio rerio	SRP220428	2019-10-09 00:00:00 UTC	PRJNA564013	240	540	public	7955.0
SRR10070547	RNA-Seq	public	SRX6804139	Illumina HiSeq 2500	ILLUMINA	SRS5349057	SAMN12698035	Danio rerio	SRP220428	2019-10-09 00:00:00 UTC	PRJNA564013	14	30	public	7955.0
SRR10070548	RNA-Seq	public	SRX6804140	Illumina HiSeq 2500	ILLUMINA	SRS5349058	SAMN12698034	Danio rerio	SRP220428	2019-10-09 00:00:00 UTC	PRJNA564013	20	45	public	7955.0
SRR10070549	RNA-Seq	public	SRX6804141	Illumina HiSeq 2500	ILLUMINA	SRS5349059	SAMN12698033	Danio rerio	SRP220428	2019-10-09 00:00:00 UTC	PRJNA564013	49	108	public	7955.0
SRR10070550	RNA-Seq	public	SRX6804142	Illumina HiSeq 2500	ILLUMINA	SRS5349060	SAMN12698032	Danio rerio	SRP220428	2019-10-09 00:00:00 UTC	PRJNA564013	129	292	public	7955.0
SRR10070551	RNA-Seq	public	SRX6804143	Illumina HiSeq 2500	ILLUMINA	SRS5349061	SAMN12698031	Danio rerio	SRP220428	2019-10-09 00:00:00 UTC	PRJNA564013	129	292	public	7955.0
SRR10070552	RNA-Seq	public	SRX6804144	Illumina HiSeq 2500	ILLUMINA	SRS5349062	SAMN12698030	Danio rerio	SRP220428	2019-10-09 00:00:00 UTC	PRJNA564013	34	78	public	7955.0
SRR10070553	RNA-Seq	public	SRX6804145	Illumina HiSeq 2500	ILLUMINA	SRS5349063	SAMN12698029	Danio rerio	SRP220428	2019-10-09 00:00:00 UTC	PRJNA564013	216	490	public	7955.0
SRR10070554	RNA-Seq	public	SRX6804146	Illumina HiSeq 2500	ILLUMINA	SRS5349064	SAMN12698028	Danio rerio	SRP220428	2019-10-09 00:00:00 UTC	PRJNA564013	72	167	public	7955.0
SRR10070555	RNA-Seq	public	SRX6804147	Illumina HiSeq 2500	ILLUMINA	SRS5349065	SAMN12698027	Danio rerio	SRP220428	2019-10-09 00:00:00 UTC	PRJNA564013	27	61	public	7955.0
SRR10070556	RNA-Seq	public	SRX6804148	Illumina HiSeq 2500	ILLUMINA	SRS5349066	SAMN12698026	Danio rerio	SRP220428	2019-10-09 00:00:00 UTC	PRJNA564013	133	300	public	7955.0
SRR10070557	RNA-Seq	public	SRX6804149	Illumina HiSeq 2500	ILLUMINA	SRS5349067	SAMN12698025	Danio rerio	SRP220428	2019-10-09 00:00:00 UTC	PRJNA564013	39	88	public	7955.0
SRR10070558	RNA-Seq	public	SRX6804150	Illumina HiSeq 2500	ILLUMINA	SRS5349068	SAMN12698024	Danio rerio	SRP220428	2019-10-09 00:00:00 UTC	PRJNA564013	158	348	public	7955.0
SRR10070559	RNA-Seq	public	SRX6804151	Illumina HiSeq 2500	ILLUMINA	SRS5349069	SAMN12698023	Danio rerio	SRP220428	2019-10-09 00:00:00 UTC	PRJNA564013	85	192	public	7955.0
SRR10070560	RNA-Seq	public	SRX6804152	Illumina HiSeq 2500	ILLUMINA	SRS5349070	SAMN12698022	Danio rerio	SRP220428	2019-10-09 00:00:00 UTC	PRJNA564013	126	290	public	7955.0
SRR10070561	RNA-Seq	public	SRX6804153	Illumina HiSeq 2500	ILLUMINA	SRS5349071	SAMN12698021	Danio rerio	SRP220428	2019-10-09 00:00:00 UTC	PRJNA564013	89	201	public	7955.0
SRR10070562	RNA-Seq	public	SRX6804154	Illumina HiSeq 2500	ILLUMINA	SRS5349072	SAMN12698020	Danio rerio	SRP220428	2019-10-09 00:00:00 UTC	PRJNA564013	169	377	public	7955.0
SRR10070563	RNA-Seq	public	SRX6804155	Illumina HiSeq 2500	ILLUMINA	SRS5349073	SAMN12698111	Danio rerio	SRP220428	2019-10-09 00:00:00 UTC	PRJNA564013	21	47	public	7955.0
SRR10070564	RNA-Seq	public	SRX6804156	Illumina HiSeq 2500	ILLUMINA	SRS5349074	SAMN12698110	Danio rerio	SRP220428	2019-10-09 00:00:00 UTC	PRJNA564013	235	533	public	7955.0
SRR10070565	RNA-Seq	public	SRX6804157	Illumina HiSeq 2500	ILLUMINA	SRS5349075	SAMN12698109	Danio rerio	SRP220428	2019-10-09 00:00:00 UTC	PRJNA564013	161	353	public	7955.0
SRR10070566	RNA-Seq	public	SRX6804158	Illumina HiSeq 2500	ILLUMINA	SRS5349076	SAMN12698108	Danio rerio	SRP220428	2019-10-09 00:00:00 UTC	PRJNA564013	83	189	public	7955.0
SRR10070567	RNA-Seq	public	SRX6804159	Illumina HiSeq 2500	ILLUMINA	SRS5349077	SAMN12698107	Danio rerio	SRP220428	2019-10-09 00:00:00 UTC	PRJNA564013	159	351	public	7955.0
SRR10070568	RNA-Seq	public	SRX6804160	Illumina HiSeq 2500	ILLUMINA	SRS5349078	SAMN12698106	Danio rerio	SRP220428	2019-10-09 00:00:00 UTC	PRJNA564013	43	94	public	7955.0
SRR10070569	RNA-Seq	public	SRX6804429	Illumina HiSeq 2500	ILLUMINA	SRS5349347	SAMN12698105	Danio rerio	SRP220428	2019-10-09 00:00:00 UTC	PRJNA564013	130	289	public	7955.0
SRR10070570	RNA-Seq	public	SRX6804430	Illumina HiSeq 2500	ILLUMINA	SRS5349348	SAMN12698104	Danio rerio	SRP220428	2019-10-09 00:00:00 UTC	PRJNA564013	19	42	public	7955.0
SRR10070571	RNA-Seq	public	SRX6804431	Illumina HiSeq 2500	ILLUMINA	SRS5349349	SAMN12698099	Danio rerio	SRP220428	2019-10-09 00:00:00 UTC	PRJNA564013	202	453	public	7955.0
SRR10070572	RNA-Seq	public	SRX6804432	Illumina HiSeq 2500	ILLUMINA	SRS5349350	SAMN12698098	Danio rerio	SRP220428	2019-10-09 00:00:00 UTC	PRJNA564013	154	337	public	7955.0
SRR10070573	RNA-Seq	public	SRX6804433	Illumina HiSeq 2500	ILLUMINA	SRS5349351	SAMN12698097	Danio rerio	SRP220428	2019-10-09 00:00:00 UTC	PRJNA564013	114	260	public	7955.0
SRR10070574	RNA-Seq	public	SRX6804434	Illumina HiSeq 2500	ILLUMINA	SRS5349352	SAMN12698096	Danio rerio	SRP220428	2019-10-09 00:00:00 UTC	PRJNA564013	188	430	public	7955.0
SRR10070575	RNA-Seq	public	SRX6804435	Illumina HiSeq 2500	ILLUMINA	SRS5349353	SAMN12698103	Danio rerio	SRP220428	2019-10-09 00:00:00 UTC	PRJNA564013	38	86	public	7955.0
SRR10070576	RNA-Seq	public	SRX6804436	Illumina HiSeq 2500	ILLUMINA	SRS5349354	SAMN12698102	Danio rerio	SRP220428	2019-10-09 00:00:00 UTC	PRJNA564013	245	561	public	7955.0
SRR10070577	RNA-Seq	public	SRX6804437	Illumina HiSeq 2500	ILLUMINA	SRS5349355	SAMN12698101	Danio rerio	SRP220428	2019-10-09 00:00:00 UTC	PRJNA564013	57	130	public	7955.0
SRR10070578	RNA-Seq	public	SRX6804438	Illumina HiSeq 2500	ILLUMINA	SRS5349356	SAMN12698100	Danio rerio	SRP220428	2019-10-09 00:00:00 UTC	PRJNA564013	205	465	public	7955.0
SRR10070579	RNA-Seq	public	SRX6804439	Illumina HiSeq 2500	ILLUMINA	SRS5349357	SAMN12698095	Danio rerio	SRP220428	2019-10-09 00:00:00 UTC	PRJNA564013	80	184	public	7955.0
SRR10070580	RNA-Seq	public	SRX6804440	Illumina HiSeq 2500	ILLUMINA	SRS5349358	SAMN12698094	Danio rerio	SRP220428	2019-10-09 00:00:00 UTC	PRJNA564013	182	417	public	7955.0
SRR10070581	RNA-Seq	public	SRX6804441	Illumina HiSeq 2500	ILLUMINA	SRS5349359	SAMN12698093	Danio rerio	SRP220428	2019-10-09 00:00:00 UTC	PRJNA564013	168	381	public	7955.0
SRR10070582	RNA-Seq	public	SRX6804442	Illumina HiSeq 2500	ILLUMINA	SRS5349360	SAMN12698086	Danio rerio	SRP220428	2019-10-09 00:00:00 UTC	PRJNA564013	93	213	public	7955.0
SRR10070583	RNA-Seq	public	SRX6804443	Illumina HiSeq 2500	ILLUMINA	SRS5349361	SAMN12698085	Danio rerio	SRP220428	2019-10-09 00:00:00 UTC	PRJNA564013	216	488	public	7955.0
SRR10070584	RNA-Seq	public	SRX6804444	Illumina HiSeq 2500	ILLUMINA	SRS5349362	SAMN12698084	Danio rerio	SRP220428	2019-10-09 00:00:00 UTC	PRJNA564013	82	183	public	7955.0
SRR10070585	RNA-Seq	public	SRX6804445	Illumina HiSeq 2500	ILLUMINA	SRS5349363	SAMN12698083	Danio rerio	SRP220428	2019-10-09 00:00:00 UTC	PRJNA564013	13	28	public	7955.0
SRR10070586	RNA-Seq	public	SRX6804446	Illumina HiSeq 2500	ILLUMINA	SRS5349364	SAMN12698081	Danio rerio	SRP220428	2019-10-09 00:00:00 UTC	PRJNA564013	160	358	public	7955.0
SRR10070587	RNA-Seq	public	SRX6804447	Illumina HiSeq 2500	ILLUMINA	SRS5349365	SAMN12698080	Danio rerio	SRP220428	2019-10-09 00:00:00 UTC	PRJNA564013	169	392	public	7955.0
SRR10070588	RNA-Seq	public	SRX6804448	Illumina HiSeq 2500	ILLUMINA	SRS5349366	SAMN12698079	Danio rerio	SRP220428	2019-10-09 00:00:00 UTC	PRJNA564013	96	223	public	7955.0
SRR10070589	RNA-Seq	public	SRX6804449	Illumina HiSeq 2500	ILLUMINA	SRS5349367	SAMN12698078	Danio rerio	SRP220428	2019-10-09 00:00:00 UTC	PRJNA564013	63	146	public	7955.0
SRR10070590	RNA-Seq	public	SRX6804450	Illumina HiSeq 2500	ILLUMINA	SRS5349368	SAMN12698077	Danio rerio	SRP220428	2019-10-09 00:00:00 UTC	PRJNA564013	168	376	public	7955.0
SRR10070591	RNA-Seq	public	SRX6804451	Illumina HiSeq 2500	ILLUMINA	SRS5349369	SAMN12698076	Danio rerio	SRP220428	2019-10-09 00:00:00 UTC	PRJNA564013	208	477	public	7955.0
SRR10070592	RNA-Seq	public	SRX6804452	Illumina HiSeq 2500	ILLUMINA	SRS5349370	SAMN12698075	Danio rerio	SRP220428	2019-10-09 00:00:00 UTC	PRJNA564013	118	266	public	7955.0
SRR10070593	RNA-Seq	public	SRX6804453	Illumina HiSeq 2500	ILLUMINA	SRS5349371	SAMN12698073	Danio rerio	SRP220428	2019-10-09 00:00:00 UTC	PRJNA564013	236	529	public	7955.0
SRR10070594	RNA-Seq	public	SRX6804454	Illumina HiSeq 2500	ILLUMINA	SRS5349372	SAMN12698072	Danio rerio	SRP220428	2019-10-09 00:00:00 UTC	PRJNA564013	129	296	public	7955.0
SRR10070595	RNA-Seq	public	SRX6804455	Illumina HiSeq 2500	ILLUMINA	SRS5349373	SAMN12698071	Danio rerio	SRP220428	2019-10-09 00:00:00 UTC	PRJNA564013	35	77	public	7955.0
SRR10070596	RNA-Seq	public	SRX6804456	Illumina HiSeq 2500	ILLUMINA	SRS5349374	SAMN12698070	Danio rerio	SRP220428	2019-10-09 00:00:00 UTC	PRJNA564013	285	652	public	7955.0
SRR10070597	RNA-Seq	public	SRX6804457	Illumina HiSeq 2500	ILLUMINA	SRS5349375	SAMN12698069	Danio rerio	SRP220428	2019-10-09 00:00:00 UTC	PRJNA564013	173	380	public	7955.0
SRR10070598	RNA-Seq	public	SRX6804458	Illumina HiSeq 2500	ILLUMINA	SRS5349376	SAMN12698068	Danio rerio	SRP220428	2019-10-09 00:00:00 UTC	PRJNA564013	106	242	public	7955.0
SRR10070599	RNA-Seq	public	SRX6804459	Illumina HiSeq 2500	ILLUMINA	SRS5349377	SAMN12698067	Danio rerio	SRP220428	2019-10-09 00:00:00 UTC	PRJNA564013	84	190	public	7955.0
SRR10070600	RNA-Seq	public	SRX6804460	Illumina HiSeq 2500	ILLUMINA	SRS5349378	SAMN12698066	Danio rerio	SRP220428	2019-10-09 00:00:00 UTC	PRJNA564013	150	340	public	7955.0
SRR10070601	RNA-Seq	public	SRX6804397	Illumina HiSeq 2500	ILLUMINA	SRS5349315	SAMN12698065	Danio rerio	SRP220428	2019-10-09 00:00:00 UTC	PRJNA564013	30	66	public	7955.0
SRR10070602	RNA-Seq	public	SRX6804398	Illumina HiSeq 2500	ILLUMINA	SRS5349316	SAMN12698064	Danio rerio	SRP220428	2019-10-09 00:00:00 UTC	PRJNA564013	229	525	public	7955.0
SRR10070603	RNA-Seq	public	SRX6804399	Illumina HiSeq 2500	ILLUMINA	SRS5349317	SAMN12698063	Danio rerio	SRP220428	2019-10-09 00:00:00 UTC	PRJNA564013	197	447	public	7955.0
SRR10070604	RNA-Seq	public	SRX6804400	Illumina HiSeq 2500	ILLUMINA	SRS5349318	SAMN12698062	Danio rerio	SRP220428	2019-10-09 00:00:00 UTC	PRJNA564013	79	181	public	7955.0
SRR10070605	RNA-Seq	public	SRX6804401	Illumina HiSeq 2500	ILLUMINA	SRS5349319	SAMN12698056	Danio rerio	SRP220428	2019-10-09 00:00:00 UTC	PRJNA564013	185	419	public	7955.0
SRR10070606	RNA-Seq	public	SRX6804402	Illumina HiSeq 2500	ILLUMINA	SRS5349320	SAMN12698055	Danio rerio	SRP220428	2019-10-09 00:00:00 UTC	PRJNA564013	26	60	public	7955.0
SRR10070607	RNA-Seq	public	SRX6804403	Illumina HiSeq 2500	ILLUMINA	SRS5349321	SAMN12698054	Danio rerio	SRP220428	2019-10-09 00:00:00 UTC	PRJNA564013	142	296	public	7955.0
SRR10070608	RNA-Seq	public	SRX6804404	Illumina HiSeq 2500	ILLUMINA	SRS5349322	SAMN12698061	Danio rerio	SRP220428	2019-10-09 00:00:00 UTC	PRJNA564013	20	41	public	7955.0
SRR10070609	RNA-Seq	public	SRX6804405	Illumina HiSeq 2500	ILLUMINA	SRS5349323	SAMN12698060	Danio rerio	SRP220428	2019-10-09 00:00:00 UTC	PRJNA564013	181	378	public	7955.0
SRR10070610	RNA-Seq	public	SRX6804406	Illumina HiSeq 2500	ILLUMINA	SRS5349324	SAMN12698059	Danio rerio	SRP220428	2019-10-09 00:00:00 UTC	PRJNA564013	143	299	public	7955.0
SRR10070611	RNA-Seq	public	SRX6804407	Illumina HiSeq 2500	ILLUMINA	SRS5349325	SAMN12698058	Danio rerio	SRP220428	2019-10-09 00:00:00 UTC	PRJNA564013	142	300	public	7955.0
SRR10070612	RNA-Seq	public	SRX6804408	Illumina HiSeq 2500	ILLUMINA	SRS5349326	SAMN12698057	Danio rerio	SRP220428	2019-10-09 00:00:00 UTC	PRJNA564013	129	275	public	7955.0
SRR10070613	RNA-Seq	public	SRX6804409	Illumina HiSeq 2500	ILLUMINA	SRS5349327	SAMN12698053	Danio rerio	SRP220428	2019-10-09 00:00:00 UTC	PRJNA564013	35	73	public	7955.0
SRR10070614	RNA-Seq	public	SRX6804410	Illumina HiSeq 2500	ILLUMINA	SRS5349328	SAMN12698052	Danio rerio	SRP220428	2019-10-09 00:00:00 UTC	PRJNA564013	155	325	public	7955.0
SRR10070615	RNA-Seq	public	SRX6804411	Illumina HiSeq 2500	ILLUMINA	SRS5349329	SAMN12698051	Danio rerio	SRP220428	2019-10-09 00:00:00 UTC	PRJNA564013	163	346	public	7955.0
SRR10070616	RNA-Seq	public	SRX6804412	Illumina HiSeq 2500	ILLUMINA	SRS5349330	SAMN12698050	Danio rerio	SRP220428	2019-10-09 00:00:00 UTC	PRJNA564013	81	172	public	7955.0
SRR10070617	RNA-Seq	public	SRX6804413	Illumina HiSeq 2500	ILLUMINA	SRS5349331	SAMN12698049	Danio rerio	SRP220428	2019-10-09 00:00:00 UTC	PRJNA564013	52	108	public	7955.0
SRR10070618	RNA-Seq	public	SRX6804414	Illumina HiSeq 2500	ILLUMINA	SRS5349332	SAMN12698048	Danio rerio	SRP220428	2019-10-09 00:00:00 UTC	PRJNA564013	15	31	public	7955.0
SRR10070619	RNA-Seq	public	SRX6804415	Illumina HiSeq 2500	ILLUMINA	SRS5349333	SAMN12698047	Danio rerio	SRP220428	2019-10-09 00:00:00 UTC	PRJNA564013	91	177	public	7955.0
SRR10070620	RNA-Seq	public	SRX6804416	Illumina HiSeq 2500	ILLUMINA	SRS5349334	SAMN12698046	Danio rerio	SRP220428	2019-10-09 00:00:00 UTC	PRJNA564013	81	171	public	7955.0
SRR10070621	RNA-Seq	public	SRX6804417	Illumina HiSeq 2500	ILLUMINA	SRS5349335	SAMN12698045	Danio rerio	SRP220428	2019-10-09 00:00:00 UTC	PRJNA564013	159	330	public	7955.0
SRR10070622	RNA-Seq	public	SRX6804418	Illumina HiSeq 2500	ILLUMINA	SRS5349336	SAMN12698044	Danio rerio	SRP220428	2019-10-09 00:00:00 UTC	PRJNA564013	54	110	public	7955.0
SRR10070623	RNA-Seq	public	SRX6804419	Illumina HiSeq 2500	ILLUMINA	SRS5349337	SAMN12697997	Danio rerio	SRP220428	2019-10-09 00:00:00 UTC	PRJNA564013	142	292	public	7955.0
SRR10070624	RNA-Seq	public	SRX6804420	Illumina HiSeq 2500	ILLUMINA	SRS5349338	SAMN12697996	Danio rerio	SRP220428	2019-10-09 00:00:00 UTC	PRJNA564013	124	248	public	7955.0
SRR10070625	RNA-Seq	public	SRX6804421	Illumina HiSeq 2500	ILLUMINA	SRS5349339	SAMN12697995	Danio rerio	SRP220428	2019-10-09 00:00:00 UTC	PRJNA564013	53	108	public	7955.0
SRR10070626	RNA-Seq	public	SRX6804422	Illumina HiSeq 2500	ILLUMINA	SRS5349340	SAMN12697994	Danio rerio	SRP220428	2019-10-09 00:00:00 UTC	PRJNA564013	98	195	public	7955.0
SRR10070627	RNA-Seq	public	SRX6804423	Illumina HiSeq 2500	ILLUMINA	SRS5349341	SAMN12697993	Danio rerio	SRP220428	2019-10-09 00:00:00 UTC	PRJNA564013	127	270	public	7955.0
SRR10070628	RNA-Seq	public	SRX6804424	Illumina HiSeq 2500	ILLUMINA	SRS5349342	SAMN12697992	Danio rerio	SRP220428	2019-10-09 00:00:00 UTC	PRJNA564013	35	71	public	7955.0
SRR10070629	RNA-Seq	public	SRX6804425	Illumina HiSeq 2500	ILLUMINA	SRS5349343	SAMN12697991	Danio rerio	SRP220428	2019-10-09 00:00:00 UTC	PRJNA564013	121	248	public	7955.0
SRR10070630	RNA-Seq	public	SRX6804426	Illumina HiSeq 2500	ILLUMINA	SRS5349344	SAMN12697990	Danio rerio	SRP220428	2019-10-09 00:00:00 UTC	PRJNA564013	21	42	public	7955.0
SRR10070631	RNA-Seq	public	SRX6804427	Illumina HiSeq 2500	ILLUMINA	SRS5349345	SAMN12697989	Danio rerio	SRP220428	2019-10-09 00:00:00 UTC	PRJNA564013	72	148	public	7955.0
SRR10070632	RNA-Seq	public	SRX6804428	Illumina HiSeq 2500	ILLUMINA	SRS5349346	SAMN12697988	Danio rerio	SRP220428	2019-10-09 00:00:00 UTC	PRJNA564013	154	319	public	7955.0
SRR10070633	RNA-Seq	public	SRX6804321	Illumina HiSeq 2500	ILLUMINA	SRS5349239	SAMN12697987	Danio rerio	SRP220428	2019-10-09 00:00:00 UTC	PRJNA564013	70	147	public	7955.0
SRR10070634	RNA-Seq	public	SRX6804322	Illumina HiSeq 2500	ILLUMINA	SRS5349240	SAMN12697986	Danio rerio	SRP220428	2019-10-09 00:00:00 UTC	PRJNA564013	99	210	public	7955.0
SRR10070635	RNA-Seq	public	SRX6804323	Illumina HiSeq 2500	ILLUMINA	SRS5349241	SAMN12697980	Danio rerio	SRP220428	2019-10-09 00:00:00 UTC	PRJNA564013	50	103	public	7955.0
SRR10070636	RNA-Seq	public	SRX6804324	Illumina HiSeq 2500	ILLUMINA	SRS5349242	SAMN12697979	Danio rerio	SRP220428	2019-10-09 00:00:00 UTC	PRJNA564013	128	265	public	7955.0
SRR10070637	RNA-Seq	public	SRX6804325	Illumina HiSeq 2500	ILLUMINA	SRS5349243	SAMN12697978	Danio rerio	SRP220428	2019-10-09 00:00:00 UTC	PRJNA564013	137	287	public	7955.0
SRR10070638	RNA-Seq	public	SRX6804326	Illumina HiSeq 2500	ILLUMINA	SRS5349244	SAMN12697985	Danio rerio	SRP220428	2019-10-09 00:00:00 UTC	PRJNA564013	165	343	public	7955.0
SRR10070639	RNA-Seq	public	SRX6804327	Illumina HiSeq 2500	ILLUMINA	SRS5349245	SAMN12697984	Danio rerio	SRP220428	2019-10-09 00:00:00 UTC	PRJNA564013	49	102	public	7955.0
SRR10070640	RNA-Seq	public	SRX6804328	Illumina HiSeq 2500	ILLUMINA	SRS5349246	SAMN12697983	Danio rerio	SRP220428	2019-10-09 00:00:00 UTC	PRJNA564013	161	337	public	7955.0
SRR10070641	RNA-Seq	public	SRX6804329	Illumina HiSeq 2500	ILLUMINA	SRS5349247	SAMN12697982	Danio rerio	SRP220428	2019-10-09 00:00:00 UTC	PRJNA564013	113	240	public	7955.0
SRR10070642	RNA-Seq	public	SRX6804330	Illumina HiSeq 2500	ILLUMINA	SRS5349248	SAMN12697981	Danio rerio	SRP220428	2019-10-09 00:00:00 UTC	PRJNA564013	170	358	public	7955.0
SRR10070643	RNA-Seq	public	SRX6804331	Illumina HiSeq 2500	ILLUMINA	SRS5349249	SAMN12697977	Danio rerio	SRP220428	2019-10-09 00:00:00 UTC	PRJNA564013	76	149	public	7955.0
SRR10070644	RNA-Seq	public	SRX6804332	Illumina HiSeq 2500	ILLUMINA	SRS5349250	SAMN12697976	Danio rerio	SRP220428	2019-10-09 00:00:00 UTC	PRJNA564013	73	152	public	7955.0
SRR10070645	RNA-Seq	public	SRX6804333	Illumina HiSeq 2500	ILLUMINA	SRS5349251	SAMN12697975	Danio rerio	SRP220428	2019-10-09 00:00:00 UTC	PRJNA564013	97	194	public	7955.0
SRR10070646	RNA-Seq	public	SRX6804334	Illumina HiSeq 2500	ILLUMINA	SRS5349252	SAMN12697974	Danio rerio	SRP220428	2019-10-09 00:00:00 UTC	PRJNA564013	96	199	public	7955.0
SRR10070647	RNA-Seq	public	SRX6804335	Illumina HiSeq 2500	ILLUMINA	SRS5349253	SAMN12697973	Danio rerio	SRP220428	2019-10-09 00:00:00 UTC	PRJNA564013	51	104	public	7955.0
SRR10070648	RNA-Seq	public	SRX6804336	Illumina HiSeq 2500	ILLUMINA	SRS5349254	SAMN12697972	Danio rerio	SRP220428	2019-10-09 00:00:00 UTC	PRJNA564013	170	353	public	7955.0
SRR10070649	RNA-Seq	public	SRX6804337	Illumina HiSeq 2500	ILLUMINA	SRS5349255	SAMN12697971	Danio rerio	SRP220428	2019-10-09 00:00:00 UTC	PRJNA564013	16	34	public	7955.0
SRR10070650	RNA-Seq	public	SRX6804338	Illumina HiSeq 2500	ILLUMINA	SRS5349256	SAMN12697970	Danio rerio	SRP220428	2019-10-09 00:00:00 UTC	PRJNA564013	104	207	public	7955.0
SRR10070651	RNA-Seq	public	SRX6804339	Illumina HiSeq 2500	ILLUMINA	SRS5349257	SAMN12697969	Danio rerio	SRP220428	2019-10-09 00:00:00 UTC	PRJNA564013	138	285	public	7955.0
SRR10070652	RNA-Seq	public	SRX6804340	Illumina HiSeq 2500	ILLUMINA	SRS5349258	SAMN12698074	Danio rerio	SRP220428	2019-10-09 00:00:00 UTC	PRJNA564013	75	161	public	7955.0
SRR10070653	RNA-Seq	public	SRX6804341	Illumina HiSeq 2500	ILLUMINA	SRS5349259	SAMN12697931	Danio rerio	SRP220428	2019-10-09 00:00:00 UTC	PRJNA564013	135	284	public	7955.0
SRR10070654	RNA-Seq	public	SRX6804342	Illumina HiSeq 2500	ILLUMINA	SRS5349260	SAMN12697930	Danio rerio	SRP220428	2019-10-09 00:00:00 UTC	PRJNA564013	118	252	public	7955.0
SRR10070655	RNA-Seq	public	SRX6804343	Illumina HiSeq 2500	ILLUMINA	SRS5349261	SAMN12697929	Danio rerio	SRP220428	2019-10-09 00:00:00 UTC	PRJNA564013	57	120	public	7955.0
SRR10070656	RNA-Seq	public	SRX6804344	Illumina HiSeq 2500	ILLUMINA	SRS5349262	SAMN12697928	Danio rerio	SRP220428	2019-10-09 00:00:00 UTC	PRJNA564013	22	45	public	7955.0
SRR10070657	RNA-Seq	public	SRX6804345	Illumina HiSeq 2500	ILLUMINA	SRS5349263	SAMN12697927	Danio rerio	SRP220428	2019-10-09 00:00:00 UTC	PRJNA564013	145	307	public	7955.0
SRR10070658	RNA-Seq	public	SRX6804346	Illumina HiSeq 2500	ILLUMINA	SRS5349264	SAMN12697926	Danio rerio	SRP220428	2019-10-09 00:00:00 UTC	PRJNA564013	139	289	public	7955.0
SRR10070659	RNA-Seq	public	SRX6804347	Illumina HiSeq 2500	ILLUMINA	SRS5349265	SAMN12697925	Danio rerio	SRP220428	2019-10-09 00:00:00 UTC	PRJNA564013	158	334	public	7955.0
SRR10070660	RNA-Seq	public	SRX6804348	Illumina HiSeq 2500	ILLUMINA	SRS5349266	SAMN12697924	Danio rerio	SRP220428	2019-10-09 00:00:00 UTC	PRJNA564013	101	216	public	7955.0
SRR10070661	RNA-Seq	public	SRX6804349	Illumina HiSeq 2500	ILLUMINA	SRS5349267	SAMN12698019	Danio rerio	SRP220428	2019-10-09 00:00:00 UTC	PRJNA564013	43	90	public	7955.0
SRR10070662	RNA-Seq	public	SRX6804350	Illumina HiSeq 2500	ILLUMINA	SRS5349268	SAMN12698018	Danio rerio	SRP220428	2019-10-09 00:00:00 UTC	PRJNA564013	135	282	public	7955.0
SRR10070663	RNA-Seq	public	SRX6804351	Illumina HiSeq 2500	ILLUMINA	SRS5349269	SAMN12698017	Danio rerio	SRP220428	2019-10-09 00:00:00 UTC	PRJNA564013	22	45	public	7955.0
SRR10070664	RNA-Seq	public	SRX6804352	Illumina HiSeq 2500	ILLUMINA	SRS5349270	SAMN12698016	Danio rerio	SRP220428	2019-10-09 00:00:00 UTC	PRJNA564013	124	249	public	7955.0
SRR10070665	RNA-Seq	public	SRX6804353	Illumina HiSeq 2500	ILLUMINA	SRS5349271	SAMN12698015	Danio rerio	SRP220428	2019-10-09 00:00:00 UTC	PRJNA564013	85	180	public	7955.0
SRR10070666	RNA-Seq	public	SRX6804354	Illumina HiSeq 2500	ILLUMINA	SRS5349272	SAMN12698014	Danio rerio	SRP220428	2019-10-09 00:00:00 UTC	PRJNA564013	153	316	public	7955.0
SRR10070667	RNA-Seq	public	SRX6804355	Illumina HiSeq 2500	ILLUMINA	SRS5349273	SAMN12698013	Danio rerio	SRP220428	2019-10-09 00:00:00 UTC	PRJNA564013	89	183	public	7955.0
SRR10070668	RNA-Seq	public	SRX6804356	Illumina HiSeq 2500	ILLUMINA	SRS5349274	SAMN12698012	Danio rerio	SRP220428	2019-10-09 00:00:00 UTC	PRJNA564013	72	148	public	7955.0
SRR10070669	RNA-Seq	public	SRX6804357	Illumina HiSeq 2500	ILLUMINA	SRS5349275	SAMN12698011	Danio rerio	SRP220428	2019-10-09 00:00:00 UTC	PRJNA564013	23	47	public	7955.0
SRR10070670	RNA-Seq	public	SRX6804358	Illumina HiSeq 2500	ILLUMINA	SRS5349276	SAMN12698010	Danio rerio	SRP220428	2019-10-09 00:00:00 UTC	PRJNA564013	210	441	public	7955.0
SRR10070671	RNA-Seq	public	SRX6804359	Illumina HiSeq 2500	ILLUMINA	SRS5349277	SAMN12698009	Danio rerio	SRP220428	2019-10-09 00:00:00 UTC	PRJNA564013	124	263	public	7955.0
SRR10070672	RNA-Seq	public	SRX6804360	Illumina HiSeq 2500	ILLUMINA	SRS5349278	SAMN12698008	Danio rerio	SRP220428	2019-10-09 00:00:00 UTC	PRJNA564013	124	255	public	7955.0
SRR10070673	RNA-Seq	public	SRX6804361	Illumina HiSeq 2500	ILLUMINA	SRS5349279	SAMN12698007	Danio rerio	SRP220428	2019-10-09 00:00:00 UTC	PRJNA564013	102	213	public	7955.0
SRR10070674	RNA-Seq	public	SRX6804362	Illumina HiSeq 2500	ILLUMINA	SRS5349280	SAMN12698006	Danio rerio	SRP220428	2019-10-09 00:00:00 UTC	PRJNA564013	104	215	public	7955.0
SRR10070675	RNA-Seq	public	SRX6804363	Illumina HiSeq 2500	ILLUMINA	SRS5349281	SAMN12698005	Danio rerio	SRP220428	2019-10-09 00:00:00 UTC	PRJNA564013	149	305	public	7955.0
SRR10070676	RNA-Seq	public	SRX6804364	Illumina HiSeq 2500	ILLUMINA	SRS5349282	SAMN12698004	Danio rerio	SRP220428	2019-10-09 00:00:00 UTC	PRJNA564013	27	55	public	7955.0
SRR10070677	RNA-Seq	public	SRX6804365	Illumina HiSeq 2500	ILLUMINA	SRS5349283	SAMN12698003	Danio rerio	SRP220428	2019-10-09 00:00:00 UTC	PRJNA564013	136	279	public	7955.0
SRR10070678	RNA-Seq	public	SRX6804366	Illumina HiSeq 2500	ILLUMINA	SRS5349284	SAMN12698002	Danio rerio	SRP220428	2019-10-09 00:00:00 UTC	PRJNA564013	165	348	public	7955.0
SRR10070679	RNA-Seq	public	SRX6804367	Illumina HiSeq 2500	ILLUMINA	SRS5349285	SAMN12698001	Danio rerio	SRP220428	2019-10-09 00:00:00 UTC	PRJNA564013	81	173	public	7955.0
SRR10070680	RNA-Seq	public	SRX6804368	Illumina HiSeq 2500	ILLUMINA	SRS5349286	SAMN12698000	Danio rerio	SRP220428	2019-10-09 00:00:00 UTC	PRJNA564013	122	259	public	7955.0
SRR10070681	RNA-Seq	public	SRX6804369	Illumina HiSeq 2500	ILLUMINA	SRS5349287	SAMN12697999	Danio rerio	SRP220428	2019-10-09 00:00:00 UTC	PRJNA564013	86	182	public	7955.0
SRR10070682	RNA-Seq	public	SRX6804370	Illumina HiSeq 2500	ILLUMINA	SRS5349288	SAMN12697998	Danio rerio	SRP220428	2019-10-09 00:00:00 UTC	PRJNA564013	138	273	public	7955.0
SRR10070683	RNA-Seq	public	SRX6804371	Illumina HiSeq 2500	ILLUMINA	SRS5349289	SAMN12697961	Danio rerio	SRP220428	2019-10-09 00:00:00 UTC	PRJNA564013	92	191	public	7955.0
SRR10070684	RNA-Seq	public	SRX6804372	Illumina HiSeq 2500	ILLUMINA	SRS5349290	SAMN12697960	Danio rerio	SRP220428	2019-10-09 00:00:00 UTC	PRJNA564013	223	467	public	7955.0
SRR10070685	RNA-Seq	public	SRX6804373	Illumina HiSeq 2500	ILLUMINA	SRS5349291	SAMN12697959	Danio rerio	SRP220428	2019-10-09 00:00:00 UTC	PRJNA564013	102	213	public	7955.0
SRR10070686	RNA-Seq	public	SRX6804374	Illumina HiSeq 2500	ILLUMINA	SRS5349292	SAMN12697958	Danio rerio	SRP220428	2019-10-09 00:00:00 UTC	PRJNA564013	93	191	public	7955.0
SRR10070687	RNA-Seq	public	SRX6804375	Illumina HiSeq 2500	ILLUMINA	SRS5349293	SAMN12697957	Danio rerio	SRP220428	2019-10-09 00:00:00 UTC	PRJNA564013	40	83	public	7955.0
SRR10070688	RNA-Seq	public	SRX6804376	Illumina HiSeq 2500	ILLUMINA	SRS5349294	SAMN12697956	Danio rerio	SRP220428	2019-10-09 00:00:00 UTC	PRJNA564013	211	439	public	7955.0
SRR10070689	RNA-Seq	public	SRX6804377	Illumina HiSeq 2500	ILLUMINA	SRS5349295	SAMN12697955	Danio rerio	SRP220428	2019-10-09 00:00:00 UTC	PRJNA564013	79	151	public	7955.0
SRR10070690	RNA-Seq	public	SRX6804378	Illumina HiSeq 2500	ILLUMINA	SRS5349296	SAMN12697954	Danio rerio	SRP220428	2019-10-09 00:00:00 UTC	PRJNA564013	113	236	public	7955.0
SRR10070691	RNA-Seq	public	SRX6804379	Illumina HiSeq 2500	ILLUMINA	SRS5349297	SAMN12697953	Danio rerio	SRP220428	2019-10-09 00:00:00 UTC	PRJNA564013	95	196	public	7955.0
SRR10070692	RNA-Seq	public	SRX6804380	Illumina HiSeq 2500	ILLUMINA	SRS5349298	SAMN12697952	Danio rerio	SRP220428	2019-10-09 00:00:00 UTC	PRJNA564013	131	269	public	7955.0
SRR10070693	RNA-Seq	public	SRX6804381	Illumina HiSeq 2500	ILLUMINA	SRS5349299	SAMN12697948	Danio rerio	SRP220428	2019-10-09 00:00:00 UTC	PRJNA564013	28	57	public	7955.0
SRR10070694	RNA-Seq	public	SRX6804382	Illumina HiSeq 2500	ILLUMINA	SRS5349300	SAMN12697947	Danio rerio	SRP220428	2019-10-09 00:00:00 UTC	PRJNA564013	163	340	public	7955.0
SRR10070695	RNA-Seq	public	SRX6804383	Illumina HiSeq 2500	ILLUMINA	SRS5349301	SAMN12697946	Danio rerio	SRP220428	2019-10-09 00:00:00 UTC	PRJNA564013	138	288	public	7955.0
SRR10070696	RNA-Seq	public	SRX6804384	Illumina HiSeq 2500	ILLUMINA	SRS5349302	SAMN12697945	Danio rerio	SRP220428	2019-10-09 00:00:00 UTC	PRJNA564013	151	322	public	7955.0
SRR10070697	RNA-Seq	public	SRX6804225	Illumina HiSeq 2500	ILLUMINA	SRS5349143	SAMN12697944	Danio rerio	SRP220428	2019-10-09 00:00:00 UTC	PRJNA564013	115	245	public	7955.0
SRR10070698	RNA-Seq	public	SRX6804226	Illumina HiSeq 2500	ILLUMINA	SRS5349144	SAMN12697951	Danio rerio	SRP220428	2019-10-09 00:00:00 UTC	PRJNA564013	98	195	public	7955.0
SRR10070699	RNA-Seq	public	SRX6804227	Illumina HiSeq 2500	ILLUMINA	SRS5349145	SAMN12697950	Danio rerio	SRP220428	2019-10-09 00:00:00 UTC	PRJNA564013	59	125	public	7955.0
SRR10070700	RNA-Seq	public	SRX6804228	Illumina HiSeq 2500	ILLUMINA	SRS5349146	SAMN12697949	Danio rerio	SRP220428	2019-10-09 00:00:00 UTC	PRJNA564013	82	163	public	7955.0
SRR10070701	RNA-Seq	public	SRX6804229	Illumina HiSeq 2500	ILLUMINA	SRS5349147	SAMN12697943	Danio rerio	SRP220428	2019-10-09 00:00:00 UTC	PRJNA564013	86	178	public	7955.0
SRR10070702	RNA-Seq	public	SRX6804230	Illumina HiSeq 2500	ILLUMINA	SRS5349148	SAMN12697942	Danio rerio	SRP220428	2019-10-09 00:00:00 UTC	PRJNA564013	46	93	public	7955.0
SRR10070703	RNA-Seq	public	SRX6804231	Illumina HiSeq 2500	ILLUMINA	SRS5349149	SAMN12697941	Danio rerio	SRP220428	2019-10-09 00:00:00 UTC	PRJNA564013	85	168	public	7955.0
SRR10070704	RNA-Seq	public	SRX6804232	Illumina HiSeq 2500	ILLUMINA	SRS5349150	SAMN12697940	Danio rerio	SRP220428	2019-10-09 00:00:00 UTC	PRJNA564013	21	43	public	7955.0
SRR10070705	RNA-Seq	public	SRX6804233	Illumina HiSeq 2500	ILLUMINA	SRS5349151	SAMN12697939	Danio rerio	SRP220428	2019-10-09 00:00:00 UTC	PRJNA564013	172	349	public	7955.0
SRR10070706	RNA-Seq	public	SRX6804234	Illumina HiSeq 2500	ILLUMINA	SRS5349152	SAMN12697938	Danio rerio	SRP220428	2019-10-09 00:00:00 UTC	PRJNA564013	51	106	public	7955.0
SRR10070707	RNA-Seq	public	SRX6804235	Illumina HiSeq 2500	ILLUMINA	SRS5349153	SAMN12697937	Danio rerio	SRP220428	2019-10-09 00:00:00 UTC	PRJNA564013	85	173	public	7955.0
SRR10070708	RNA-Seq	public	SRX6804236	Illumina HiSeq 2500	ILLUMINA	SRS5349154	SAMN12697936	Danio rerio	SRP220428	2019-10-09 00:00:00 UTC	PRJNA564013	31	64	public	7955.0
SRR10070709	RNA-Seq	public	SRX6804237	Illumina HiSeq 2500	ILLUMINA	SRS5349155	SAMN12697935	Danio rerio	SRP220428	2019-10-09 00:00:00 UTC	PRJNA564013	71	147	public	7955.0
SRR10070710	RNA-Seq	public	SRX6804238	Illumina HiSeq 2500	ILLUMINA	SRS5349156	SAMN12697934	Danio rerio	SRP220428	2019-10-09 00:00:00 UTC	PRJNA564013	166	349	public	7955.0
SRR10070711	RNA-Seq	public	SRX6804239	Illumina HiSeq 2500	ILLUMINA	SRS5349157	SAMN12697933	Danio rerio	SRP220428	2019-10-09 00:00:00 UTC	PRJNA564013	156	330	public	7955.0
SRR10070712	RNA-Seq	public	SRX6804240	Illumina HiSeq 2500	ILLUMINA	SRS5349158	SAMN12697932	Danio rerio	SRP220428	2019-10-09 00:00:00 UTC	PRJNA564013	119	254	public	7955.0
SRR10070713	RNA-Seq	public	SRX6804241	Illumina HiSeq 2500	ILLUMINA	SRS5349159	SAMN12697891	Danio rerio	SRP220428	2019-10-09 00:00:00 UTC	PRJNA564013	99	211	public	7955.0
SRR10070714	RNA-Seq	public	SRX6804242	Illumina HiSeq 2500	ILLUMINA	SRS5349160	SAMN12697890	Danio rerio	SRP220428	2019-10-09 00:00:00 UTC	PRJNA564013	39	83	public	7955.0
SRR10070715	RNA-Seq	public	SRX6804243	Illumina HiSeq 2500	ILLUMINA	SRS5349161	SAMN12697889	Danio rerio	SRP220428	2019-10-09 00:00:00 UTC	PRJNA564013	147	308	public	7955.0
SRR10070716	RNA-Seq	public	SRX6804244	Illumina HiSeq 2500	ILLUMINA	SRS5349162	SAMN12697888	Danio rerio	SRP220428	2019-10-09 00:00:00 UTC	PRJNA564013	161	336	public	7955.0
SRR10070717	RNA-Seq	public	SRX6804245	Illumina HiSeq 2500	ILLUMINA	SRS5349163	SAMN12697887	Danio rerio	SRP220428	2019-10-09 00:00:00 UTC	PRJNA564013	166	352	public	7955.0
SRR10070718	RNA-Seq	public	SRX6804246	Illumina HiSeq 2500	ILLUMINA	SRS5349164	SAMN12697886	Danio rerio	SRP220428	2019-10-09 00:00:00 UTC	PRJNA564013	124	263	public	7955.0
SRR10070719	RNA-Seq	public	SRX6804247	Illumina HiSeq 2500	ILLUMINA	SRS5349165	SAMN12697885	Danio rerio	SRP220428	2019-10-09 00:00:00 UTC	PRJNA564013	165	345	public	7955.0
SRR10070720	RNA-Seq	public	SRX6804248	Illumina HiSeq 2500	ILLUMINA	SRS5349166	SAMN12697884	Danio rerio	SRP220428	2019-10-09 00:00:00 UTC	PRJNA564013	164	346	public	7955.0
SRR10070721	RNA-Seq	public	SRX6804249	Illumina HiSeq 2500	ILLUMINA	SRS5349167	SAMN12697883	Danio rerio	SRP220428	2019-10-09 00:00:00 UTC	PRJNA564013	138	292	public	7955.0
SRR10070722	RNA-Seq	public	SRX6804250	Illumina HiSeq 2500	ILLUMINA	SRS5349168	SAMN12697882	Danio rerio	SRP220428	2019-10-09 00:00:00 UTC	PRJNA564013	198	409	public	7955.0
SRR10070723	RNA-Seq	public	SRX6804251	Illumina HiSeq 2500	ILLUMINA	SRS5349169	SAMN12697881	Danio rerio	SRP220428	2019-10-09 00:00:00 UTC	PRJNA564013	36	75	public	7955.0
SRR10070724	RNA-Seq	public	SRX6804252	Illumina HiSeq 2500	ILLUMINA	SRS5349170	SAMN12697880	Danio rerio	SRP220428	2019-10-09 00:00:00 UTC	PRJNA564013	107	210	public	7955.0
SRR10070725	RNA-Seq	public	SRX6804253	Illumina HiSeq 2500	ILLUMINA	SRS5349171	SAMN12697879	Danio rerio	SRP220428	2019-10-09 00:00:00 UTC	PRJNA564013	100	212	public	7955.0
SRR10070726	RNA-Seq	public	SRX6804254	Illumina HiSeq 2500	ILLUMINA	SRS5349172	SAMN12697878	Danio rerio	SRP220428	2019-10-09 00:00:00 UTC	PRJNA564013	131	265	public	7955.0
SRR10070727	RNA-Seq	public	SRX6804255	Illumina HiSeq 2500	ILLUMINA	SRS5349173	SAMN12697877	Danio rerio	SRP220428	2019-10-09 00:00:00 UTC	PRJNA564013	29	61	public	7955.0
SRR10070728	RNA-Seq	public	SRX6804256	Illumina HiSeq 2500	ILLUMINA	SRS5349174	SAMN12697876	Danio rerio	SRP220428	2019-10-09 00:00:00 UTC	PRJNA564013	171	358	public	7955.0
SRR10070729	RNA-Seq	public	SRX6804193	Illumina HiSeq 2500	ILLUMINA	SRS5349111	SAMN12697875	Danio rerio	SRP220428	2019-10-09 00:00:00 UTC	PRJNA564013	163	343	public	7955.0
SRR10070730	RNA-Seq	public	SRX6804194	Illumina HiSeq 2500	ILLUMINA	SRS5349112	SAMN12697874	Danio rerio	SRP220428	2019-10-09 00:00:00 UTC	PRJNA564013	73	155	public	7955.0
SRR10070731	RNA-Seq	public	SRX6804195	Illumina HiSeq 2500	ILLUMINA	SRS5349113	SAMN12697873	Danio rerio	SRP220428	2019-10-09 00:00:00 UTC	PRJNA564013	177	379	public	7955.0
SRR10070732	RNA-Seq	public	SRX6804196	Illumina HiSeq 2500	ILLUMINA	SRS5349114	SAMN12697872	Danio rerio	SRP220428	2019-10-09 00:00:00 UTC	PRJNA564013	85	179	public	7955.0
SRR10070733	RNA-Seq	public	SRX6804197	Illumina HiSeq 2500	ILLUMINA	SRS5349115	SAMN12697871	Danio rerio	SRP220428	2019-10-09 00:00:00 UTC	PRJNA564013	151	313	public	7955.0
SRR10070734	RNA-Seq	public	SRX6804198	Illumina HiSeq 2500	ILLUMINA	SRS5349116	SAMN12697870	Danio rerio	SRP220428	2019-10-09 00:00:00 UTC	PRJNA564013	154	322	public	7955.0
SRR10070735	RNA-Seq	public	SRX6804199	Illumina HiSeq 2500	ILLUMINA	SRS5349117	SAMN12697869	Danio rerio	SRP220428	2019-10-09 00:00:00 UTC	PRJNA564013	132	279	public	7955.0
SRR10070736	RNA-Seq	public	SRX6804200	Illumina HiSeq 2500	ILLUMINA	SRS5349118	SAMN12697968	Danio rerio	SRP220428	2019-10-09 00:00:00 UTC	PRJNA564013	87	182	public	7955.0
SRR10070737	RNA-Seq	public	SRX6804201	Illumina HiSeq 2500	ILLUMINA	SRS5349119	SAMN12697967	Danio rerio	SRP220428	2019-10-09 00:00:00 UTC	PRJNA564013	39	82	public	7955.0
SRR10070738	RNA-Seq	public	SRX6804202	Illumina HiSeq 2500	ILLUMINA	SRS5349120	SAMN12697966	Danio rerio	SRP220428	2019-10-09 00:00:00 UTC	PRJNA564013	177	386	public	7955.0
SRR10070739	RNA-Seq	public	SRX6804203	Illumina HiSeq 2500	ILLUMINA	SRS5349121	SAMN12697965	Danio rerio	SRP220428	2019-10-09 00:00:00 UTC	PRJNA564013	123	273	public	7955.0
SRR10070740	RNA-Seq	public	SRX6804204	Illumina HiSeq 2500	ILLUMINA	SRS5349122	SAMN12697964	Danio rerio	SRP220428	2019-10-09 00:00:00 UTC	PRJNA564013	143	316	public	7955.0
SRR10070741	RNA-Seq	public	SRX6804205	Illumina HiSeq 2500	ILLUMINA	SRS5349123	SAMN12697963	Danio rerio	SRP220428	2019-10-09 00:00:00 UTC	PRJNA564013	132	291	public	7955.0
SRR10070742	RNA-Seq	public	SRX6804206	Illumina HiSeq 2500	ILLUMINA	SRS5349124	SAMN12697962	Danio rerio	SRP220428	2019-10-09 00:00:00 UTC	PRJNA564013	160	353	public	7955.0
SRR10070743	RNA-Seq	public	SRX6804207	Illumina HiSeq 2500	ILLUMINA	SRS5349125	SAMN12697921	Danio rerio	SRP220428	2019-10-09 00:00:00 UTC	PRJNA564013	160	353	public	7955.0
SRR10070744	RNA-Seq	public	SRX6804208	Illumina HiSeq 2500	ILLUMINA	SRS5349126	SAMN12697920	Danio rerio	SRP220428	2019-10-09 00:00:00 UTC	PRJNA564013	115	266	public	7955.0
SRR10070745	RNA-Seq	public	SRX6804209	Illumina HiSeq 2500	ILLUMINA	SRS5349127	SAMN12697919	Danio rerio	SRP220428	2019-10-09 00:00:00 UTC	PRJNA564013	147	339	public	7955.0
SRR10070746	RNA-Seq	public	SRX6804210	Illumina HiSeq 2500	ILLUMINA	SRS5349128	SAMN12697918	Danio rerio	SRP220428	2019-10-09 00:00:00 UTC	PRJNA564013	103	239	public	7955.0
SRR10070747	RNA-Seq	public	SRX6804211	Illumina HiSeq 2500	ILLUMINA	SRS5349129	SAMN12697917	Danio rerio	SRP220428	2019-10-09 00:00:00 UTC	PRJNA564013	76	167	public	7955.0
SRR10070748	RNA-Seq	public	SRX6804212	Illumina HiSeq 2500	ILLUMINA	SRS5349130	SAMN12697916	Danio rerio	SRP220428	2019-10-09 00:00:00 UTC	PRJNA564013	126	280	public	7955.0
SRR10070749	RNA-Seq	public	SRX6804213	Illumina HiSeq 2500	ILLUMINA	SRS5349131	SAMN12697915	Danio rerio	SRP220428	2019-10-09 00:00:00 UTC	PRJNA564013	68	144	public	7955.0
SRR10070750	RNA-Seq	public	SRX6804214	Illumina HiSeq 2500	ILLUMINA	SRS5349132	SAMN12697914	Danio rerio	SRP220428	2019-10-09 00:00:00 UTC	PRJNA564013	86	184	public	7955.0
SRR10070751	RNA-Seq	public	SRX6804215	Illumina HiSeq 2500	ILLUMINA	SRS5349133	SAMN12697912	Danio rerio	SRP220428	2019-10-09 00:00:00 UTC	PRJNA564013	39	89	public	7955.0
SRR10070752	RNA-Seq	public	SRX6804216	Illumina HiSeq 2500	ILLUMINA	SRS5349134	SAMN12697911	Danio rerio	SRP220428	2019-10-09 00:00:00 UTC	PRJNA564013	136	300	public	7955.0
SRR10070753	RNA-Seq	public	SRX6804217	Illumina HiSeq 2500	ILLUMINA	SRS5349135	SAMN12697910	Danio rerio	SRP220428	2019-10-09 00:00:00 UTC	PRJNA564013	121	265	public	7955.0
SRR10070754	RNA-Seq	public	SRX6804218	Illumina HiSeq 2500	ILLUMINA	SRS5349136	SAMN12697909	Danio rerio	SRP220428	2019-10-09 00:00:00 UTC	PRJNA564013	244	547	public	7955.0
SRR10070755	RNA-Seq	public	SRX6804219	Illumina HiSeq 2500	ILLUMINA	SRS5349137	SAMN12697908	Danio rerio	SRP220428	2019-10-09 00:00:00 UTC	PRJNA564013	136	293	public	7955.0
SRR10070756	RNA-Seq	public	SRX6804220	Illumina HiSeq 2500	ILLUMINA	SRS5349138	SAMN12697907	Danio rerio	SRP220428	2019-10-09 00:00:00 UTC	PRJNA564013	165	360	public	7955.0
SRR10070757	RNA-Seq	public	SRX6804221	Illumina HiSeq 2500	ILLUMINA	SRS5349139	SAMN12697906	Danio rerio	SRP220428	2019-10-09 00:00:00 UTC	PRJNA564013	97	212	public	7955.0
SRR10070758	RNA-Seq	public	SRX6804222	Illumina HiSeq 2500	ILLUMINA	SRS5349140	SAMN12697913	Danio rerio	SRP220428	2019-10-09 00:00:00 UTC	PRJNA564013	135	295	public	7955.0
SRR10070759	RNA-Seq	public	SRX6804223	Illumina HiSeq 2500	ILLUMINA	SRS5349141	SAMN12697905	Danio rerio	SRP220428	2019-10-09 00:00:00 UTC	PRJNA564013	92	205	public	7955.0
SRR10070760	RNA-Seq	public	SRX6804224	Illumina HiSeq 2500	ILLUMINA	SRS5349142	SAMN12697904	Danio rerio	SRP220428	2019-10-09 00:00:00 UTC	PRJNA564013	150	329	public	7955.0
SRR10070761	RNA-Seq	public	SRX6804161	Illumina HiSeq 2500	ILLUMINA	SRS5349079	SAMN12697903	Danio rerio	SRP220428	2019-10-09 00:00:00 UTC	PRJNA564013	142	310	public	7955.0
SRR10070762	RNA-Seq	public	SRX6804162	Illumina HiSeq 2500	ILLUMINA	SRS5349080	SAMN12697902	Danio rerio	SRP220428	2019-10-09 00:00:00 UTC	PRJNA564013	62	138	public	7955.0
SRR10070763	RNA-Seq	public	SRX6804163	Illumina HiSeq 2500	ILLUMINA	SRS5349081	SAMN12697901	Danio rerio	SRP220428	2019-10-09 00:00:00 UTC	PRJNA564013	70	153	public	7955.0
SRR10070764	RNA-Seq	public	SRX6804164	Illumina HiSeq 2500	ILLUMINA	SRS5349082	SAMN12697900	Danio rerio	SRP220428	2019-10-09 00:00:00 UTC	PRJNA564013	69	153	public	7955.0
SRR10070765	RNA-Seq	public	SRX6804165	Illumina HiSeq 2500	ILLUMINA	SRS5349083	SAMN12697899	Danio rerio	SRP220428	2019-10-09 00:00:00 UTC	PRJNA564013	39	86	public	7955.0
SRR10070766	RNA-Seq	public	SRX6804166	Illumina HiSeq 2500	ILLUMINA	SRS5349084	SAMN12697898	Danio rerio	SRP220428	2019-10-09 00:00:00 UTC	PRJNA564013	54	118	public	7955.0
SRR10070767	RNA-Seq	public	SRX6804167	Illumina HiSeq 2500	ILLUMINA	SRS5349085	SAMN12697897	Danio rerio	SRP220428	2019-10-09 00:00:00 UTC	PRJNA564013	95	209	public	7955.0
SRR10070768	RNA-Seq	public	SRX6804168	Illumina HiSeq 2500	ILLUMINA	SRS5349086	SAMN12697896	Danio rerio	SRP220428	2019-10-09 00:00:00 UTC	PRJNA564013	60	131	public	7955.0
SRR10070769	RNA-Seq	public	SRX6804169	Illumina HiSeq 2500	ILLUMINA	SRS5349087	SAMN12697895	Danio rerio	SRP220428	2019-10-09 00:00:00 UTC	PRJNA564013	114	249	public	7955.0
SRR10070770	RNA-Seq	public	SRX6804170	Illumina HiSeq 2500	ILLUMINA	SRS5349088	SAMN12697894	Danio rerio	SRP220428	2019-10-09 00:00:00 UTC	PRJNA564013	50	111	public	7955.0
SRR10070771	RNA-Seq	public	SRX6804171	Illumina HiSeq 2500	ILLUMINA	SRS5349089	SAMN12697893	Danio rerio	SRP220428	2019-10-09 00:00:00 UTC	PRJNA564013	56	122	public	7955.0
SRR10070772	RNA-Seq	public	SRX6804172	Illumina HiSeq 2500	ILLUMINA	SRS5349090	SAMN12697892	Danio rerio	SRP220428	2019-10-09 00:00:00 UTC	PRJNA564013	53	109	public	7955.0
SRR10070773	RNA-Seq	public	SRX6804173	Illumina HiSeq 2500	ILLUMINA	SRS5349091	SAMN12697855	Danio rerio	SRP220428	2019-10-09 00:00:00 UTC	PRJNA564013	26	58	public	7955.0
SRR10070774	RNA-Seq	public	SRX6804174	Illumina HiSeq 2500	ILLUMINA	SRS5349092	SAMN12697854	Danio rerio	SRP220428	2019-10-09 00:00:00 UTC	PRJNA564013	92	198	public	7955.0
SRR10070775	RNA-Seq	public	SRX6804175	Illumina HiSeq 2500	ILLUMINA	SRS5349093	SAMN12697853	Danio rerio	SRP220428	2019-10-09 00:00:00 UTC	PRJNA564013	156	343	public	7955.0
SRR10070776	RNA-Seq	public	SRX6804176	Illumina HiSeq 2500	ILLUMINA	SRS5349094	SAMN12697852	Danio rerio	SRP220428	2019-10-09 00:00:00 UTC	PRJNA564013	123	273	public	7955.0
SRR10070777	RNA-Seq	public	SRX6804177	Illumina HiSeq 2500	ILLUMINA	SRS5349095	SAMN12697851	Danio rerio	SRP220428	2019-10-09 00:00:00 UTC	PRJNA564013	175	387	public	7955.0
SRR10070778	RNA-Seq	public	SRX6804178	Illumina HiSeq 2500	ILLUMINA	SRS5349096	SAMN12697850	Danio rerio	SRP220428	2019-10-09 00:00:00 UTC	PRJNA564013	122	272	public	7955.0
SRR10070779	RNA-Seq	public	SRX6804179	Illumina HiSeq 2500	ILLUMINA	SRS5349097	SAMN12697849	Danio rerio	SRP220428	2019-10-09 00:00:00 UTC	PRJNA564013	178	394	public	7955.0
SRR10070780	RNA-Seq	public	SRX6804180	Illumina HiSeq 2500	ILLUMINA	SRS5349098	SAMN12697848	Danio rerio	SRP220428	2019-10-09 00:00:00 UTC	PRJNA564013	82	183	public	7955.0
SRR10070781	RNA-Seq	public	SRX6804181	Illumina HiSeq 2500	ILLUMINA	SRS5349099	SAMN12697846	Danio rerio	SRP220428	2019-10-09 00:00:00 UTC	PRJNA564013	125	270	public	7955.0
SRR10070782	RNA-Seq	public	SRX6804182	Illumina HiSeq 2500	ILLUMINA	SRS5349100	SAMN12697845	Danio rerio	SRP220428	2019-10-09 00:00:00 UTC	PRJNA564013	96	216	public	7955.0
SRR10070783	RNA-Seq	public	SRX6804183	Illumina HiSeq 2500	ILLUMINA	SRS5349101	SAMN12697844	Danio rerio	SRP220428	2019-10-09 00:00:00 UTC	PRJNA564013	66	146	public	7955.0
SRR10070784	RNA-Seq	public	SRX6804184	Illumina HiSeq 2500	ILLUMINA	SRS5349102	SAMN12697843	Danio rerio	SRP220428	2019-10-09 00:00:00 UTC	PRJNA564013	75	170	public	7955.0
SRR10070785	RNA-Seq	public	SRX6804185	Illumina HiSeq 2500	ILLUMINA	SRS5349103	SAMN12697842	Danio rerio	SRP220428	2019-10-09 00:00:00 UTC	PRJNA564013	56	122	public	7955.0
SRR10070786	RNA-Seq	public	SRX6804186	Illumina HiSeq 2500	ILLUMINA	SRS5349104	SAMN12697841	Danio rerio	SRP220428	2019-10-09 00:00:00 UTC	PRJNA564013	45	101	public	7955.0
SRR10070787	RNA-Seq	public	SRX6804187	Illumina HiSeq 2500	ILLUMINA	SRS5349105	SAMN12697840	Danio rerio	SRP220428	2019-10-09 00:00:00 UTC	PRJNA564013	97	215	public	7955.0
SRR10070788	RNA-Seq	public	SRX6804188	Illumina HiSeq 2500	ILLUMINA	SRS5349106	SAMN12697839	Danio rerio	SRP220428	2019-10-09 00:00:00 UTC	PRJNA564013	106	235	public	7955.0
SRR10070789	RNA-Seq	public	SRX6804189	Illumina HiSeq 2500	ILLUMINA	SRS5349107	SAMN12697838	Danio rerio	SRP220428	2019-10-09 00:00:00 UTC	PRJNA564013	120	268	public	7955.0
SRR10070790	RNA-Seq	public	SRX6804190	Illumina HiSeq 2500	ILLUMINA	SRS5349108	SAMN12697837	Danio rerio	SRP220428	2019-10-09 00:00:00 UTC	PRJNA564013	26	58	public	7955.0
SRR10070791	RNA-Seq	public	SRX6804191	Illumina HiSeq 2500	ILLUMINA	SRS5349109	SAMN12697836	Danio rerio	SRP220428	2019-10-09 00:00:00 UTC	PRJNA564013	63	138	public	7955.0
SRR10070792	RNA-Seq	public	SRX6804192	Illumina HiSeq 2500	ILLUMINA	SRS5349110	SAMN12697835	Danio rerio	SRP220428	2019-10-09 00:00:00 UTC	PRJNA564013	55	125	public	7955.0
SRR10070793	RNA-Seq	public	SRX6804257	Illumina HiSeq 2500	ILLUMINA	SRS5349175	SAMN12697834	Danio rerio	SRP220428	2019-10-09 00:00:00 UTC	PRJNA564013	155	340	public	7955.0
SRR10070794	RNA-Seq	public	SRX6804258	Illumina HiSeq 2500	ILLUMINA	SRS5349176	SAMN12697833	Danio rerio	SRP220428	2019-10-09 00:00:00 UTC	PRJNA564013	15	34	public	7955.0
SRR10070795	RNA-Seq	public	SRX6804259	Illumina HiSeq 2500	ILLUMINA	SRS5349177	SAMN12697832	Danio rerio	SRP220428	2019-10-09 00:00:00 UTC	PRJNA564013	166	363	public	7955.0
SRR10070796	RNA-Seq	public	SRX6804260	Illumina HiSeq 2500	ILLUMINA	SRS5349178	SAMN12697831	Danio rerio	SRP220428	2019-10-09 00:00:00 UTC	PRJNA564013	118	269	public	7955.0
SRR10070797	RNA-Seq	public	SRX6804261	Illumina HiSeq 2500	ILLUMINA	SRS5349179	SAMN12697830	Danio rerio	SRP220428	2019-10-09 00:00:00 UTC	PRJNA564013	181	401	public	7955.0
SRR10070798	RNA-Seq	public	SRX6804262	Illumina HiSeq 2500	ILLUMINA	SRS5349180	SAMN12697829	Danio rerio	SRP220428	2019-10-09 00:00:00 UTC	PRJNA564013	119	261	public	7955.0
SRR10070799	RNA-Seq	public	SRX6804263	Illumina HiSeq 2500	ILLUMINA	SRS5349181	SAMN12697828	Danio rerio	SRP220428	2019-10-09 00:00:00 UTC	PRJNA564013	172	375	public	7955.0
SRR10070800	RNA-Seq	public	SRX6804264	Illumina HiSeq 2500	ILLUMINA	SRS5349182	SAMN12697827	Danio rerio	SRP220428	2019-10-09 00:00:00 UTC	PRJNA564013	34	75	public	7955.0
SRR10070801	RNA-Seq	public	SRX6804265	Illumina HiSeq 2500	ILLUMINA	SRS5349183	SAMN12697826	Danio rerio	SRP220428	2019-10-09 00:00:00 UTC	PRJNA564013	122	276	public	7955.0
SRR10070802	RNA-Seq	public	SRX6804266	Illumina HiSeq 2500	ILLUMINA	SRS5349184	SAMN12697922	Danio rerio	SRP220428	2019-10-09 00:00:00 UTC	PRJNA564013	162	359	public	7955.0
SRR10070803	RNA-Seq	public	SRX6804267	Illumina HiSeq 2500	ILLUMINA	SRS5349185	SAMN12697817	Danio rerio	SRP220428	2019-10-09 00:00:00 UTC	PRJNA564013	56	124	public	7955.0
SRR10070804	RNA-Seq	public	SRX6804268	Illumina HiSeq 2500	ILLUMINA	SRS5349186	SAMN12697816	Danio rerio	SRP220428	2019-10-09 00:00:00 UTC	PRJNA564013	44	97	public	7955.0
SRR10070805	RNA-Seq	public	SRX6804269	Illumina HiSeq 2500	ILLUMINA	SRS5349187	SAMN12697868	Danio rerio	SRP220428	2019-10-09 00:00:00 UTC	PRJNA564013	137	311	public	7955.0
SRR10070806	RNA-Seq	public	SRX6804270	Illumina HiSeq 2500	ILLUMINA	SRS5349188	SAMN12697867	Danio rerio	SRP220428	2019-10-09 00:00:00 UTC	PRJNA564013	44	92	public	7955.0
SRR10070807	RNA-Seq	public	SRX6804271	Illumina HiSeq 2500	ILLUMINA	SRS5349189	SAMN12697866	Danio rerio	SRP220428	2019-10-09 00:00:00 UTC	PRJNA564013	26	60	public	7955.0
SRR10070808	RNA-Seq	public	SRX6804272	Illumina HiSeq 2500	ILLUMINA	SRS5349190	SAMN12697865	Danio rerio	SRP220428	2019-10-09 00:00:00 UTC	PRJNA564013	100	220	public	7955.0
SRR10070809	RNA-Seq	public	SRX6804273	Illumina HiSeq 2500	ILLUMINA	SRS5349191	SAMN12697864	Danio rerio	SRP220428	2019-10-09 00:00:00 UTC	PRJNA564013	128	284	public	7955.0
SRR10070810	RNA-Seq	public	SRX6804274	Illumina HiSeq 2500	ILLUMINA	SRS5349192	SAMN12697863	Danio rerio	SRP220428	2019-10-09 00:00:00 UTC	PRJNA564013	122	270	public	7955.0
SRR10070811	RNA-Seq	public	SRX6804275	Illumina HiSeq 2500	ILLUMINA	SRS5349193	SAMN12697862	Danio rerio	SRP220428	2019-10-09 00:00:00 UTC	PRJNA564013	116	252	public	7955.0
SRR10070812	RNA-Seq	public	SRX6804276	Illumina HiSeq 2500	ILLUMINA	SRS5349194	SAMN12697861	Danio rerio	SRP220428	2019-10-09 00:00:00 UTC	PRJNA564013	138	302	public	7955.0
SRR10070813	RNA-Seq	public	SRX6804277	Illumina HiSeq 2500	ILLUMINA	SRS5349195	SAMN12697860	Danio rerio	SRP220428	2019-10-09 00:00:00 UTC	PRJNA564013	147	323	public	7955.0
SRR10070814	RNA-Seq	public	SRX6804278	Illumina HiSeq 2500	ILLUMINA	SRS5349196	SAMN12697859	Danio rerio	SRP220428	2019-10-09 00:00:00 UTC	PRJNA564013	261	597	public	7955.0
SRR10070815	RNA-Seq	public	SRX6804279	Illumina HiSeq 2500	ILLUMINA	SRS5349197	SAMN12697858	Danio rerio	SRP220428	2019-10-09 00:00:00 UTC	PRJNA564013	132	300	public	7955.0
SRR10070816	RNA-Seq	public	SRX6804280	Illumina HiSeq 2500	ILLUMINA	SRS5349198	SAMN12698181	Danio rerio	SRP220428	2019-10-09 00:00:00 UTC	PRJNA564013	224	504	public	7955.0
SRR10070817	RNA-Seq	public	SRX6804281	Illumina HiSeq 2500	ILLUMINA	SRS5349199	SAMN12698180	Danio rerio	SRP220428	2019-10-09 00:00:00 UTC	PRJNA564013	111	241	public	7955.0
SRR10070818	RNA-Seq	public	SRX6804282	Illumina HiSeq 2500	ILLUMINA	SRS5349200	SAMN12697857	Danio rerio	SRP220428	2019-10-09 00:00:00 UTC	PRJNA564013	115	261	public	7955.0
SRR10070819	RNA-Seq	public	SRX6804283	Illumina HiSeq 2500	ILLUMINA	SRS5349201	SAMN12697856	Danio rerio	SRP220428	2019-10-09 00:00:00 UTC	PRJNA564013	203	460	public	7955.0
SRR10070820	RNA-Seq	public	SRX6804284	Illumina HiSeq 2500	ILLUMINA	SRS5349202	SAMN12698185	Danio rerio	SRP220428	2019-10-09 00:00:00 UTC	PRJNA564013	123	279	public	7955.0
SRR10070821	RNA-Seq	public	SRX6804285	Illumina HiSeq 2500	ILLUMINA	SRS5349203	SAMN12698184	Danio rerio	SRP220428	2019-10-09 00:00:00 UTC	PRJNA564013	122	275	public	7955.0
SRR10070822	RNA-Seq	public	SRX6804286	Illumina HiSeq 2500	ILLUMINA	SRS5349204	SAMN12698183	Danio rerio	SRP220428	2019-10-09 00:00:00 UTC	PRJNA564013	34	72	public	7955.0
SRR10070823	RNA-Seq	public	SRX6804287	Illumina HiSeq 2500	ILLUMINA	SRS5349205	SAMN12698182	Danio rerio	SRP220428	2019-10-09 00:00:00 UTC	PRJNA564013	77	171	public	7955.0
SRR10070824	RNA-Seq	public	SRX6804288	Illumina HiSeq 2500	ILLUMINA	SRS5349206	SAMN12698179	Danio rerio	SRP220428	2019-10-09 00:00:00 UTC	PRJNA564013	56	129	public	7955.0
SRR10070825	RNA-Seq	public	SRX6804289	Illumina HiSeq 2500	ILLUMINA	SRS5349207	SAMN12698178	Danio rerio	SRP220428	2019-10-09 00:00:00 UTC	PRJNA564013	195	434	public	7955.0
SRR10070826	RNA-Seq	public	SRX6804290	Illumina HiSeq 2500	ILLUMINA	SRS5349208	SAMN12698177	Danio rerio	SRP220428	2019-10-09 00:00:00 UTC	PRJNA564013	154	345	public	7955.0
SRR10070827	RNA-Seq	public	SRX6804291	Illumina HiSeq 2500	ILLUMINA	SRS5349209	SAMN12698176	Danio rerio	SRP220428	2019-10-09 00:00:00 UTC	PRJNA564013	75	169	public	7955.0
SRR10070828	RNA-Seq	public	SRX6804292	Illumina HiSeq 2500	ILLUMINA	SRS5349210	SAMN12698175	Danio rerio	SRP220428	2019-10-09 00:00:00 UTC	PRJNA564013	153	341	public	7955.0
SRR10070829	RNA-Seq	public	SRX6804293	Illumina HiSeq 2500	ILLUMINA	SRS5349211	SAMN12698174	Danio rerio	SRP220428	2019-10-09 00:00:00 UTC	PRJNA564013	142	324	public	7955.0
SRR10070830	RNA-Seq	public	SRX6804294	Illumina HiSeq 2500	ILLUMINA	SRS5349212	SAMN12698173	Danio rerio	SRP220428	2019-10-09 00:00:00 UTC	PRJNA564013	159	355	public	7955.0
SRR10070831	RNA-Seq	public	SRX6804295	Illumina HiSeq 2500	ILLUMINA	SRS5349213	SAMN12698172	Danio rerio	SRP220428	2019-10-09 00:00:00 UTC	PRJNA564013	15	33	public	7955.0
SRR10070832	RNA-Seq	public	SRX6804296	Illumina HiSeq 2500	ILLUMINA	SRS5349214	SAMN12698171	Danio rerio	SRP220428	2019-10-09 00:00:00 UTC	PRJNA564013	96	208	public	7955.0
SRR10070833	RNA-Seq	public	SRX6804297	Illumina HiSeq 2500	ILLUMINA	SRS5349215	SAMN12698170	Danio rerio	SRP220428	2019-10-09 00:00:00 UTC	PRJNA564013	169	369	public	7955.0
SRR10070834	RNA-Seq	public	SRX6804298	Illumina HiSeq 2500	ILLUMINA	SRS5349216	SAMN12698169	Danio rerio	SRP220428	2019-10-09 00:00:00 UTC	PRJNA564013	29	65	public	7955.0
SRR10070835	RNA-Seq	public	SRX6804299	Illumina HiSeq 2500	ILLUMINA	SRS5349217	SAMN12698168	Danio rerio	SRP220428	2019-10-09 00:00:00 UTC	PRJNA564013	119	270	public	7955.0
SRR10070836	RNA-Seq	public	SRX6804300	Illumina HiSeq 2500	ILLUMINA	SRS5349218	SAMN12698167	Danio rerio	SRP220428	2019-10-09 00:00:00 UTC	PRJNA564013	80	179	public	7955.0
SRR10070837	RNA-Seq	public	SRX6804301	Illumina HiSeq 2500	ILLUMINA	SRS5349219	SAMN12698141	Danio rerio	SRP220428	2019-10-09 00:00:00 UTC	PRJNA564013	89	202	public	7955.0
SRR10070838	RNA-Seq	public	SRX6804302	Illumina HiSeq 2500	ILLUMINA	SRS5349220	SAMN12698140	Danio rerio	SRP220428	2019-10-09 00:00:00 UTC	PRJNA564013	79	175	public	7955.0
SRR10070839	RNA-Seq	public	SRX6804303	Illumina HiSeq 2500	ILLUMINA	SRS5349221	SAMN12698139	Danio rerio	SRP220428	2019-10-09 00:00:00 UTC	PRJNA564013	78	184	public	7955.0
SRR10070840	RNA-Seq	public	SRX6804304	Illumina HiSeq 2500	ILLUMINA	SRS5349222	SAMN12698138	Danio rerio	SRP220428	2019-10-09 00:00:00 UTC	PRJNA564013	56	124	public	7955.0
SRR10070841	RNA-Seq	public	SRX6804305	Illumina HiSeq 2500	ILLUMINA	SRS5349223	SAMN12698136	Danio rerio	SRP220428	2019-10-09 00:00:00 UTC	PRJNA564013	59	130	public	7955.0
SRR10070842	RNA-Seq	public	SRX6804306	Illumina HiSeq 2500	ILLUMINA	SRS5349224	SAMN12698135	Danio rerio	SRP220428	2019-10-09 00:00:00 UTC	PRJNA564013	33	74	public	7955.0
SRR10070843	RNA-Seq	public	SRX6804307	Illumina HiSeq 2500	ILLUMINA	SRS5349225	SAMN12698134	Danio rerio	SRP220428	2019-10-09 00:00:00 UTC	PRJNA564013	75	165	public	7955.0
SRR10070844	RNA-Seq	public	SRX6804308	Illumina HiSeq 2500	ILLUMINA	SRS5349226	SAMN12698133	Danio rerio	SRP220428	2019-10-09 00:00:00 UTC	PRJNA564013	49	111	public	7955.0
SRR10070845	RNA-Seq	public	SRX6804309	Illumina HiSeq 2500	ILLUMINA	SRS5349227	SAMN12698132	Danio rerio	SRP220428	2019-10-09 00:00:00 UTC	PRJNA564013	132	297	public	7955.0
SRR10070846	RNA-Seq	public	SRX6804310	Illumina HiSeq 2500	ILLUMINA	SRS5349228	SAMN12698131	Danio rerio	SRP220428	2019-10-09 00:00:00 UTC	PRJNA564013	209	468	public	7955.0
SRR10070847	RNA-Seq	public	SRX6804311	Illumina HiSeq 2500	ILLUMINA	SRS5349229	SAMN12698130	Danio rerio	SRP220428	2019-10-09 00:00:00 UTC	PRJNA564013	167	369	public	7955.0
SRR10070848	RNA-Seq	public	SRX6804312	Illumina HiSeq 2500	ILLUMINA	SRS5349230	SAMN12698137	Danio rerio	SRP220428	2019-10-09 00:00:00 UTC	PRJNA564013	123	280	public	7955.0
SRR10070849	RNA-Seq	public	SRX6804313	Illumina HiSeq 2500	ILLUMINA	SRS5349231	SAMN12698129	Danio rerio	SRP220428	2019-10-09 00:00:00 UTC	PRJNA564013	122	266	public	7955.0
SRR10070850	RNA-Seq	public	SRX6804314	Illumina HiSeq 2500	ILLUMINA	SRS5349232	SAMN12698128	Danio rerio	SRP220428	2019-10-09 00:00:00 UTC	PRJNA564013	156	347	public	7955.0
SRR10070851	RNA-Seq	public	SRX6804315	Illumina HiSeq 2500	ILLUMINA	SRS5349233	SAMN12698127	Danio rerio	SRP220428	2019-10-09 00:00:00 UTC	PRJNA564013	249	571	public	7955.0
SRR10070852	RNA-Seq	public	SRX6804316	Illumina HiSeq 2500	ILLUMINA	SRS5349234	SAMN12698126	Danio rerio	SRP220428	2019-10-09 00:00:00 UTC	PRJNA564013	192	423	public	7955.0
SRR10070853	RNA-Seq	public	SRX6804317	Illumina HiSeq 2500	ILLUMINA	SRS5349235	SAMN12698125	Danio rerio	SRP220428	2019-10-09 00:00:00 UTC	PRJNA564013	117	254	public	7955.0
SRR10070854	RNA-Seq	public	SRX6804318	Illumina HiSeq 2500	ILLUMINA	SRS5349236	SAMN12698124	Danio rerio	SRP220428	2019-10-09 00:00:00 UTC	PRJNA564013	122	276	public	7955.0
SRR10070855	RNA-Seq	public	SRX6804319	Illumina HiSeq 2500	ILLUMINA	SRS5349237	SAMN12698123	Danio rerio	SRP220428	2019-10-09 00:00:00 UTC	PRJNA564013	200	449	public	7955.0
SRR10070856	RNA-Seq	public	SRX6804320	Illumina HiSeq 2500	ILLUMINA	SRS5349238	SAMN12698122	Danio rerio	SRP220428	2019-10-09 00:00:00 UTC	PRJNA564013	121	272	public	7955.0
SRR10070857	RNA-Seq	public	SRX6804385	Illumina HiSeq 2500	ILLUMINA	SRS5349303	SAMN12698121	Danio rerio	SRP220428	2019-10-09 00:00:00 UTC	PRJNA564013	58	126	public	7955.0
SRR10070858	RNA-Seq	public	SRX6804386	Illumina HiSeq 2500	ILLUMINA	SRS5349304	SAMN12698120	Danio rerio	SRP220428	2019-10-09 00:00:00 UTC	PRJNA564013	131	293	public	7955.0
SRR10070859	RNA-Seq	public	SRX6804387	Illumina HiSeq 2500	ILLUMINA	SRS5349305	SAMN12698119	Danio rerio	SRP220428	2019-10-09 00:00:00 UTC	PRJNA564013	74	168	public	7955.0
SRR10070860	RNA-Seq	public	SRX6804388	Illumina HiSeq 2500	ILLUMINA	SRS5349306	SAMN12698118	Danio rerio	SRP220428	2019-10-09 00:00:00 UTC	PRJNA564013	135	303	public	7955.0
SRR10070861	RNA-Seq	public	SRX6804389	Illumina HiSeq 2500	ILLUMINA	SRS5349307	SAMN12698117	Danio rerio	SRP220428	2019-10-09 00:00:00 UTC	PRJNA564013	94	213	public	7955.0
SRR10070862	RNA-Seq	public	SRX6804390	Illumina HiSeq 2500	ILLUMINA	SRS5349308	SAMN12698190	Danio rerio	SRP220428	2019-10-09 00:00:00 UTC	PRJNA564013	102	229	public	7955.0
SRR10070863	RNA-Seq	public	SRX6804391	Illumina HiSeq 2500	ILLUMINA	SRS5349309	SAMN12698189	Danio rerio	SRP220428	2019-10-09 00:00:00 UTC	PRJNA564013	56	123	public	7955.0
SRR10070864	RNA-Seq	public	SRX6804392	Illumina HiSeq 2500	ILLUMINA	SRS5349310	SAMN12698188	Danio rerio	SRP220428	2019-10-09 00:00:00 UTC	PRJNA564013	104	233	public	7955.0
SRR10070865	RNA-Seq	public	SRX6804393	Illumina HiSeq 2500	ILLUMINA	SRS5349311	SAMN12698187	Danio rerio	SRP220428	2019-10-09 00:00:00 UTC	PRJNA564013	53	117	public	7955.0
SRR10070866	RNA-Seq	public	SRX6804394	Illumina HiSeq 2500	ILLUMINA	SRS5349312	SAMN12698186	Danio rerio	SRP220428	2019-10-09 00:00:00 UTC	PRJNA564013	62	134	public	7955.0
SRR10070867	RNA-Seq	public	SRX6804395	Illumina HiSeq 2500	ILLUMINA	SRS5349313	SAMN12698116	Danio rerio	SRP220428	2019-10-09 00:00:00 UTC	PRJNA564013	55	123	public	7955.0
SRR10070868	RNA-Seq	public	SRX6804396	Illumina HiSeq 2500	ILLUMINA	SRS5349314	SAMN12698115	Danio rerio	SRP220428	2019-10-09 00:00:00 UTC	PRJNA564013	122	274	public	7955.0
SRR10088495	RNA-Seq	public	SRX6821267	Illumina NovaSeq 6000	ILLUMINA	SRS5363844	SAMN11510766	Dichomitus squalens	SRP221131	2019-09-09 00:00:00 UTC	PRJNA535767	410	1422	public	114155.0
SRR10664371	RNA-Seq	public	SRX7343308	NextSeq 500	ILLUMINA	SRS5803133	SAMN13536184	Zostera marina	SRP198713	2021-01-01 00:00:00 UTC	PRJNA542932	1936	5013	public	29655.0
SRR10886870	RNA-Seq	public	SRX7555853	Illumina HiSeq 4000	ILLUMINA	SRS5993230	SAMN13853836	Numida meleagris	SRP241928	2020-01-14 00:00:00 UTC	PRJNA601189	5829	14359	public	8996.0
SRR10886871	RNA-Seq	public	SRX7555852	Illumina HiSeq 4000	ILLUMINA	SRS5993234	SAMN13853835	Numida meleagris	SRP241928	2020-01-14 00:00:00 UTC	PRJNA601189	5750	14216	public	8996.0
SRR10886872	RNA-Seq	public	SRX7555851	Illumina HiSeq 4000	ILLUMINA	SRS5993229	SAMN13853834	Numida meleagris	SRP241928	2020-01-14 00:00:00 UTC	PRJNA601189	5790	14193	public	8996.0
SRR10997735	WGS	public	SRX7658819	Illumina NovaSeq 6000	ILLUMINA	SRS6087697	SAMN13173072	Xanthomonas arboricola	SRP246404	2020-01-31 00:00:00 UTC	PRJNA583343	911	3327	public	56448.0
SRR11077755	OTHER	public	SRX7716897	Illumina NovaSeq 6000	ILLUMINA	SRS6139233	SAMN13173093	Sorghum bicolor	SRP248997	2020-02-13 00:00:00 UTC	PRJNA582952	3077	10775	public	4558.0
SRR11558588	Targeted-Capture	public	SRX8128300	Illumina HiSeq 2000	ILLUMINA	SRS6492263	SAMN14609977	Mus musculus	SRP256777	2020-07-19 00:00:00 UTC	PRJNA625846	4195	13729	public	10090.0
SRR11558589	Targeted-Capture	public	SRX8128299	Illumina HiSeq 2000	ILLUMINA	SRS6492262	SAMN14609976	Mus musculus	SRP256777	2020-07-19 00:00:00 UTC	PRJNA625846	4193	13713	public	10090.0
SRR11560459	Targeted-Capture	public	SRX8130165	Illumina HiSeq 2000	ILLUMINA	SRS6493775	SAMN14611342	Mus musculus	SRP256777	2021-07-18 00:00:00 UTC	PRJNA625846	4390	14294	public	10090.0
SRR11560460	Targeted-Capture	public	SRX8130164	Illumina HiSeq 2000	ILLUMINA	SRS6493774	SAMN14611341	Mus musculus	SRP256777	2021-07-18 00:00:00 UTC	PRJNA625846	4458	14347	public	10090.0
SRR1169338	WGS	public	SRX470868	Illumina HiSeq 2000	ILLUMINA	SRS557730	SAMN02567625	Streptococcus pyogenes ABC020046589	SRP037829	2014-02-13 00:00:00 UTC	PRJNA233276	215	491	public	1439149.0
SRR1169448	WGS	public	SRX470868	Illumina HiSeq 2000	ILLUMINA	SRS557730	SAMN02567625	Streptococcus pyogenes ABC020046589	SRP037829	2014-02-13 00:00:00 UTC	PRJNA233276	210	480	public	1439149.0
SRR1173292	WGS	public	SRX473720	Illumina HiSeq 2000	ILLUMINA	SRS557730	SAMN02567625	Streptococcus pyogenes ABC020046589	SRP037829	2014-02-20 00:00:00 UTC	PRJNA233276	400	708	public	1439149.0
SRR1173412	WGS	public	SRX473808	Illumina HiSeq 2000	ILLUMINA	SRS559969	SAMN02567760	Mycobacterium tuberculosis Wt 21231	SRP038637	2014-02-20 00:00:00 UTC	PRJNA233392	141	347	public	1438828.0
SRR1174317	WGS	public	SRX474483	Illumina HiSeq 2000	ILLUMINA	SRS559969	SAMN02567760	Mycobacterium tuberculosis Wt 21231	SRP038637	2014-02-21 00:00:00 UTC	PRJNA233392	102	263	public	1438828.0
SRR1175519	WGS	public	SRX473720	Illumina HiSeq 2000	ILLUMINA	SRS557730	SAMN02567625	Streptococcus pyogenes ABC020046589	SRP037829	2014-02-24 00:00:00 UTC	PRJNA233276	401	710	public	1439149.0
SRR1176701	RNA-Seq	public	SRX475942	Illumina Genome Analyzer II	ILLUMINA	SRS561682	SAMN02664711	Mus musculus	SRP038929	2014-06-16 00:00:00 UTC	PRJNA239352	675	1331	public	10090.0
SRR1176702	RNA-Seq	public	SRX475936	Illumina HiSeq 2000	ILLUMINA	SRS561676	SAMN02664706	Mus musculus	SRP038929	2015-07-22 00:00:00 UTC	PRJNA239352	23544	37558	public	10090.0
SRR1176703	RNA-Seq	public	SRX475937	Illumina HiSeq 2000	ILLUMINA	SRS561677	SAMN02664709	Mus musculus	SRP038929	2015-07-22 00:00:00 UTC	PRJNA239352	27404	41916	public	10090.0
SRR1176704	RNA-Seq	public	SRX475938	Illumina HiSeq 2000	ILLUMINA	SRS561678	SAMN02664705	Mus musculus	SRP038929	2015-07-22 00:00:00 UTC	PRJNA239352	23653	37658	public	10090.0
SRR1176705	RNA-Seq	public	SRX475939	Illumina HiSeq 2000	ILLUMINA	SRS561679	SAMN02664708	Mus musculus	SRP038929	2015-07-22 00:00:00 UTC	PRJNA239352	10639	18173	public	10090.0
SRR1176706	RNA-Seq	public	SRX475940	Illumina HiSeq 2000	ILLUMINA	SRS561680	SAMN02664707	Mus musculus	SRP038929	2015-07-22 00:00:00 UTC	PRJNA239352	20662	34508	public	10090.0
SRR1176707	RNA-Seq	public	SRX475941	Illumina Genome Analyzer II	ILLUMINA	SRS561681	SAMN02664710	Mus musculus	SRP038929	2014-06-16 00:00:00 UTC	PRJNA239352	536	1098	public	10090.0
SRR1176708	ChIP-Seq	public	SRX475943	Illumina HiSeq 2000	ILLUMINA	SRS561683	SAMN02664713	Mus musculus	SRP038929	2014-06-16 00:00:00 UTC	PRJNA239352	1784	1296	public	10090.0
SRR1176709	ChIP-Seq	public	SRX475944	Illumina HiSeq 2000	ILLUMINA	SRS561684	SAMN02664712	Mus musculus	SRP038929	2014-06-16 00:00:00 UTC	PRJNA239352	2557	1861	public	10090.0
SRR1176710	ChIP-Seq	public	SRX475945	Illumina HiSeq 2000	ILLUMINA	SRS561685	SAMN02664715	Mus musculus	SRP038929	2014-06-16 00:00:00 UTC	PRJNA239352	1440	1044	public	10090.0
SRR1176711	ChIP-Seq	public	SRX475946	Illumina HiSeq 2000	ILLUMINA	SRS561686	SAMN02664714	Mus musculus	SRP038929	2014-06-16 00:00:00 UTC	PRJNA239352	1389	1007	public	10090.0
SRR11811506	AMPLICON	public	SRX8362780	Ion Torrent PGM	ION_TORRENT	SRS6678670	SAMN14939414	synthetic metagenome	SRP262308	2020-10-11 00:00:00 UTC	PRJNA632840	10	14	public	1235509.0
SRR11811507	AMPLICON	public	SRX8362779	Ion Torrent PGM	ION_TORRENT	SRS6678669	SAMN14939196	tree metagenome	SRP262308	2020-10-11 00:00:00 UTC	PRJNA632840	12	17	public	2562286.0
SRR11811508	AMPLICON	public	SRX8362778	Ion Torrent PGM	ION_TORRENT	SRS6678668	SAMN14939276	tree metagenome	SRP262308	2020-10-11 00:00:00 UTC	PRJNA632840	14	19	public	2562286.0
SRR11811509	AMPLICON	public	SRX8362777	Ion Torrent PGM	ION_TORRENT	SRS6678667	SAMN14939275	tree metagenome	SRP262308	2020-10-11 00:00:00 UTC	PRJNA632840	10	14	public	2562286.0
SRR11811510	AMPLICON	public	SRX8362776	Ion Torrent PGM	ION_TORRENT	SRS6678666	SAMN14939300	tree metagenome	SRP262308	2020-10-11 00:00:00 UTC	PRJNA632840	13	17	public	2562286.0
SRR11811511	AMPLICON	public	SRX8362775	Ion Torrent PGM	ION_TORRENT	SRS6678665	SAMN14939299	tree metagenome	SRP262308	2020-10-11 00:00:00 UTC	PRJNA632840	10	14	public	2562286.0
SRR11811512	AMPLICON	public	SRX8362774	Ion Torrent PGM	ION_TORRENT	SRS6678664	SAMN14939335	tree metagenome	SRP262308	2020-10-11 00:00:00 UTC	PRJNA632840	10	14	public	2562286.0
SRR11811513	AMPLICON	public	SRX8362773	Ion Torrent PGM	ION_TORRENT	SRS6678663	SAMN14939315	tree metagenome	SRP262308	2020-10-11 00:00:00 UTC	PRJNA632840	11	15	public	2562286.0
SRR11811514	AMPLICON	public	SRX8362993	Ion Torrent PGM	ION_TORRENT	SRS6678883	SAMN14939316	tree metagenome	SRP262308	2020-10-11 00:00:00 UTC	PRJNA632840	10	14	public	2562286.0
SRR11811515	AMPLICON	public	SRX8362992	Ion Torrent PGM	ION_TORRENT	SRS6678882	SAMN14939334	tree metagenome	SRP262308	2020-10-11 00:00:00 UTC	PRJNA632840	12	17	public	2562286.0
SRR11811516	AMPLICON	public	SRX8362991	Ion Torrent PGM	ION_TORRENT	SRS6678881	SAMN14939333	tree metagenome	SRP262308	2020-10-11 00:00:00 UTC	PRJNA632840	10	14	public	2562286.0
SRR11811517	AMPLICON	public	SRX8362990	Ion Torrent PGM	ION_TORRENT	SRS6678880	SAMN14939270	tree metagenome	SRP262308	2020-10-11 00:00:00 UTC	PRJNA632840	9	12	public	2562286.0
SRR11811518	AMPLICON	public	SRX8362781	Ion Torrent PGM	ION_TORRENT	SRS6678671	SAMN14939245	tree metagenome	SRP262308	2020-10-11 00:00:00 UTC	PRJNA632840	11	15	public	2562286.0
SRR11811519	AMPLICON	public	SRX8362989	Ion Torrent PGM	ION_TORRENT	SRS6678879	SAMN14939222	tree metagenome	SRP262308	2020-10-11 00:00:00 UTC	PRJNA632840	21	29	public	2562286.0
SRR11811520	AMPLICON	public	SRX8362988	Ion Torrent PGM	ION_TORRENT	SRS6678878	SAMN14939305	tree metagenome	SRP262308	2020-10-11 00:00:00 UTC	PRJNA632840	10	14	public	2562286.0
SRR11811521	AMPLICON	public	SRX8362987	Ion Torrent PGM	ION_TORRENT	SRS6678877	SAMN14939306	tree metagenome	SRP262308	2020-10-11 00:00:00 UTC	PRJNA632840	9	12	public	2562286.0
SRR11811522	AMPLICON	public	SRX8362986	Ion Torrent PGM	ION_TORRENT	SRS6678876	SAMN14939310	tree metagenome	SRP262308	2020-10-11 00:00:00 UTC	PRJNA632840	12	16	public	2562286.0
SRR11811523	AMPLICON	public	SRX8362985	Ion Torrent PGM	ION_TORRENT	SRS6678874	SAMN14939309	tree metagenome	SRP262308	2020-10-11 00:00:00 UTC	PRJNA632840	12	17	public	2562286.0
SRR11811524	AMPLICON	public	SRX8362984	Ion Torrent PGM	ION_TORRENT	SRS6678875	SAMN14939327	tree metagenome	SRP262308	2020-10-11 00:00:00 UTC	PRJNA632840	9	13	public	2562286.0
SRR11811525	AMPLICON	public	SRX8362983	Ion Torrent PGM	ION_TORRENT	SRS6678873	SAMN14939341	tree metagenome	SRP262308	2020-10-11 00:00:00 UTC	PRJNA632840	10	13	public	2562286.0
SRR11811526	AMPLICON	public	SRX8362982	Ion Torrent PGM	ION_TORRENT	SRS6678872	SAMN14939340	tree metagenome	SRP262308	2020-10-11 00:00:00 UTC	PRJNA632840	10	13	public	2562286.0
SRR11811527	AMPLICON	public	SRX8362981	Ion Torrent PGM	ION_TORRENT	SRS6678871	SAMN14939284	tree metagenome	SRP262308	2020-10-11 00:00:00 UTC	PRJNA632840	13	18	public	2562286.0
SRR11811528	AMPLICON	public	SRX8362980	Ion Torrent PGM	ION_TORRENT	SRS6678870	SAMN14939283	tree metagenome	SRP262308	2020-10-11 00:00:00 UTC	PRJNA632840	12	17	public	2562286.0
SRR11811529	AMPLICON	public	SRX8362979	Ion Torrent PGM	ION_TORRENT	SRS6678869	SAMN14939329	tree metagenome	SRP262308	2020-10-11 00:00:00 UTC	PRJNA632840	12	16	public	2562286.0
SRR11811530	AMPLICON	public	SRX8362978	Ion Torrent PGM	ION_TORRENT	SRS6678868	SAMN14939221	tree metagenome	SRP262308	2020-10-11 00:00:00 UTC	PRJNA632840	20	28	public	2562286.0
SRR11811531	AMPLICON	public	SRX8362977	Ion Torrent PGM	ION_TORRENT	SRS6678867	SAMN14939330	tree metagenome	SRP262308	2020-10-11 00:00:00 UTC	PRJNA632840	12	17	public	2562286.0
SRR11811532	AMPLICON	public	SRX8362976	Ion Torrent PGM	ION_TORRENT	SRS6678866	SAMN14939290	tree metagenome	SRP262308	2020-10-11 00:00:00 UTC	PRJNA632840	8	11	public	2562286.0
SRR11811533	AMPLICON	public	SRX8362975	Ion Torrent PGM	ION_TORRENT	SRS6678865	SAMN14939289	tree metagenome	SRP262308	2020-10-11 00:00:00 UTC	PRJNA632840	12	17	public	2562286.0
SRR11811534	AMPLICON	public	SRX8362974	Ion Torrent PGM	ION_TORRENT	SRS6678864	SAMN14939321	tree metagenome	SRP262308	2020-10-11 00:00:00 UTC	PRJNA632840	9	13	public	2562286.0
SRR11811535	AMPLICON	public	SRX8362973	Ion Torrent PGM	ION_TORRENT	SRS6678863	SAMN14939322	tree metagenome	SRP262308	2020-10-11 00:00:00 UTC	PRJNA632840	8	11	public	2562286.0
SRR11811536	AMPLICON	public	SRX8362972	Ion Torrent PGM	ION_TORRENT	SRS6678862	SAMN14939248	tree metagenome	SRP262308	2020-10-11 00:00:00 UTC	PRJNA632840	6	8	public	2562286.0
SRR11811537	AMPLICON	public	SRX8362971	Ion Torrent PGM	ION_TORRENT	SRS6678861	SAMN14939218	tree metagenome	SRP262308	2020-10-11 00:00:00 UTC	PRJNA632840	11	14	public	2562286.0
SRR11811538	AMPLICON	public	SRX8362970	Ion Torrent PGM	ION_TORRENT	SRS6678860	SAMN14939217	tree metagenome	SRP262308	2020-10-11 00:00:00 UTC	PRJNA632840	18	24	public	2562286.0
SRR11811539	AMPLICON	public	SRX8362969	Ion Torrent PGM	ION_TORRENT	SRS6678859	SAMN14939268	tree metagenome	SRP262308	2020-10-11 00:00:00 UTC	PRJNA632840	13	19	public	2562286.0
SRR11811540	AMPLICON	public	SRX8362968	Ion Torrent PGM	ION_TORRENT	SRS6678858	SAMN14939267	tree metagenome	SRP262308	2020-10-11 00:00:00 UTC	PRJNA632840	9	13	public	2562286.0
SRR11811541	AMPLICON	public	SRX8362967	Ion Torrent PGM	ION_TORRENT	SRS6678857	SAMN14939260	tree metagenome	SRP262308	2020-10-11 00:00:00 UTC	PRJNA632840	13	18	public	2562286.0
SRR11811542	AMPLICON	public	SRX8362966	Ion Torrent PGM	ION_TORRENT	SRS6678856	SAMN14939212	tree metagenome	SRP262308	2020-10-11 00:00:00 UTC	PRJNA632840	13	18	public	2562286.0
SRR11811543	AMPLICON	public	SRX8362965	Ion Torrent PGM	ION_TORRENT	SRS6678855	SAMN14939211	tree metagenome	SRP262308	2020-10-11 00:00:00 UTC	PRJNA632840	9	13	public	2562286.0
SRR11811544	AMPLICON	public	SRX8362964	Ion Torrent PGM	ION_TORRENT	SRS6678854	SAMN14939253	tree metagenome	SRP262308	2020-10-11 00:00:00 UTC	PRJNA632840	12	16	public	2562286.0
SRR11811545	AMPLICON	public	SRX8362963	Ion Torrent PGM	ION_TORRENT	SRS6678853	SAMN14939254	tree metagenome	SRP262308	2020-10-11 00:00:00 UTC	PRJNA632840	5	7	public	2562286.0
SRR11811546	AMPLICON	public	SRX8362962	Ion Torrent PGM	ION_TORRENT	SRS6678852	SAMN14939224	tree metagenome	SRP262308	2020-10-11 00:00:00 UTC	PRJNA632840	16	22	public	2562286.0
SRR11811547	AMPLICON	public	SRX8362961	Ion Torrent PGM	ION_TORRENT	SRS6678851	SAMN14939223	tree metagenome	SRP262308	2020-10-11 00:00:00 UTC	PRJNA632840	14	20	public	2562286.0
SRR11811548	AMPLICON	public	SRX8362960	Ion Torrent PGM	ION_TORRENT	SRS6678850	SAMN14939238	tree metagenome	SRP262308	2020-10-11 00:00:00 UTC	PRJNA632840	10	14	public	2562286.0
SRR11811549	AMPLICON	public	SRX8362959	Ion Torrent PGM	ION_TORRENT	SRS6678848	SAMN14939237	tree metagenome	SRP262308	2020-10-11 00:00:00 UTC	PRJNA632840	12	17	public	2562286.0
SRR11811550	AMPLICON	public	SRX8362958	Ion Torrent PGM	ION_TORRENT	SRS6678849	SAMN14939199	tree metagenome	SRP262308	2020-10-11 00:00:00 UTC	PRJNA632840	12	16	public	2562286.0
SRR11811551	AMPLICON	public	SRX8362957	Ion Torrent PGM	ION_TORRENT	SRS6678847	SAMN14939200	tree metagenome	SRP262308	2020-10-11 00:00:00 UTC	PRJNA632840	8	11	public	2562286.0
SRR11811552	AMPLICON	public	SRX8362956	Ion Torrent PGM	ION_TORRENT	SRS6678846	SAMN14939242	tree metagenome	SRP262308	2020-10-11 00:00:00 UTC	PRJNA632840	10	14	public	2562286.0
SRR11811553	AMPLICON	public	SRX8362955	Ion Torrent PGM	ION_TORRENT	SRS6678845	SAMN14939229	tree metagenome	SRP262308	2020-10-11 00:00:00 UTC	PRJNA632840	10	14	public	2562286.0
SRR11811554	AMPLICON	public	SRX8362954	Ion Torrent PGM	ION_TORRENT	SRS6678844	SAMN14939230	tree metagenome	SRP262308	2020-10-11 00:00:00 UTC	PRJNA632840	9	13	public	2562286.0
SRR11811555	AMPLICON	public	SRX8362953	Ion Torrent PGM	ION_TORRENT	SRS6678843	SAMN14939244	tree metagenome	SRP262308	2020-10-11 00:00:00 UTC	PRJNA632840	11	16	public	2562286.0
SRR11811556	AMPLICON	public	SRX8362952	Ion Torrent PGM	ION_TORRENT	SRS6678842	SAMN14939243	tree metagenome	SRP262308	2020-10-11 00:00:00 UTC	PRJNA632840	20	29	public	2562286.0
SRR11811557	AMPLICON	public	SRX8362951	Ion Torrent PGM	ION_TORRENT	SRS6678841	SAMN14939263	tree metagenome	SRP262308	2020-10-11 00:00:00 UTC	PRJNA632840	10	13	public	2562286.0
SRR11811558	AMPLICON	public	SRX8362950	Ion Torrent PGM	ION_TORRENT	SRS6678840	SAMN14939239	tree metagenome	SRP262308	2020-10-11 00:00:00 UTC	PRJNA632840	8	11	public	2562286.0
SRR11811559	AMPLICON	public	SRX8362949	Ion Torrent PGM	ION_TORRENT	SRS6678839	SAMN14939240	tree metagenome	SRP262308	2020-10-11 00:00:00 UTC	PRJNA632840	10	14	public	2562286.0
SRR11811560	AMPLICON	public	SRX8362948	Ion Torrent PGM	ION_TORRENT	SRS6678838	SAMN14939228	tree metagenome	SRP262308	2020-10-11 00:00:00 UTC	PRJNA632840	12	17	public	2562286.0
SRR11811561	AMPLICON	public	SRX8362947	Ion Torrent PGM	ION_TORRENT	SRS6678837	SAMN14939227	tree metagenome	SRP262308	2020-10-11 00:00:00 UTC	PRJNA632840	12	17	public	2562286.0
SRR11811562	AMPLICON	public	SRX8362946	Ion Torrent PGM	ION_TORRENT	SRS6678836	SAMN14939198	tree metagenome	SRP262308	2020-10-11 00:00:00 UTC	PRJNA632840	11	15	public	2562286.0
SRR11811563	AMPLICON	public	SRX8362945	Ion Torrent PGM	ION_TORRENT	SRS6678835	SAMN14939241	tree metagenome	SRP262308	2020-10-11 00:00:00 UTC	PRJNA632840	12	17	public	2562286.0
SRR11811564	AMPLICON	public	SRX8362944	Ion Torrent PGM	ION_TORRENT	SRS6678834	SAMN14939197	tree metagenome	SRP262308	2020-10-11 00:00:00 UTC	PRJNA632840	14	19	public	2562286.0
SRR11811565	AMPLICON	public	SRX8362943	Ion Torrent PGM	ION_TORRENT	SRS6678833	SAMN14939204	tree metagenome	SRP262308	2020-10-11 00:00:00 UTC	PRJNA632840	20	27	public	2562286.0
SRR11811566	AMPLICON	public	SRX8362942	Ion Torrent PGM	ION_TORRENT	SRS6678832	SAMN14939203	tree metagenome	SRP262308	2020-10-11 00:00:00 UTC	PRJNA632840	14	20	public	2562286.0
SRR11811567	AMPLICON	public	SRX8362941	Ion Torrent PGM	ION_TORRENT	SRS6678831	SAMN14939234	tree metagenome	SRP262308	2020-10-11 00:00:00 UTC	PRJNA632840	12	16	public	2562286.0
SRR11811568	AMPLICON	public	SRX8362940	Ion Torrent PGM	ION_TORRENT	SRS6678830	SAMN14939233	tree metagenome	SRP262308	2020-10-11 00:00:00 UTC	PRJNA632840	5	7	public	2562286.0
SRR11811569	AMPLICON	public	SRX8362939	Ion Torrent PGM	ION_TORRENT	SRS6678829	SAMN14939259	tree metagenome	SRP262308	2020-10-11 00:00:00 UTC	PRJNA632840	11	15	public	2562286.0
SRR11811570	AMPLICON	public	SRX8362938	Ion Torrent PGM	ION_TORRENT	SRS6678828	SAMN14939247	tree metagenome	SRP262308	2020-10-11 00:00:00 UTC	PRJNA632840	8	12	public	2562286.0
SRR11811571	AMPLICON	public	SRX8362937	Ion Torrent PGM	ION_TORRENT	SRS6678827	SAMN14939246	tree metagenome	SRP262308	2020-10-11 00:00:00 UTC	PRJNA632840	10	14	public	2562286.0
SRR11811572	AMPLICON	public	SRX8362936	Ion Torrent PGM	ION_TORRENT	SRS6678826	SAMN14939219	tree metagenome	SRP262308	2020-10-11 00:00:00 UTC	PRJNA632840	12	17	public	2562286.0
SRR11811573	AMPLICON	public	SRX8362935	Ion Torrent PGM	ION_TORRENT	SRS6678825	SAMN14939220	tree metagenome	SRP262308	2020-10-11 00:00:00 UTC	PRJNA632840	12	17	public	2562286.0
SRR11811574	AMPLICON	public	SRX8362934	Ion Torrent PGM	ION_TORRENT	SRS6678824	SAMN14939264	tree metagenome	SRP262308	2020-10-11 00:00:00 UTC	PRJNA632840	11	15	public	2562286.0
SRR11811575	AMPLICON	public	SRX8362933	Ion Torrent PGM	ION_TORRENT	SRS6678823	SAMN14939252	tree metagenome	SRP262308	2020-10-11 00:00:00 UTC	PRJNA632840	8	11	public	2562286.0
SRR11811576	AMPLICON	public	SRX8362932	Ion Torrent PGM	ION_TORRENT	SRS6678822	SAMN14939251	tree metagenome	SRP262308	2020-10-11 00:00:00 UTC	PRJNA632840	11	16	public	2562286.0
SRR11811577	AMPLICON	public	SRX8362931	Ion Torrent PGM	ION_TORRENT	SRS6678821	SAMN14939205	tree metagenome	SRP262308	2020-10-11 00:00:00 UTC	PRJNA632840	21	29	public	2562286.0
SRR11811578	AMPLICON	public	SRX8362930	Ion Torrent PGM	ION_TORRENT	SRS6678820	SAMN14939206	tree metagenome	SRP262308	2020-10-11 00:00:00 UTC	PRJNA632840	14	19	public	2562286.0
SRR11811579	AMPLICON	public	SRX8362929	Ion Torrent PGM	ION_TORRENT	SRS6678819	SAMN14939265	tree metagenome	SRP262308	2020-10-11 00:00:00 UTC	PRJNA632840	10	13	public	2562286.0
SRR11811580	AMPLICON	public	SRX8362928	Ion Torrent PGM	ION_TORRENT	SRS6678818	SAMN14939266	tree metagenome	SRP262308	2020-10-11 00:00:00 UTC	PRJNA632840	11	16	public	2562286.0
SRR11811581	AMPLICON	public	SRX8362927	Ion Torrent PGM	ION_TORRENT	SRS6678817	SAMN14939256	tree metagenome	SRP262308	2020-10-11 00:00:00 UTC	PRJNA632840	8	11	public	2562286.0
SRR11811582	AMPLICON	public	SRX8362926	Ion Torrent PGM	ION_TORRENT	SRS6678816	SAMN14939261	tree metagenome	SRP262308	2020-10-11 00:00:00 UTC	PRJNA632840	12	17	public	2562286.0
SRR11811583	AMPLICON	public	SRX8362925	Ion Torrent PGM	ION_TORRENT	SRS6678815	SAMN14939262	tree metagenome	SRP262308	2020-10-11 00:00:00 UTC	PRJNA632840	13	18	public	2562286.0
SRR11811584	AMPLICON	public	SRX8362924	Ion Torrent PGM	ION_TORRENT	SRS6678814	SAMN14939235	tree metagenome	SRP262308	2020-10-11 00:00:00 UTC	PRJNA632840	14	19	public	2562286.0
SRR11811585	AMPLICON	public	SRX8362923	Ion Torrent PGM	ION_TORRENT	SRS6678813	SAMN14939225	tree metagenome	SRP262308	2020-10-11 00:00:00 UTC	PRJNA632840	13	18	public	2562286.0
SRR11811586	AMPLICON	public	SRX8362922	Ion Torrent PGM	ION_TORRENT	SRS6678812	SAMN14939236	tree metagenome	SRP262308	2020-10-11 00:00:00 UTC	PRJNA632840	13	18	public	2562286.0
SRR11811587	AMPLICON	public	SRX8362921	Ion Torrent PGM	ION_TORRENT	SRS6678811	SAMN14939202	tree metagenome	SRP262308	2020-10-11 00:00:00 UTC	PRJNA632840	11	15	public	2562286.0
SRR11811588	AMPLICON	public	SRX8362920	Ion Torrent PGM	ION_TORRENT	SRS6678810	SAMN14939201	tree metagenome	SRP262308	2020-10-11 00:00:00 UTC	PRJNA632840	13	18	public	2562286.0
SRR11811589	AMPLICON	public	SRX8362919	Ion Torrent PGM	ION_TORRENT	SRS6678809	SAMN14939232	tree metagenome	SRP262308	2020-10-11 00:00:00 UTC	PRJNA632840	12	16	public	2562286.0
SRR11811590	AMPLICON	public	SRX8362918	Ion Torrent PGM	ION_TORRENT	SRS6678808	SAMN14939231	tree metagenome	SRP262308	2020-10-11 00:00:00 UTC	PRJNA632840	14	19	public	2562286.0
SRR11811591	AMPLICON	public	SRX8362917	Ion Torrent PGM	ION_TORRENT	SRS6678807	SAMN14939269	tree metagenome	SRP262308	2020-10-11 00:00:00 UTC	PRJNA632840	19	28	public	2562286.0
SRR11811592	AMPLICON	public	SRX8362916	Ion Torrent PGM	ION_TORRENT	SRS6678806	SAMN14939209	tree metagenome	SRP262308	2020-10-11 00:00:00 UTC	PRJNA632840	10	14	public	2562286.0
SRR11811593	AMPLICON	public	SRX8362915	Ion Torrent PGM	ION_TORRENT	SRS6678805	SAMN14939409	tree metagenome	SRP262308	2020-10-11 00:00:00 UTC	PRJNA632840	12	17	public	2562286.0
SRR11811594	AMPLICON	public	SRX8362914	Ion Torrent PGM	ION_TORRENT	SRS6678804	SAMN14939210	tree metagenome	SRP262308	2020-10-11 00:00:00 UTC	PRJNA632840	16	22	public	2562286.0
SRR11811595	AMPLICON	public	SRX8362913	Ion Torrent PGM	ION_TORRENT	SRS6678803	SAMN14939408	tree metagenome	SRP262308	2020-10-11 00:00:00 UTC	PRJNA632840	14	20	public	2562286.0
SRR11811596	AMPLICON	public	SRX8362912	Ion Torrent PGM	ION_TORRENT	SRS6678802	SAMN14939352	tree metagenome	SRP262308	2020-10-11 00:00:00 UTC	PRJNA632840	16	22	public	2562286.0
SRR11811597	AMPLICON	public	SRX8362911	Ion Torrent PGM	ION_TORRENT	SRS6678801	SAMN14939351	tree metagenome	SRP262308	2020-10-11 00:00:00 UTC	PRJNA632840	16	22	public	2562286.0
SRR11811598	AMPLICON	public	SRX8362910	Ion Torrent PGM	ION_TORRENT	SRS6678800	SAMN14939394	tree metagenome	SRP262308	2020-10-11 00:00:00 UTC	PRJNA632840	16	23	public	2562286.0
SRR11811599	AMPLICON	public	SRX8362909	Ion Torrent PGM	ION_TORRENT	SRS6678799	SAMN14939395	tree metagenome	SRP262308	2020-10-11 00:00:00 UTC	PRJNA632840	12	17	public	2562286.0
SRR11811600	AMPLICON	public	SRX8362908	Ion Torrent PGM	ION_TORRENT	SRS6678798	SAMN14939399	tree metagenome	SRP262308	2020-10-11 00:00:00 UTC	PRJNA632840	11	15	public	2562286.0
SRR11811601	AMPLICON	public	SRX8362907	Ion Torrent PGM	ION_TORRENT	SRS6678797	SAMN14939366	tree metagenome	SRP262308	2020-10-11 00:00:00 UTC	PRJNA632840	17	24	public	2562286.0
SRR11811602	AMPLICON	public	SRX8362906	Ion Torrent PGM	ION_TORRENT	SRS6678796	SAMN14939365	tree metagenome	SRP262308	2020-10-11 00:00:00 UTC	PRJNA632840	18	25	public	2562286.0
SRR11811603	AMPLICON	public	SRX8362905	Ion Torrent PGM	ION_TORRENT	SRS6678795	SAMN14939342	tree metagenome	SRP262308	2020-10-11 00:00:00 UTC	PRJNA632840	18	25	public	2562286.0
SRR11811604	AMPLICON	public	SRX8362904	Ion Torrent PGM	ION_TORRENT	SRS6678794	SAMN14939402	tree metagenome	SRP262308	2020-10-11 00:00:00 UTC	PRJNA632840	19	25	public	2562286.0
SRR11811605	AMPLICON	public	SRX8362903	Ion Torrent PGM	ION_TORRENT	SRS6678793	SAMN14939255	tree metagenome	SRP262308	2020-10-11 00:00:00 UTC	PRJNA632840	4	6	public	2562286.0
SRR11811606	AMPLICON	public	SRX8362902	Ion Torrent PGM	ION_TORRENT	SRS6678792	SAMN14939379	tree metagenome	SRP262308	2020-10-11 00:00:00 UTC	PRJNA632840	5	7	public	2562286.0
SRR11811607	AMPLICON	public	SRX8362901	Ion Torrent PGM	ION_TORRENT	SRS6678791	SAMN14939380	tree metagenome	SRP262308	2020-10-11 00:00:00 UTC	PRJNA632840	15	20	public	2562286.0
SRR11811608	AMPLICON	public	SRX8362900	Ion Torrent PGM	ION_TORRENT	SRS6678790	SAMN14939386	tree metagenome	SRP262308	2020-10-11 00:00:00 UTC	PRJNA632840	7	10	public	2562286.0
SRR11811609	AMPLICON	public	SRX8362899	Ion Torrent PGM	ION_TORRENT	SRS6678789	SAMN14939385	tree metagenome	SRP262308	2020-10-11 00:00:00 UTC	PRJNA632840	12	17	public	2562286.0
SRR11811610	AMPLICON	public	SRX8362898	Ion Torrent PGM	ION_TORRENT	SRS6678788	SAMN14939373	tree metagenome	SRP262308	2020-10-11 00:00:00 UTC	PRJNA632840	17	24	public	2562286.0
SRR11811611	AMPLICON	public	SRX8362897	Ion Torrent PGM	ION_TORRENT	SRS6678787	SAMN14939374	tree metagenome	SRP262308	2020-10-11 00:00:00 UTC	PRJNA632840	13	19	public	2562286.0
SRR11811612	AMPLICON	public	SRX8362896	Ion Torrent PGM	ION_TORRENT	SRS6678786	SAMN14939348	tree metagenome	SRP262308	2020-10-11 00:00:00 UTC	PRJNA632840	18	24	public	2562286.0
SRR11811613	AMPLICON	public	SRX8362895	Ion Torrent PGM	ION_TORRENT	SRS6678785	SAMN14939347	tree metagenome	SRP262308	2020-10-11 00:00:00 UTC	PRJNA632840	14	19	public	2562286.0
SRR11811614	AMPLICON	public	SRX8362894	Ion Torrent PGM	ION_TORRENT	SRS6678784	SAMN14939389	tree metagenome	SRP262308	2020-10-11 00:00:00 UTC	PRJNA632840	17	23	public	2562286.0
SRR11811615	AMPLICON	public	SRX8362893	Ion Torrent PGM	ION_TORRENT	SRS6678783	SAMN14939406	tree metagenome	SRP262308	2020-10-11 00:00:00 UTC	PRJNA632840	13	17	public	2562286.0
SRR11811616	AMPLICON	public	SRX8362892	Ion Torrent PGM	ION_TORRENT	SRS6678782	SAMN14939250	tree metagenome	SRP262308	2020-10-11 00:00:00 UTC	PRJNA632840	8	12	public	2562286.0
SRR11811617	AMPLICON	public	SRX8362891	Ion Torrent PGM	ION_TORRENT	SRS6678781	SAMN14939226	tree metagenome	SRP262308	2020-10-11 00:00:00 UTC	PRJNA632840	9	13	public	2562286.0
SRR11811618	AMPLICON	public	SRX8362890	Ion Torrent PGM	ION_TORRENT	SRS6678780	SAMN14939383	tree metagenome	SRP262308	2020-10-11 00:00:00 UTC	PRJNA632840	19	27	public	2562286.0
SRR11811619	AMPLICON	public	SRX8362889	Ion Torrent PGM	ION_TORRENT	SRS6678779	SAMN14939384	tree metagenome	SRP262308	2020-10-11 00:00:00 UTC	PRJNA632840	12	16	public	2562286.0
SRR11811620	AMPLICON	public	SRX8362888	Ion Torrent PGM	ION_TORRENT	SRS6678778	SAMN14939376	tree metagenome	SRP262308	2020-10-11 00:00:00 UTC	PRJNA632840	12	17	public	2562286.0
SRR11811621	AMPLICON	public	SRX8362887	Ion Torrent PGM	ION_TORRENT	SRS6678777	SAMN14939375	tree metagenome	SRP262308	2020-10-11 00:00:00 UTC	PRJNA632840	12	17	public	2562286.0
SRR11811622	AMPLICON	public	SRX8362886	Ion Torrent PGM	ION_TORRENT	SRS6678776	SAMN14939357	tree metagenome	SRP262308	2020-10-11 00:00:00 UTC	PRJNA632840	16	22	public	2562286.0
SRR11811623	AMPLICON	public	SRX8362885	Ion Torrent PGM	ION_TORRENT	SRS6678775	SAMN14939358	tree metagenome	SRP262308	2020-10-11 00:00:00 UTC	PRJNA632840	17	23	public	2562286.0
SRR11811624	AMPLICON	public	SRX8362884	Ion Torrent PGM	ION_TORRENT	SRS6678774	SAMN14939416	synthetic metagenome	SRP262308	2020-10-11 00:00:00 UTC	PRJNA632840	10	14	public	1235509.0
SRR11811625	AMPLICON	public	SRX8362883	Ion Torrent PGM	ION_TORRENT	SRS6678773	SAMN14939410	tree metagenome	SRP262308	2020-10-11 00:00:00 UTC	PRJNA632840	18	25	public	2562286.0
SRR11811626	AMPLICON	public	SRX8362882	Ion Torrent PGM	ION_TORRENT	SRS6678772	SAMN14939411	tree metagenome	SRP262308	2020-10-11 00:00:00 UTC	PRJNA632840	10	14	public	2562286.0
SRR11811627	AMPLICON	public	SRX8362881	Ion Torrent PGM	ION_TORRENT	SRS6678771	SAMN14939369	tree metagenome	SRP262308	2020-10-11 00:00:00 UTC	PRJNA632840	16	22	public	2562286.0
SRR11811628	AMPLICON	public	SRX8362880	Ion Torrent PGM	ION_TORRENT	SRS6678770	SAMN14939249	tree metagenome	SRP262308	2020-10-11 00:00:00 UTC	PRJNA632840	5	7	public	2562286.0
SRR11811629	AMPLICON	public	SRX8362879	Ion Torrent PGM	ION_TORRENT	SRS6678769	SAMN14939370	tree metagenome	SRP262308	2020-10-11 00:00:00 UTC	PRJNA632840	13	18	public	2562286.0
SRR11811630	AMPLICON	public	SRX8362878	Ion Torrent PGM	ION_TORRENT	SRS6678768	SAMN14939397	tree metagenome	SRP262308	2020-10-11 00:00:00 UTC	PRJNA632840	16	21	public	2562286.0
SRR11811631	AMPLICON	public	SRX8362877	Ion Torrent PGM	ION_TORRENT	SRS6678767	SAMN14939396	tree metagenome	SRP262308	2020-10-11 00:00:00 UTC	PRJNA632840	11	16	public	2562286.0
SRR11811632	AMPLICON	public	SRX8362876	Ion Torrent PGM	ION_TORRENT	SRS6678766	SAMN14939391	tree metagenome	SRP262308	2020-10-11 00:00:00 UTC	PRJNA632840	9	12	public	2562286.0
SRR11811633	AMPLICON	public	SRX8362875	Ion Torrent PGM	ION_TORRENT	SRS6678765	SAMN14939363	tree metagenome	SRP262308	2020-10-11 00:00:00 UTC	PRJNA632840	16	21	public	2562286.0
SRR11811634	AMPLICON	public	SRX8362874	Ion Torrent PGM	ION_TORRENT	SRS6678764	SAMN14939364	tree metagenome	SRP262308	2020-10-11 00:00:00 UTC	PRJNA632840	16	23	public	2562286.0
SRR11811635	AMPLICON	public	SRX8362873	Ion Torrent PGM	ION_TORRENT	SRS6678763	SAMN14939350	tree metagenome	SRP262308	2020-10-11 00:00:00 UTC	PRJNA632840	22	30	public	2562286.0
SRR11811636	AMPLICON	public	SRX8362872	Ion Torrent PGM	ION_TORRENT	SRS6678762	SAMN14939349	tree metagenome	SRP262308	2020-10-11 00:00:00 UTC	PRJNA632840	18	25	public	2562286.0
SRR11811637	AMPLICON	public	SRX8362871	Ion Torrent PGM	ION_TORRENT	SRS6678761	SAMN14939387	tree metagenome	SRP262308	2020-10-11 00:00:00 UTC	PRJNA632840	12	17	public	2562286.0
SRR11811638	AMPLICON	public	SRX8362870	Ion Torrent PGM	ION_TORRENT	SRS6678760	SAMN14939388	tree metagenome	SRP262308	2020-10-11 00:00:00 UTC	PRJNA632840	15	21	public	2562286.0
SRR11811639	AMPLICON	public	SRX8362869	Ion Torrent PGM	ION_TORRENT	SRS6678759	SAMN14939215	tree metagenome	SRP262308	2020-10-11 00:00:00 UTC	PRJNA632840	14	19	public	2562286.0
SRR11811640	AMPLICON	public	SRX8362868	Ion Torrent PGM	ION_TORRENT	SRS6678758	SAMN14939372	tree metagenome	SRP262308	2020-10-11 00:00:00 UTC	PRJNA632840	16	23	public	2562286.0
SRR11811641	AMPLICON	public	SRX8362867	Ion Torrent PGM	ION_TORRENT	SRS6678757	SAMN14939371	tree metagenome	SRP262308	2020-10-11 00:00:00 UTC	PRJNA632840	15	20	public	2562286.0
SRR11811642	AMPLICON	public	SRX8362866	Ion Torrent PGM	ION_TORRENT	SRS6678756	SAMN14939407	tree metagenome	SRP262308	2020-10-11 00:00:00 UTC	PRJNA632840	14	20	public	2562286.0
SRR11811643	AMPLICON	public	SRX8362865	Ion Torrent PGM	ION_TORRENT	SRS6678755	SAMN14939344	tree metagenome	SRP262308	2020-10-11 00:00:00 UTC	PRJNA632840	19	26	public	2562286.0
SRR11811644	AMPLICON	public	SRX8362864	Ion Torrent PGM	ION_TORRENT	SRS6678754	SAMN14939343	tree metagenome	SRP262308	2020-10-11 00:00:00 UTC	PRJNA632840	20	27	public	2562286.0
SRR11811645	AMPLICON	public	SRX8362863	Ion Torrent PGM	ION_TORRENT	SRS6678753	SAMN14939413	tree metagenome	SRP262308	2020-10-11 00:00:00 UTC	PRJNA632840	14	20	public	2562286.0
SRR11811646	AMPLICON	public	SRX8362862	Ion Torrent PGM	ION_TORRENT	SRS6678752	SAMN14939403	tree metagenome	SRP262308	2020-10-11 00:00:00 UTC	PRJNA632840	18	25	public	2562286.0
SRR11811647	AMPLICON	public	SRX8362861	Ion Torrent PGM	ION_TORRENT	SRS6678751	SAMN14939390	tree metagenome	SRP262308	2020-10-11 00:00:00 UTC	PRJNA632840	13	18	public	2562286.0
SRR11811648	AMPLICON	public	SRX8362860	Ion Torrent PGM	ION_TORRENT	SRS6678750	SAMN14939359	tree metagenome	SRP262308	2020-10-11 00:00:00 UTC	PRJNA632840	16	23	public	2562286.0
SRR11811649	AMPLICON	public	SRX8362859	Ion Torrent PGM	ION_TORRENT	SRS6678749	SAMN14939360	tree metagenome	SRP262308	2020-10-11 00:00:00 UTC	PRJNA632840	14	20	public	2562286.0
SRR11811650	AMPLICON	public	SRX8362858	Ion Torrent PGM	ION_TORRENT	SRS6678748	SAMN14939216	tree metagenome	SRP262308	2020-10-11 00:00:00 UTC	PRJNA632840	16	22	public	2562286.0
SRR11811651	AMPLICON	public	SRX8362857	Ion Torrent PGM	ION_TORRENT	SRS6678747	SAMN14939367	tree metagenome	SRP262308	2020-10-11 00:00:00 UTC	PRJNA632840	12	17	public	2562286.0
SRR11811652	AMPLICON	public	SRX8362856	Ion Torrent PGM	ION_TORRENT	SRS6678746	SAMN14939368	tree metagenome	SRP262308	2020-10-11 00:00:00 UTC	PRJNA632840	16	21	public	2562286.0
SRR11811653	AMPLICON	public	SRX8362855	Ion Torrent PGM	ION_TORRENT	SRS6678745	SAMN14939353	tree metagenome	SRP262308	2020-10-11 00:00:00 UTC	PRJNA632840	15	21	public	2562286.0
SRR11811654	AMPLICON	public	SRX8362854	Ion Torrent PGM	ION_TORRENT	SRS6678744	SAMN14939354	tree metagenome	SRP262308	2020-10-11 00:00:00 UTC	PRJNA632840	22	30	public	2562286.0
SRR11811655	AMPLICON	public	SRX8362853	Ion Torrent PGM	ION_TORRENT	SRS6678743	SAMN14939392	tree metagenome	SRP262308	2020-10-11 00:00:00 UTC	PRJNA632840	15	20	public	2562286.0
SRR11811656	AMPLICON	public	SRX8362852	Ion Torrent PGM	ION_TORRENT	SRS6678742	SAMN14939393	tree metagenome	SRP262308	2020-10-11 00:00:00 UTC	PRJNA632840	12	16	public	2562286.0
SRR11811657	AMPLICON	public	SRX8362851	Ion Torrent PGM	ION_TORRENT	SRS6678741	SAMN14939400	tree metagenome	SRP262308	2020-10-11 00:00:00 UTC	PRJNA632840	13	18	public	2562286.0
SRR11811658	AMPLICON	public	SRX8362850	Ion Torrent PGM	ION_TORRENT	SRS6678740	SAMN14939401	tree metagenome	SRP262308	2020-10-11 00:00:00 UTC	PRJNA632840	15	21	public	2562286.0
SRR11811659	AMPLICON	public	SRX8362849	Ion Torrent PGM	ION_TORRENT	SRS6678739	SAMN14939362	tree metagenome	SRP262308	2020-10-11 00:00:00 UTC	PRJNA632840	14	19	public	2562286.0
SRR11811660	AMPLICON	public	SRX8362848	Ion Torrent PGM	ION_TORRENT	SRS6678738	SAMN14939361	tree metagenome	SRP262308	2020-10-11 00:00:00 UTC	PRJNA632840	16	22	public	2562286.0
SRR11811661	AMPLICON	public	SRX8362847	Ion Torrent PGM	ION_TORRENT	SRS6678737	SAMN14939258	tree metagenome	SRP262308	2020-10-11 00:00:00 UTC	PRJNA632840	8	11	public	2562286.0
SRR11811662	AMPLICON	public	SRX8362846	Ion Torrent PGM	ION_TORRENT	SRS6678736	SAMN14939356	tree metagenome	SRP262308	2020-10-11 00:00:00 UTC	PRJNA632840	16	22	public	2562286.0
SRR11811663	AMPLICON	public	SRX8362845	Ion Torrent PGM	ION_TORRENT	SRS6678735	SAMN14939355	tree metagenome	SRP262308	2020-10-11 00:00:00 UTC	PRJNA632840	15	21	public	2562286.0
SRR11811664	AMPLICON	public	SRX8362844	Ion Torrent PGM	ION_TORRENT	SRS6678734	SAMN14939412	tree metagenome	SRP262308	2020-10-11 00:00:00 UTC	PRJNA632840	11	16	public	2562286.0
SRR11811665	AMPLICON	public	SRX8362843	Ion Torrent PGM	ION_TORRENT	SRS6678733	SAMN14939398	tree metagenome	SRP262308	2020-10-11 00:00:00 UTC	PRJNA632840	13	17	public	2562286.0
SRR11811666	AMPLICON	public	SRX8362842	Ion Torrent PGM	ION_TORRENT	SRS6678732	SAMN14939382	tree metagenome	SRP262308	2020-10-11 00:00:00 UTC	PRJNA632840	14	19	public	2562286.0
SRR11811667	AMPLICON	public	SRX8362841	Ion Torrent PGM	ION_TORRENT	SRS6678731	SAMN14939381	tree metagenome	SRP262308	2020-10-11 00:00:00 UTC	PRJNA632840	21	29	public	2562286.0
SRR11811668	AMPLICON	public	SRX8362840	Ion Torrent PGM	ION_TORRENT	SRS6678730	SAMN14939377	tree metagenome	SRP262308	2020-10-11 00:00:00 UTC	PRJNA632840	13	19	public	2562286.0
SRR11811669	AMPLICON	public	SRX8362839	Ion Torrent PGM	ION_TORRENT	SRS6678729	SAMN14939378	tree metagenome	SRP262308	2020-10-11 00:00:00 UTC	PRJNA632840	11	16	public	2562286.0
SRR11811670	AMPLICON	public	SRX8362838	Ion Torrent PGM	ION_TORRENT	SRS6678728	SAMN14939345	tree metagenome	SRP262308	2020-10-11 00:00:00 UTC	PRJNA632840	18	24	public	2562286.0
SRR11811671	AMPLICON	public	SRX8362837	Ion Torrent PGM	ION_TORRENT	SRS6678727	SAMN14939346	tree metagenome	SRP262308	2020-10-11 00:00:00 UTC	PRJNA632840	17	24	public	2562286.0
SRR11811672	AMPLICON	public	SRX8362836	Ion Torrent PGM	ION_TORRENT	SRS6678726	SAMN14939257	tree metagenome	SRP262308	2020-10-11 00:00:00 UTC	PRJNA632840	9	12	public	2562286.0
SRR11811673	AMPLICON	public	SRX8362835	Ion Torrent PGM	ION_TORRENT	SRS6678725	SAMN14939405	tree metagenome	SRP262308	2020-10-11 00:00:00 UTC	PRJNA632840	15	21	public	2562286.0
SRR11811674	AMPLICON	public	SRX8362834	Ion Torrent PGM	ION_TORRENT	SRS6678724	SAMN14939404	tree metagenome	SRP262308	2020-10-11 00:00:00 UTC	PRJNA632840	12	16	public	2562286.0
SRR11811675	AMPLICON	public	SRX8362833	Ion Torrent PGM	ION_TORRENT	SRS6678723	SAMN14939301	tree metagenome	SRP262308	2020-10-11 00:00:00 UTC	PRJNA632840	13	18	public	2562286.0
SRR11811676	AMPLICON	public	SRX8362832	Ion Torrent PGM	ION_TORRENT	SRS6678722	SAMN14939302	tree metagenome	SRP262308	2020-10-11 00:00:00 UTC	PRJNA632840	10	14	public	2562286.0
SRR11811677	AMPLICON	public	SRX8362831	Ion Torrent PGM	ION_TORRENT	SRS6678721	SAMN14939314	tree metagenome	SRP262308	2020-10-11 00:00:00 UTC	PRJNA632840	6	8	public	2562286.0
SRR11811678	AMPLICON	public	SRX8362830	Ion Torrent PGM	ION_TORRENT	SRS6678720	SAMN14939313	tree metagenome	SRP262308	2020-10-11 00:00:00 UTC	PRJNA632840	6	9	public	2562286.0
SRR11811679	AMPLICON	public	SRX8362829	Ion Torrent PGM	ION_TORRENT	SRS6678719	SAMN14939331	tree metagenome	SRP262308	2020-10-11 00:00:00 UTC	PRJNA632840	11	16	public	2562286.0
SRR11811680	AMPLICON	public	SRX8362828	Ion Torrent PGM	ION_TORRENT	SRS6678718	SAMN14939307	tree metagenome	SRP262308	2020-10-11 00:00:00 UTC	PRJNA632840	8	10	public	2562286.0
SRR11811681	AMPLICON	public	SRX8362827	Ion Torrent PGM	ION_TORRENT	SRS6678717	SAMN14939308	tree metagenome	SRP262308	2020-10-11 00:00:00 UTC	PRJNA632840	8	10	public	2562286.0
SRR11811682	AMPLICON	public	SRX8362826	Ion Torrent PGM	ION_TORRENT	SRS6678716	SAMN14939273	tree metagenome	SRP262308	2020-10-11 00:00:00 UTC	PRJNA632840	10	14	public	2562286.0
SRR11811683	AMPLICON	public	SRX8362825	Ion Torrent PGM	ION_TORRENT	SRS6678715	SAMN14939208	tree metagenome	SRP262308	2020-10-11 00:00:00 UTC	PRJNA632840	14	19	public	2562286.0
SRR11811684	AMPLICON	public	SRX8362824	Ion Torrent PGM	ION_TORRENT	SRS6678714	SAMN14939274	tree metagenome	SRP262308	2020-10-11 00:00:00 UTC	PRJNA632840	11	15	public	2562286.0
SRR11811685	AMPLICON	public	SRX8362823	Ion Torrent PGM	ION_TORRENT	SRS6678713	SAMN14939294	tree metagenome	SRP262308	2020-10-11 00:00:00 UTC	PRJNA632840	14	20	public	2562286.0
SRR11811686	AMPLICON	public	SRX8362822	Ion Torrent PGM	ION_TORRENT	SRS6678712	SAMN14939293	tree metagenome	SRP262308	2020-10-11 00:00:00 UTC	PRJNA632840	10	14	public	2562286.0
SRR11811687	AMPLICON	public	SRX8362821	Ion Torrent PGM	ION_TORRENT	SRS6678711	SAMN14939319	tree metagenome	SRP262308	2020-10-11 00:00:00 UTC	PRJNA632840	9	13	public	2562286.0
SRR11811688	AMPLICON	public	SRX8362820	Ion Torrent PGM	ION_TORRENT	SRS6678710	SAMN14939415	synthetic metagenome	SRP262308	2020-10-11 00:00:00 UTC	PRJNA632840	5	8	public	1235509.0
SRR11811689	AMPLICON	public	SRX8362819	Ion Torrent PGM	ION_TORRENT	SRS6678709	SAMN14939328	tree metagenome	SRP262308	2020-10-11 00:00:00 UTC	PRJNA632840	11	15	public	2562286.0
SRR11811690	AMPLICON	public	SRX8362818	Ion Torrent PGM	ION_TORRENT	SRS6678708	SAMN14939280	tree metagenome	SRP262308	2020-10-11 00:00:00 UTC	PRJNA632840	11	15	public	2562286.0
SRR11811691	AMPLICON	public	SRX8362817	Ion Torrent PGM	ION_TORRENT	SRS6678707	SAMN14939279	tree metagenome	SRP262308	2020-10-11 00:00:00 UTC	PRJNA632840	19	27	public	2562286.0
SRR11811692	AMPLICON	public	SRX8362816	Ion Torrent PGM	ION_TORRENT	SRS6678706	SAMN14939337	tree metagenome	SRP262308	2020-10-11 00:00:00 UTC	PRJNA632840	9	12	public	2562286.0
SRR11811693	AMPLICON	public	SRX8362815	Ion Torrent PGM	ION_TORRENT	SRS6678705	SAMN14939336	tree metagenome	SRP262308	2020-10-11 00:00:00 UTC	PRJNA632840	9	13	public	2562286.0
SRR11811694	AMPLICON	public	SRX8362814	Ion Torrent PGM	ION_TORRENT	SRS6678704	SAMN14939207	tree metagenome	SRP262308	2020-10-11 00:00:00 UTC	PRJNA632840	11	14	public	2562286.0
SRR11811695	AMPLICON	public	SRX8362813	Ion Torrent PGM	ION_TORRENT	SRS6678703	SAMN14939323	tree metagenome	SRP262308	2020-10-11 00:00:00 UTC	PRJNA632840	9	12	public	2562286.0
SRR11811696	AMPLICON	public	SRX8362812	Ion Torrent PGM	ION_TORRENT	SRS6678702	SAMN14939324	tree metagenome	SRP262308	2020-10-11 00:00:00 UTC	PRJNA632840	8	11	public	2562286.0
SRR11811697	AMPLICON	public	SRX8362811	Ion Torrent PGM	ION_TORRENT	SRS6678701	SAMN14939291	tree metagenome	SRP262308	2020-10-11 00:00:00 UTC	PRJNA632840	16	23	public	2562286.0
SRR11811698	AMPLICON	public	SRX8362810	Ion Torrent PGM	ION_TORRENT	SRS6678700	SAMN14939292	tree metagenome	SRP262308	2020-10-11 00:00:00 UTC	PRJNA632840	11	15	public	2562286.0
SRR11811699	AMPLICON	public	SRX8362809	Ion Torrent PGM	ION_TORRENT	SRS6678699	SAMN14939320	tree metagenome	SRP262308	2020-10-11 00:00:00 UTC	PRJNA632840	6	8	public	2562286.0
SRR11811700	AMPLICON	public	SRX8362808	Ion Torrent PGM	ION_TORRENT	SRS6678698	SAMN14939297	tree metagenome	SRP262308	2020-10-11 00:00:00 UTC	PRJNA632840	14	19	public	2562286.0
SRR11811701	AMPLICON	public	SRX8362807	Ion Torrent PGM	ION_TORRENT	SRS6678697	SAMN14939298	tree metagenome	SRP262308	2020-10-11 00:00:00 UTC	PRJNA632840	11	15	public	2562286.0
SRR11811702	AMPLICON	public	SRX8362806	Ion Torrent PGM	ION_TORRENT	SRS6678696	SAMN14939326	tree metagenome	SRP262308	2020-10-11 00:00:00 UTC	PRJNA632840	14	19	public	2562286.0
SRR11811703	AMPLICON	public	SRX8362805	Ion Torrent PGM	ION_TORRENT	SRS6678695	SAMN14939325	tree metagenome	SRP262308	2020-10-11 00:00:00 UTC	PRJNA632840	9	12	public	2562286.0
SRR11811704	AMPLICON	public	SRX8362804	Ion Torrent PGM	ION_TORRENT	SRS6678694	SAMN14939338	tree metagenome	SRP262308	2020-10-11 00:00:00 UTC	PRJNA632840	9	12	public	2562286.0
SRR11811705	AMPLICON	public	SRX8362803	Ion Torrent PGM	ION_TORRENT	SRS6678693	SAMN14939214	tree metagenome	SRP262308	2020-10-11 00:00:00 UTC	PRJNA632840	6	8	public	2562286.0
SRR11811706	AMPLICON	public	SRX8362802	Ion Torrent PGM	ION_TORRENT	SRS6678692	SAMN14939339	tree metagenome	SRP262308	2020-10-11 00:00:00 UTC	PRJNA632840	9	12	public	2562286.0
SRR11811707	AMPLICON	public	SRX8362801	Ion Torrent PGM	ION_TORRENT	SRS6678691	SAMN14939285	tree metagenome	SRP262308	2020-10-11 00:00:00 UTC	PRJNA632840	12	17	public	2562286.0
SRR11811708	AMPLICON	public	SRX8362800	Ion Torrent PGM	ION_TORRENT	SRS6678690	SAMN14939286	tree metagenome	SRP262308	2020-10-11 00:00:00 UTC	PRJNA632840	13	18	public	2562286.0
SRR11811709	AMPLICON	public	SRX8362799	Ion Torrent PGM	ION_TORRENT	SRS6678689	SAMN14939304	tree metagenome	SRP262308	2020-10-11 00:00:00 UTC	PRJNA632840	8	11	public	2562286.0
SRR11811710	AMPLICON	public	SRX8362798	Ion Torrent PGM	ION_TORRENT	SRS6678688	SAMN14939303	tree metagenome	SRP262308	2020-10-11 00:00:00 UTC	PRJNA632840	8	12	public	2562286.0
SRR11811711	AMPLICON	public	SRX8362797	Ion Torrent PGM	ION_TORRENT	SRS6678687	SAMN14939278	tree metagenome	SRP262308	2020-10-11 00:00:00 UTC	PRJNA632840	12	17	public	2562286.0
SRR11811712	AMPLICON	public	SRX8362796	Ion Torrent PGM	ION_TORRENT	SRS6678686	SAMN14939277	tree metagenome	SRP262308	2020-10-11 00:00:00 UTC	PRJNA632840	19	27	public	2562286.0
SRR11811713	AMPLICON	public	SRX8362795	Ion Torrent PGM	ION_TORRENT	SRS6678685	SAMN14939311	tree metagenome	SRP262308	2020-10-11 00:00:00 UTC	PRJNA632840	12	16	public	2562286.0
SRR11811714	AMPLICON	public	SRX8362794	Ion Torrent PGM	ION_TORRENT	SRS6678684	SAMN14939312	tree metagenome	SRP262308	2020-10-11 00:00:00 UTC	PRJNA632840	9	13	public	2562286.0
SRR11811715	AMPLICON	public	SRX8362793	Ion Torrent PGM	ION_TORRENT	SRS6678683	SAMN14939317	tree metagenome	SRP262308	2020-10-11 00:00:00 UTC	PRJNA632840	10	15	public	2562286.0
SRR11811716	AMPLICON	public	SRX8362792	Ion Torrent PGM	ION_TORRENT	SRS6678682	SAMN14939213	tree metagenome	SRP262308	2020-10-11 00:00:00 UTC	PRJNA632840	12	18	public	2562286.0
SRR11811717	AMPLICON	public	SRX8362791	Ion Torrent PGM	ION_TORRENT	SRS6678681	SAMN14939272	tree metagenome	SRP262308	2020-10-11 00:00:00 UTC	PRJNA632840	12	17	public	2562286.0
SRR11811718	AMPLICON	public	SRX8362790	Ion Torrent PGM	ION_TORRENT	SRS6678680	SAMN14939271	tree metagenome	SRP262308	2020-10-11 00:00:00 UTC	PRJNA632840	14	19	public	2562286.0
SRR11811719	AMPLICON	public	SRX8362789	Ion Torrent PGM	ION_TORRENT	SRS6678679	SAMN14939281	tree metagenome	SRP262308	2020-10-11 00:00:00 UTC	PRJNA632840	23	31	public	2562286.0
SRR11811720	AMPLICON	public	SRX8362788	Ion Torrent PGM	ION_TORRENT	SRS6678678	SAMN14939282	tree metagenome	SRP262308	2020-10-11 00:00:00 UTC	PRJNA632840	9	12	public	2562286.0
SRR11811721	AMPLICON	public	SRX8362787	Ion Torrent PGM	ION_TORRENT	SRS6678677	SAMN14939295	tree metagenome	SRP262308	2020-10-11 00:00:00 UTC	PRJNA632840	11	15	public	2562286.0
SRR11811722	AMPLICON	public	SRX8362786	Ion Torrent PGM	ION_TORRENT	SRS6678676	SAMN14939296	tree metagenome	SRP262308	2020-10-11 00:00:00 UTC	PRJNA632840	12	17	public	2562286.0
SRR11811723	AMPLICON	public	SRX8362785	Ion Torrent PGM	ION_TORRENT	SRS6678675	SAMN14939318	tree metagenome	SRP262308	2020-10-11 00:00:00 UTC	PRJNA632840	9	13	public	2562286.0
SRR11811724	AMPLICON	public	SRX8362784	Ion Torrent PGM	ION_TORRENT	SRS6678674	SAMN14939287	tree metagenome	SRP262308	2020-10-11 00:00:00 UTC	PRJNA632840	11	16	public	2562286.0
SRR11811725	AMPLICON	public	SRX8362783	Ion Torrent PGM	ION_TORRENT	SRS6678673	SAMN14939288	tree metagenome	SRP262308	2020-10-11 00:00:00 UTC	PRJNA632840	10	14	public	2562286.0
SRR11811726	AMPLICON	public	SRX8362782	Ion Torrent PGM	ION_TORRENT	SRS6678672	SAMN14939332	tree metagenome	SRP262308	2020-10-11 00:00:00 UTC	PRJNA632840	11	16	public	2562286.0
SRR11870955	AMPLICON	public	SRX8420665	Illumina MiSeq	ILLUMINA	SRS6732168	SAMN15052195	sludge metagenome	SRP265190	2020-09-30 00:00:00 UTC	PRJNA635748	17	29	public	1592332.0
SRR11870956	AMPLICON	public	SRX8420664	Illumina MiSeq	ILLUMINA	SRS6732167	SAMN15052194	sludge metagenome	SRP265190	2020-09-30 00:00:00 UTC	PRJNA635748	20	34	public	1592332.0
SRR11870957	AMPLICON	public	SRX8420663	Illumina MiSeq	ILLUMINA	SRS6732169	SAMN15052193	sludge metagenome	SRP265190	2020-09-30 00:00:00 UTC	PRJNA635748	14	25	public	1592332.0
SRR11870958	AMPLICON	public	SRX8420662	Illumina MiSeq	ILLUMINA	SRS6732166	SAMN15052192	sludge metagenome	SRP265190	2020-09-30 00:00:00 UTC	PRJNA635748	12	23	public	1592332.0
SRR12088739	ncRNA-Seq	public	SRX8615046	Illumina HiSeq 2500	ILLUMINA	SRS6904190	SAMN15367100	Mus musculus	SRP268769	2021-10-15 00:00:00 UTC	PRJNA641811	2382	6840	public	10090.0
SRR12088740	ncRNA-Seq	public	SRX8615047	Illumina HiSeq 2500	ILLUMINA	SRS6904191	SAMN15367099	Mus musculus	SRP268769	2021-10-15 00:00:00 UTC	PRJNA641811	3236	7912	public	10090.0
SRR12088741	ncRNA-Seq	public	SRX8615048	Illumina HiSeq 2500	ILLUMINA	SRS6904192	SAMN15367098	Mus musculus	SRP268769	2021-10-15 00:00:00 UTC	PRJNA641811	2244	5594	public	10090.0
SRR12088742	ncRNA-Seq	public	SRX8615049	Illumina HiSeq 2500	ILLUMINA	SRS6904193	SAMN15367097	Mus musculus	SRP268769	2021-10-15 00:00:00 UTC	PRJNA641811	2313	6285	public	10090.0
SRR12088743	ncRNA-Seq	public	SRX8615050	Illumina HiSeq 2500	ILLUMINA	SRS6904194	SAMN15367096	Mus musculus	SRP268769	2021-10-15 00:00:00 UTC	PRJNA641811	2724	7393	public	10090.0
SRR12088744	ncRNA-Seq	public	SRX8615051	Illumina HiSeq 2500	ILLUMINA	SRS6904195	SAMN15367095	Mus musculus	SRP268769	2021-10-15 00:00:00 UTC	PRJNA641811	2901	7094	public	10090.0
SRR12495846	AMPLICON	public	SRX8987357	Illumina MiSeq	ILLUMINA	SRS7241314	SAMN15887196	Escherichia coli	SRP278482	2020-10-08 00:00:00 UTC	PRJNA658705	290	566	public	562.0
SRR12495847	AMPLICON	public	SRX8987356	Illumina MiSeq	ILLUMINA	SRS7241314	SAMN15887196	Escherichia coli	SRP278482	2020-10-08 00:00:00 UTC	PRJNA658705	278	566	public	562.0
SRR12495848	AMPLICON	public	SRX8987355	Illumina MiSeq	ILLUMINA	SRS7241314	SAMN15887196	Escherichia coli	SRP278482	2020-10-08 00:00:00 UTC	PRJNA658705	306	623	public	562.0
SRR12495849	AMPLICON	public	SRX8987354	Illumina MiSeq	ILLUMINA	SRS7241314	SAMN15887196	Escherichia coli	SRP278482	2020-10-08 00:00:00 UTC	PRJNA658705	255	510	public	562.0
SRR12495850	AMPLICON	public	SRX8987353	Illumina MiSeq	ILLUMINA	SRS7241314	SAMN15887196	Escherichia coli	SRP278482	2020-10-08 00:00:00 UTC	PRJNA658705	264	520	public	562.0
SRR12495851	AMPLICON	public	SRX8987352	Illumina MiSeq	ILLUMINA	SRS7241314	SAMN15887196	Escherichia coli	SRP278482	2020-10-08 00:00:00 UTC	PRJNA658705	268	536	public	562.0
SRR12495852	AMPLICON	public	SRX8987351	Illumina MiSeq	ILLUMINA	SRS7241314	SAMN15887196	Escherichia coli	SRP278482	2020-10-08 00:00:00 UTC	PRJNA658705	370	679	public	562.0
SRR12495853	AMPLICON	public	SRX8987350	Illumina MiSeq	ILLUMINA	SRS7241314	SAMN15887196	Escherichia coli	SRP278482	2020-10-08 00:00:00 UTC	PRJNA658705	212	444	public	562.0
SRR12495854	AMPLICON	public	SRX8987349	Illumina MiSeq	ILLUMINA	SRS7241314	SAMN15887196	Escherichia coli	SRP278482	2020-10-08 00:00:00 UTC	PRJNA658705	239	410	public	562.0
SRR12495855	AMPLICON	public	SRX8987348	Illumina MiSeq	ILLUMINA	SRS7241314	SAMN15887196	Escherichia coli	SRP278482	2020-10-08 00:00:00 UTC	PRJNA658705	358	713	public	562.0
SRR12495856	AMPLICON	public	SRX8987347	Illumina MiSeq	ILLUMINA	SRS7241314	SAMN15887196	Escherichia coli	SRP278482	2020-10-08 00:00:00 UTC	PRJNA658705	341	646	public	562.0
SRR12495857	AMPLICON	public	SRX8987346	Illumina MiSeq	ILLUMINA	SRS7241314	SAMN15887196	Escherichia coli	SRP278482	2020-10-08 00:00:00 UTC	PRJNA658705	238	466	public	562.0
SRR12495858	AMPLICON	public	SRX8987345	Illumina MiSeq	ILLUMINA	SRS7241314	SAMN15887196	Escherichia coli	SRP278482	2020-10-08 00:00:00 UTC	PRJNA658705	246	502	public	562.0
SRR12495859	AMPLICON	public	SRX8987344	Illumina MiSeq	ILLUMINA	SRS7241314	SAMN15887196	Escherichia coli	SRP278482	2020-10-08 00:00:00 UTC	PRJNA658705	266	533	public	562.0
SRR12495860	AMPLICON	public	SRX8987343	Illumina MiSeq	ILLUMINA	SRS7241314	SAMN15887196	Escherichia coli	SRP278482	2020-10-08 00:00:00 UTC	PRJNA658705	162	321	public	562.0
SRR12495861	AMPLICON	public	SRX8987342	Illumina MiSeq	ILLUMINA	SRS7241314	SAMN15887196	Escherichia coli	SRP278482	2020-10-08 00:00:00 UTC	PRJNA658705	139	299	public	562.0
SRR12495862	AMPLICON	public	SRX8987341	Illumina MiSeq	ILLUMINA	SRS7241314	SAMN15887196	Escherichia coli	SRP278482	2020-10-08 00:00:00 UTC	PRJNA658705	266	538	public	562.0
SRR12495863	AMPLICON	public	SRX8987340	Illumina MiSeq	ILLUMINA	SRS7241314	SAMN15887196	Escherichia coli	SRP278482	2020-10-08 00:00:00 UTC	PRJNA658705	251	506	public	562.0
SRR12495864	AMPLICON	public	SRX8987339	Illumina MiSeq	ILLUMINA	SRS7241314	SAMN15887196	Escherichia coli	SRP278482	2020-10-08 00:00:00 UTC	PRJNA658705	260	506	public	562.0
SRR12534972	AMPLICON	public	SRX9024752	Illumina MiSeq	ILLUMINA	SRS7276201	SAMN15923468	metagenome	SRP278482	2020-10-08 00:00:00 UTC	PRJNA658705	782	1383	public	256318.0
SRR12534973	AMPLICON	public	SRX9024751	Illumina MiSeq	ILLUMINA	SRS7276201	SAMN15923468	metagenome	SRP278482	2020-10-08 00:00:00 UTC	PRJNA658705	824	1454	public	256318.0
SRR12534974	AMPLICON	public	SRX9024750	Illumina MiSeq	ILLUMINA	SRS7276201	SAMN15923468	metagenome	SRP278482	2020-10-08 00:00:00 UTC	PRJNA658705	798	1374	public	256318.0
SRR12534975	AMPLICON	public	SRX9024749	Illumina MiSeq	ILLUMINA	SRS7276200	SAMN15923467	metagenome	SRP278482	2020-10-08 00:00:00 UTC	PRJNA658705	812	1496	public	256318.0
SRR12534976	AMPLICON	public	SRX9024748	Illumina MiSeq	ILLUMINA	SRS7276200	SAMN15923467	metagenome	SRP278482	2020-10-08 00:00:00 UTC	PRJNA658705	765	1395	public	256318.0
SRR12534977	AMPLICON	public	SRX9024747	Illumina MiSeq	ILLUMINA	SRS7276200	SAMN15923467	metagenome	SRP278482	2020-10-08 00:00:00 UTC	PRJNA658705	912	1629	public	256318.0
SRR12534978	AMPLICON	public	SRX9024746	Illumina MiSeq	ILLUMINA	SRS7276199	SAMN15923466	metagenome	SRP278482	2020-10-08 00:00:00 UTC	PRJNA658705	1619	2698	public	256318.0
SRR12536368	AMPLICON	public	SRX9026154	Illumina MiSeq	ILLUMINA	SRS7277590	SAMN15926800	Escherichia coli	SRP278482	2020-10-08 00:00:00 UTC	PRJNA658705	313	656	public	562.0
SRR12536369	AMPLICON	public	SRX9026152	Illumina MiSeq	ILLUMINA	SRS7277590	SAMN15926800	Escherichia coli	SRP278482	2020-10-08 00:00:00 UTC	PRJNA658705	304	644	public	562.0
SRR12536370	AMPLICON	public	SRX9026151	Illumina MiSeq	ILLUMINA	SRS7277590	SAMN15926800	Escherichia coli	SRP278482	2020-10-08 00:00:00 UTC	PRJNA658705	253	526	public	562.0
SRR12536371	AMPLICON	public	SRX9026153	Illumina MiSeq	ILLUMINA	SRS7277590	SAMN15926800	Escherichia coli	SRP278482	2020-10-08 00:00:00 UTC	PRJNA658705	334	657	public	562.0
SRR12536372	AMPLICON	public	SRX9026150	Illumina MiSeq	ILLUMINA	SRS7277590	SAMN15926800	Escherichia coli	SRP278482	2020-10-08 00:00:00 UTC	PRJNA658705	350	678	public	562.0
SRR12536373	AMPLICON	public	SRX9026149	Illumina MiSeq	ILLUMINA	SRS7277590	SAMN15926800	Escherichia coli	SRP278482	2020-10-08 00:00:00 UTC	PRJNA658705	301	639	public	562.0
SRR12536374	AMPLICON	public	SRX9026147	Illumina MiSeq	ILLUMINA	SRS7277590	SAMN15926800	Escherichia coli	SRP278482	2020-10-08 00:00:00 UTC	PRJNA658705	335	631	public	562.0
SRR12536375	AMPLICON	public	SRX9026145	Illumina MiSeq	ILLUMINA	SRS7277590	SAMN15926800	Escherichia coli	SRP278482	2020-10-08 00:00:00 UTC	PRJNA658705	283	596	public	562.0
SRR12536376	AMPLICON	public	SRX9026143	Illumina MiSeq	ILLUMINA	SRS7277590	SAMN15926800	Escherichia coli	SRP278482	2020-10-08 00:00:00 UTC	PRJNA658705	273	566	public	562.0
SRR12536377	AMPLICON	public	SRX9026142	Illumina MiSeq	ILLUMINA	SRS7277590	SAMN15926800	Escherichia coli	SRP278482	2020-10-08 00:00:00 UTC	PRJNA658705	335	655	public	562.0
SRR12536378	AMPLICON	public	SRX9026144	Illumina MiSeq	ILLUMINA	SRS7277590	SAMN15926800	Escherichia coli	SRP278482	2020-10-08 00:00:00 UTC	PRJNA658705	281	592	public	562.0
SRR12536379	AMPLICON	public	SRX9026146	Illumina MiSeq	ILLUMINA	SRS7277590	SAMN15926800	Escherichia coli	SRP278482	2020-10-08 00:00:00 UTC	PRJNA658705	249	521	public	562.0
SRR12536380	AMPLICON	public	SRX9026148	Illumina MiSeq	ILLUMINA	SRS7277590	SAMN15926800	Escherichia coli	SRP278482	2020-10-08 00:00:00 UTC	PRJNA658705	239	477	public	562.0
SRR12536381	AMPLICON	public	SRX9026141	Illumina MiSeq	ILLUMINA	SRS7277590	SAMN15926800	Escherichia coli	SRP278482	2020-10-08 00:00:00 UTC	PRJNA658705	303	602	public	562.0
SRR12536382	AMPLICON	public	SRX9026140	Illumina MiSeq	ILLUMINA	SRS7277590	SAMN15926800	Escherichia coli	SRP278482	2020-10-08 00:00:00 UTC	PRJNA658705	288	594	public	562.0
SRR12538757	AMPLICON	public	SRX9028503	Illumina MiSeq	ILLUMINA	SRS7279864	SAMN15929323	Homo sapiens	SRP278482	2020-10-08 00:00:00 UTC	PRJNA658705	969	1791	public	9606.0
SRR12589115	ATAC-seq	public	SRX9075645	Illumina HiSeq 4000	ILLUMINA	SRS7322736	SAMN16058889	Homo sapiens	SRP173733	2020-11-16 00:00:00 UTC	PRJNA510453	2135	4255	public	9606.0
SRR12589116	ATAC-seq	public	SRX9075646	Illumina HiSeq 4000	ILLUMINA	SRS7322737	SAMN16058888	Homo sapiens	SRP173733	2020-11-16 00:00:00 UTC	PRJNA510453	3151	6697	public	9606.0
SRR12589117	ATAC-seq	public	SRX9075647	Illumina HiSeq 4000	ILLUMINA	SRS7322738	SAMN16058887	Homo sapiens	SRP173733	2020-11-16 00:00:00 UTC	PRJNA510453	2812	5930	public	9606.0
SRR12589118	ATAC-seq	public	SRX9075648	Illumina HiSeq 4000	ILLUMINA	SRS7322739	SAMN16058886	Homo sapiens	SRP173733	2020-11-16 00:00:00 UTC	PRJNA510453	1301	3526	public	9606.0
SRR12589119	ATAC-seq	public	SRX9075649	Illumina HiSeq 4000	ILLUMINA	SRS7322740	SAMN16058885	Homo sapiens	SRP173733	2020-11-16 00:00:00 UTC	PRJNA510453	1060	2768	public	9606.0
SRR12589120	ATAC-seq	public	SRX9075650	Illumina HiSeq 4000	ILLUMINA	SRS7322741	SAMN16058884	Homo sapiens	SRP173733	2020-11-16 00:00:00 UTC	PRJNA510453	3125	6679	public	9606.0
SRR12589121	ATAC-seq	public	SRX9075651	Illumina HiSeq 4000	ILLUMINA	SRS7322742	SAMN16058883	Homo sapiens	SRP173733	2020-11-16 00:00:00 UTC	PRJNA510453	3496	7384	public	9606.0
SRR12589122	ATAC-seq	public	SRX9075652	Illumina HiSeq 4000	ILLUMINA	SRS7322743	SAMN16058882	Homo sapiens	SRP173733	2020-11-16 00:00:00 UTC	PRJNA510453	2941	6226	public	9606.0
SRR12589123	ATAC-seq	public	SRX9075653	Illumina HiSeq 4000	ILLUMINA	SRS7322744	SAMN16058881	Homo sapiens	SRP173733	2020-11-16 00:00:00 UTC	PRJNA510453	3612	7712	public	9606.0
SRR12589124	ATAC-seq	public	SRX9075654	Illumina HiSeq 4000	ILLUMINA	SRS7322745	SAMN16058880	Homo sapiens	SRP173733	2020-11-16 00:00:00 UTC	PRJNA510453	3688	7855	public	9606.0
SRR12589125	ATAC-seq	public	SRX9075655	Illumina HiSeq 4000	ILLUMINA	SRS7322746	SAMN16058879	Homo sapiens	SRP173733	2020-11-16 00:00:00 UTC	PRJNA510453	2771	5951	public	9606.0
SRR12703106	OTHER	public	SRX9182613	Illumina NovaSeq 6000	ILLUMINA	SRS7419498	SAMN16253297	Salmo salar	SRP285207	2020-09-24 00:00:00 UTC	PRJNA665390	1468	4495	public	8030.0
SRR12703107	OTHER	public	SRX9182612	Illumina NovaSeq 6000	ILLUMINA	SRS7419497	SAMN16253296	Salmo salar	SRP285207	2020-09-24 00:00:00 UTC	PRJNA665390	173	513	public	8030.0
SRR12703108	OTHER	public	SRX9182611	Illumina NovaSeq 6000	ILLUMINA	SRS7419496	SAMN16253295	Salmo salar	SRP285207	2020-09-24 00:00:00 UTC	PRJNA665390	144	434	public	8030.0
SRR12703109	OTHER	public	SRX9182610	Illumina NovaSeq 6000	ILLUMINA	SRS7419495	SAMN16253294	Salmo salar	SRP285207	2020-09-24 00:00:00 UTC	PRJNA665390	102	308	public	8030.0
SRR12703110	OTHER	public	SRX9182609	Illumina NovaSeq 6000	ILLUMINA	SRS7419494	SAMN16253293	Salmo salar	SRP285207	2020-09-24 00:00:00 UTC	PRJNA665390	142	431	public	8030.0
SRR12703111	OTHER	public	SRX9182608	Illumina NovaSeq 6000	ILLUMINA	SRS7419493	SAMN16253292	Salmo salar	SRP285207	2020-09-24 00:00:00 UTC	PRJNA665390	161	488	public	8030.0
SRR12703112	OTHER	public	SRX9182607	Illumina NovaSeq 6000	ILLUMINA	SRS7419492	SAMN16253291	Salmo salar	SRP285207	2020-09-24 00:00:00 UTC	PRJNA665390	183	540	public	8030.0
SRR12703113	OTHER	public	SRX9182606	Illumina NovaSeq 6000	ILLUMINA	SRS7419491	SAMN16253290	Salmo salar	SRP285207	2020-09-24 00:00:00 UTC	PRJNA665390	758	2270	public	8030.0
SRR12703114	OTHER	public	SRX9182605	Illumina NovaSeq 6000	ILLUMINA	SRS7419489	SAMN16253305	Salmo salar	SRP285207	2020-09-24 00:00:00 UTC	PRJNA665390	612	1873	public	8030.0
SRR12703115	OTHER	public	SRX9182604	Illumina NovaSeq 6000	ILLUMINA	SRS7419490	SAMN16253304	Salmo salar	SRP285207	2020-09-24 00:00:00 UTC	PRJNA665390	656	1998	public	8030.0
SRR12703116	OTHER	public	SRX9182603	Illumina NovaSeq 6000	ILLUMINA	SRS7419488	SAMN16253303	Salmo salar	SRP285207	2020-09-24 00:00:00 UTC	PRJNA665390	492	1490	public	8030.0
SRR12703117	OTHER	public	SRX9182602	Illumina NovaSeq 6000	ILLUMINA	SRS7419487	SAMN16253302	Salmo salar	SRP285207	2020-09-24 00:00:00 UTC	PRJNA665390	787	2393	public	8030.0
SRR12703118	OTHER	public	SRX9182601	Illumina NovaSeq 6000	ILLUMINA	SRS7419485	SAMN16253301	Salmo salar	SRP285207	2020-09-24 00:00:00 UTC	PRJNA665390	601	1810	public	8030.0
SRR12703119	OTHER	public	SRX9182600	Illumina NovaSeq 6000	ILLUMINA	SRS7419486	SAMN16253300	Salmo salar	SRP285207	2020-09-24 00:00:00 UTC	PRJNA665390	752	2285	public	8030.0
SRR12703120	OTHER	public	SRX9182599	Illumina NovaSeq 6000	ILLUMINA	SRS7419483	SAMN16253299	Salmo salar	SRP285207	2020-09-24 00:00:00 UTC	PRJNA665390	491	1471	public	8030.0
SRR12703121	OTHER	public	SRX9182598	Illumina NovaSeq 6000	ILLUMINA	SRS7419484	SAMN16253298	Salmo salar	SRP285207	2020-09-24 00:00:00 UTC	PRJNA665390	501	1507	public	8030.0
SRR12703122	OTHER	public	SRX9182597	Illumina NovaSeq 6000	ILLUMINA	SRS7419482	SAMN16253289	Salmo salar	SRP285207	2020-09-24 00:00:00 UTC	PRJNA665390	704	2133	public	8030.0
SRR12703123	OTHER	public	SRX9182596	Illumina NovaSeq 6000	ILLUMINA	SRS7419481	SAMN16253288	Salmo salar	SRP285207	2020-09-24 00:00:00 UTC	PRJNA665390	636	1921	public	8030.0
SRR1299113	AMPLICON	public	SRX553153	Illumina MiSeq	ILLUMINA	SRS620453	SAMN02799653	soil metagenome	SRP042269	2015-05-26 00:00:00 UTC	PRJNA248595	5	20	public	410658.0
SRR13023804	RNA-Seq	public	SRX9474087	Illumina MiSeq	ILLUMINA	SRS7684000	SAMN16746761	Severe acute respiratory syndrome coronavirus 2	SRP292160	2021-05-07 00:00:00 UTC	PRJNA676016	34	82	public	2697049.0
SRR13023805	RNA-Seq	public	SRX9474086	Illumina MiSeq	ILLUMINA	SRS7683999	SAMN16746725	Severe acute respiratory syndrome coronavirus 2	SRP292160	2021-05-07 00:00:00 UTC	PRJNA676016	60	140	public	2697049.0
SRR13023806	RNA-Seq	public	SRX9474085	Illumina MiSeq	ILLUMINA	SRS7683998	SAMN16746760	Severe acute respiratory syndrome coronavirus 2	SRP292160	2021-05-07 00:00:00 UTC	PRJNA676016	39	96	public	2697049.0
SRR13023807	RNA-Seq	public	SRX9474084	Illumina MiSeq	ILLUMINA	SRS7683997	SAMN16746759	Severe acute respiratory syndrome coronavirus 2	SRP292160	2021-05-07 00:00:00 UTC	PRJNA676016	39	99	public	2697049.0
SRR13023808	RNA-Seq	public	SRX9474083	Illumina MiSeq	ILLUMINA	SRS7683996	SAMN16746758	Severe acute respiratory syndrome coronavirus 2	SRP292160	2021-05-07 00:00:00 UTC	PRJNA676016	32	78	public	2697049.0
SRR13023809	RNA-Seq	public	SRX9474082	Illumina MiSeq	ILLUMINA	SRS7683995	SAMN16746757	Severe acute respiratory syndrome coronavirus 2	SRP292160	2021-05-07 00:00:00 UTC	PRJNA676016	113	284	public	2697049.0
SRR13023810	RNA-Seq	public	SRX9474081	Illumina MiSeq	ILLUMINA	SRS7683994	SAMN16746756	Severe acute respiratory syndrome coronavirus 2	SRP292160	2021-05-07 00:00:00 UTC	PRJNA676016	73	182	public	2697049.0
SRR13023811	RNA-Seq	public	SRX9474080	Illumina MiSeq	ILLUMINA	SRS7683993	SAMN16746755	Severe acute respiratory syndrome coronavirus 2	SRP292160	2021-05-07 00:00:00 UTC	PRJNA676016	78	199	public	2697049.0
SRR13023812	RNA-Seq	public	SRX9474079	Illumina MiSeq	ILLUMINA	SRS7683992	SAMN16746754	Severe acute respiratory syndrome coronavirus 2	SRP292160	2021-05-07 00:00:00 UTC	PRJNA676016	99	252	public	2697049.0
SRR13023813	RNA-Seq	public	SRX9474078	Illumina MiSeq	ILLUMINA	SRS7683991	SAMN16746753	Severe acute respiratory syndrome coronavirus 2	SRP292160	2021-05-07 00:00:00 UTC	PRJNA676016	38	95	public	2697049.0
SRR13023814	RNA-Seq	public	SRX9474077	Illumina MiSeq	ILLUMINA	SRS7683990	SAMN16746752	Severe acute respiratory syndrome coronavirus 2	SRP292160	2021-05-07 00:00:00 UTC	PRJNA676016	50	123	public	2697049.0
SRR13023815	RNA-Seq	public	SRX9474076	Illumina MiSeq	ILLUMINA	SRS7683989	SAMN16746751	Severe acute respiratory syndrome coronavirus 2	SRP292160	2021-05-07 00:00:00 UTC	PRJNA676016	31	79	public	2697049.0
SRR13023816	RNA-Seq	public	SRX9474075	Illumina MiSeq	ILLUMINA	SRS7683988	SAMN16746724	Severe acute respiratory syndrome coronavirus 2	SRP292160	2021-05-07 00:00:00 UTC	PRJNA676016	43	94	public	2697049.0
SRR13023817	RNA-Seq	public	SRX9474074	Illumina MiSeq	ILLUMINA	SRS7683987	SAMN16746750	Severe acute respiratory syndrome coronavirus 2	SRP292160	2021-05-07 00:00:00 UTC	PRJNA676016	12	29	public	2697049.0
SRR13023818	RNA-Seq	public	SRX9474073	Illumina MiSeq	ILLUMINA	SRS7683986	SAMN16746749	Severe acute respiratory syndrome coronavirus 2	SRP292160	2021-05-07 00:00:00 UTC	PRJNA676016	67	166	public	2697049.0
SRR13023819	RNA-Seq	public	SRX9474072	Illumina MiSeq	ILLUMINA	SRS7683985	SAMN16746748	Severe acute respiratory syndrome coronavirus 2	SRP292160	2021-05-07 00:00:00 UTC	PRJNA676016	94	232	public	2697049.0
SRR13023820	RNA-Seq	public	SRX9474071	Illumina MiSeq	ILLUMINA	SRS7683984	SAMN16746747	Severe acute respiratory syndrome coronavirus 2	SRP292160	2021-05-07 00:00:00 UTC	PRJNA676016	43	109	public	2697049.0
SRR13023821	RNA-Seq	public	SRX9474070	Illumina MiSeq	ILLUMINA	SRS7683983	SAMN16746746	Severe acute respiratory syndrome coronavirus 2	SRP292160	2021-05-07 00:00:00 UTC	PRJNA676016	44	111	public	2697049.0
SRR13023822	RNA-Seq	public	SRX9474069	Illumina MiSeq	ILLUMINA	SRS7683982	SAMN16746745	Severe acute respiratory syndrome coronavirus 2	SRP292160	2021-05-07 00:00:00 UTC	PRJNA676016	44	111	public	2697049.0
SRR13023823	RNA-Seq	public	SRX9474068	Illumina MiSeq	ILLUMINA	SRS7683981	SAMN16746744	Severe acute respiratory syndrome coronavirus 2	SRP292160	2021-05-07 00:00:00 UTC	PRJNA676016	30	75	public	2697049.0
SRR13023824	RNA-Seq	public	SRX9474067	Illumina MiSeq	ILLUMINA	SRS7683980	SAMN16746743	Severe acute respiratory syndrome coronavirus 2	SRP292160	2021-05-07 00:00:00 UTC	PRJNA676016	21	53	public	2697049.0
SRR13023825	RNA-Seq	public	SRX9474066	Illumina MiSeq	ILLUMINA	SRS7683979	SAMN16746742	Severe acute respiratory syndrome coronavirus 2	SRP292160	2021-05-07 00:00:00 UTC	PRJNA676016	59	146	public	2697049.0
SRR13023826	RNA-Seq	public	SRX9474065	Illumina MiSeq	ILLUMINA	SRS7683978	SAMN16746741	Severe acute respiratory syndrome coronavirus 2	SRP292160	2021-05-07 00:00:00 UTC	PRJNA676016	66	167	public	2697049.0
SRR13023827	RNA-Seq	public	SRX9474064	Illumina MiSeq	ILLUMINA	SRS7683977	SAMN16746723	Severe acute respiratory syndrome coronavirus 2	SRP292160	2021-05-07 00:00:00 UTC	PRJNA676016	98	238	public	2697049.0
SRR13023828	RNA-Seq	public	SRX9474063	Illumina MiSeq	ILLUMINA	SRS7683976	SAMN16746740	Severe acute respiratory syndrome coronavirus 2	SRP292160	2021-05-07 00:00:00 UTC	PRJNA676016	54	132	public	2697049.0
SRR13023829	RNA-Seq	public	SRX9474062	Illumina MiSeq	ILLUMINA	SRS7683975	SAMN16746739	Severe acute respiratory syndrome coronavirus 2	SRP292160	2021-05-07 00:00:00 UTC	PRJNA676016	75	190	public	2697049.0
SRR13023830	RNA-Seq	public	SRX9474061	Illumina MiSeq	ILLUMINA	SRS7683974	SAMN16746738	Severe acute respiratory syndrome coronavirus 2	SRP292160	2021-05-07 00:00:00 UTC	PRJNA676016	91	224	public	2697049.0
SRR13023831	RNA-Seq	public	SRX9474060	Illumina MiSeq	ILLUMINA	SRS7683973	SAMN16746737	Severe acute respiratory syndrome coronavirus 2	SRP292160	2021-05-07 00:00:00 UTC	PRJNA676016	239	589	public	2697049.0
SRR13023832	RNA-Seq	public	SRX9474059	Illumina MiSeq	ILLUMINA	SRS7683972	SAMN16746736	Severe acute respiratory syndrome coronavirus 2	SRP292160	2021-05-07 00:00:00 UTC	PRJNA676016	175	435	public	2697049.0
SRR13023833	RNA-Seq	public	SRX9474058	Illumina MiSeq	ILLUMINA	SRS7683971	SAMN16746735	Severe acute respiratory syndrome coronavirus 2	SRP292160	2021-05-07 00:00:00 UTC	PRJNA676016	110	274	public	2697049.0
SRR13023834	RNA-Seq	public	SRX9474057	Illumina MiSeq	ILLUMINA	SRS7683970	SAMN16746734	Severe acute respiratory syndrome coronavirus 2	SRP292160	2021-05-07 00:00:00 UTC	PRJNA676016	60	151	public	2697049.0
SRR13023835	RNA-Seq	public	SRX9474056	Illumina MiSeq	ILLUMINA	SRS7683969	SAMN16746733	Severe acute respiratory syndrome coronavirus 2	SRP292160	2021-05-07 00:00:00 UTC	PRJNA676016	80	201	public	2697049.0
SRR13023836	RNA-Seq	public	SRX9474055	Illumina MiSeq	ILLUMINA	SRS7683968	SAMN16746730	Severe acute respiratory syndrome coronavirus 2	SRP292160	2021-05-07 00:00:00 UTC	PRJNA676016	71	168	public	2697049.0
SRR13023837	RNA-Seq	public	SRX9474054	Illumina MiSeq	ILLUMINA	SRS7683967	SAMN16746729	Severe acute respiratory syndrome coronavirus 2	SRP292160	2021-05-07 00:00:00 UTC	PRJNA676016	53	126	public	2697049.0
SRR13023838	RNA-Seq	public	SRX9474053	Illumina MiSeq	ILLUMINA	SRS7683966	SAMN16746728	Severe acute respiratory syndrome coronavirus 2	SRP292160	2021-05-07 00:00:00 UTC	PRJNA676016	147	341	public	2697049.0
SRR13023839	RNA-Seq	public	SRX9474052	Illumina MiSeq	ILLUMINA	SRS7683965	SAMN16746727	Severe acute respiratory syndrome coronavirus 2	SRP292160	2021-05-07 00:00:00 UTC	PRJNA676016	39	92	public	2697049.0
SRR13023840	RNA-Seq	public	SRX9474051	Illumina MiSeq	ILLUMINA	SRS7683964	SAMN16746726	Severe acute respiratory syndrome coronavirus 2	SRP292160	2021-05-07 00:00:00 UTC	PRJNA676016	68	161	public	2697049.0
SRR13023841	RNA-Seq	public	SRX9474050	Illumina MiSeq	ILLUMINA	SRS7683963	SAMN16746770	Severe acute respiratory syndrome coronavirus 2	SRP292160	2021-05-07 00:00:00 UTC	PRJNA676016	17	43	public	2697049.0
SRR13023842	RNA-Seq	public	SRX9474049	Illumina MiSeq	ILLUMINA	SRS7683962	SAMN16746769	Severe acute respiratory syndrome coronavirus 2	SRP292160	2021-05-07 00:00:00 UTC	PRJNA676016	11	27	public	2697049.0
SRR13023843	RNA-Seq	public	SRX9474048	Illumina MiSeq	ILLUMINA	SRS7683961	SAMN16746768	Severe acute respiratory syndrome coronavirus 2	SRP292160	2021-05-07 00:00:00 UTC	PRJNA676016	10	24	public	2697049.0
SRR13023844	RNA-Seq	public	SRX9474047	Illumina MiSeq	ILLUMINA	SRS7683960	SAMN16746767	Severe acute respiratory syndrome coronavirus 2	SRP292160	2021-05-07 00:00:00 UTC	PRJNA676016	16	40	public	2697049.0
SRR13023845	RNA-Seq	public	SRX9474046	Illumina MiSeq	ILLUMINA	SRS7683959	SAMN16746766	Severe acute respiratory syndrome coronavirus 2	SRP292160	2021-05-07 00:00:00 UTC	PRJNA676016	14	34	public	2697049.0
SRR13023846	RNA-Seq	public	SRX9474045	Illumina MiSeq	ILLUMINA	SRS7683958	SAMN16746765	Severe acute respiratory syndrome coronavirus 2	SRP292160	2021-05-07 00:00:00 UTC	PRJNA676016	48	119	public	2697049.0
SRR13023847	RNA-Seq	public	SRX9474044	Illumina MiSeq	ILLUMINA	SRS7683957	SAMN16746764	Severe acute respiratory syndrome coronavirus 2	SRP292160	2021-05-07 00:00:00 UTC	PRJNA676016	18	45	public	2697049.0
SRR13023848	RNA-Seq	public	SRX9474043	Illumina MiSeq	ILLUMINA	SRS7683956	SAMN16746763	Severe acute respiratory syndrome coronavirus 2	SRP292160	2021-05-07 00:00:00 UTC	PRJNA676016	93	238	public	2697049.0
SRR13023849	RNA-Seq	public	SRX9474042	Illumina MiSeq	ILLUMINA	SRS7683955	SAMN16746762	Severe acute respiratory syndrome coronavirus 2	SRP292160	2021-05-07 00:00:00 UTC	PRJNA676016	43	106	public	2697049.0
SRR13023850	RNA-Seq	public	SRX9474041	Illumina MiSeq	ILLUMINA	SRS7683954	SAMN16746732	Severe acute respiratory syndrome coronavirus 2	SRP292160	2021-05-07 00:00:00 UTC	PRJNA676016	374	853	public	2697049.0
SRR13023851	RNA-Seq	public	SRX9474040	Illumina MiSeq	ILLUMINA	SRS7683953	SAMN16746731	Severe acute respiratory syndrome coronavirus 2	SRP292160	2021-05-07 00:00:00 UTC	PRJNA676016	47	111	public	2697049.0
SRR13023852	RNA-Seq	public	SRX9474039	Illumina MiSeq	ILLUMINA	SRS7683952	SAMN16746722	Severe acute respiratory syndrome coronavirus 2	SRP292160	2021-05-07 00:00:00 UTC	PRJNA676016	46	111	public	2697049.0
SRR13023853	RNA-Seq	public	SRX9474038	Illumina MiSeq	ILLUMINA	SRS7683951	SAMN16746721	Severe acute respiratory syndrome coronavirus 2	SRP292160	2021-05-07 00:00:00 UTC	PRJNA676016	796	1847	public	2697049.0
SRR13062020	AMPLICON	public	SRX9510054	Illumina MiSeq	ILLUMINA	SRS7718552	SAMN16801886	soil metagenome	SRP292603	2020-11-15 00:00:00 UTC	PRJNA675151	12	37	public	410658.0
SRR13062021	AMPLICON	public	SRX9510053	Illumina MiSeq	ILLUMINA	SRS7718551	SAMN16801885	soil metagenome	SRP292603	2020-11-15 00:00:00 UTC	PRJNA675151	11	36	public	410658.0
SRR13062022	AMPLICON	public	SRX9510052	Illumina MiSeq	ILLUMINA	SRS7718550	SAMN16801884	soil metagenome	SRP292603	2020-11-15 00:00:00 UTC	PRJNA675151	11	36	public	410658.0
SRR13062023	AMPLICON	public	SRX9510051	Illumina MiSeq	ILLUMINA	SRS7718549	SAMN16801883	soil metagenome	SRP292603	2020-11-15 00:00:00 UTC	PRJNA675151	11	36	public	410658.0
SRR13062024	AMPLICON	public	SRX9510050	Illumina MiSeq	ILLUMINA	SRS7718548	SAMN16801882	soil metagenome	SRP292603	2020-11-15 00:00:00 UTC	PRJNA675151	11	36	public	410658.0
SRR13062025	AMPLICON	public	SRX9510049	Illumina MiSeq	ILLUMINA	SRS7718547	SAMN16801881	soil metagenome	SRP292603	2020-11-15 00:00:00 UTC	PRJNA675151	11	36	public	410658.0
SRR13062026	AMPLICON	public	SRX9510048	Illumina MiSeq	ILLUMINA	SRS7718546	SAMN16801880	soil metagenome	SRP292603	2020-11-15 00:00:00 UTC	PRJNA675151	11	35	public	410658.0
SRR13062027	AMPLICON	public	SRX9510047	Illumina MiSeq	ILLUMINA	SRS7718545	SAMN16801900	soil metagenome	SRP292603	2020-11-15 00:00:00 UTC	PRJNA675151	11	35	public	410658.0
SRR13062028	AMPLICON	public	SRX9510046	Illumina MiSeq	ILLUMINA	SRS7718544	SAMN16801899	soil metagenome	SRP292603	2020-11-15 00:00:00 UTC	PRJNA675151	11	36	public	410658.0
SRR13062029	AMPLICON	public	SRX9510045	Illumina MiSeq	ILLUMINA	SRS7718543	SAMN16801898	soil metagenome	SRP292603	2020-11-15 00:00:00 UTC	PRJNA675151	11	35	public	410658.0
SRR13062030	AMPLICON	public	SRX9510044	Illumina MiSeq	ILLUMINA	SRS7718542	SAMN16801897	soil metagenome	SRP292603	2020-11-15 00:00:00 UTC	PRJNA675151	11	37	public	410658.0
SRR13062031	AMPLICON	public	SRX9510043	Illumina MiSeq	ILLUMINA	SRS7718541	SAMN16801879	soil metagenome	SRP292603	2020-11-15 00:00:00 UTC	PRJNA675151	11	37	public	410658.0
SRR13062032	AMPLICON	public	SRX9510042	Illumina MiSeq	ILLUMINA	SRS7718540	SAMN16801896	soil metagenome	SRP292603	2020-11-15 00:00:00 UTC	PRJNA675151	11	35	public	410658.0
SRR13062033	AMPLICON	public	SRX9510041	Illumina MiSeq	ILLUMINA	SRS7718539	SAMN16801895	soil metagenome	SRP292603	2020-11-15 00:00:00 UTC	PRJNA675151	11	35	public	410658.0
SRR13062034	AMPLICON	public	SRX9510040	Illumina MiSeq	ILLUMINA	SRS7718538	SAMN16801894	soil metagenome	SRP292603	2020-11-15 00:00:00 UTC	PRJNA675151	11	35	public	410658.0
SRR13062035	AMPLICON	public	SRX9510039	Illumina MiSeq	ILLUMINA	SRS7718537	SAMN16801893	soil metagenome	SRP292603	2020-11-15 00:00:00 UTC	PRJNA675151	12	37	public	410658.0
SRR13062036	AMPLICON	public	SRX9510038	Illumina MiSeq	ILLUMINA	SRS7718536	SAMN16801892	soil metagenome	SRP292603	2020-11-15 00:00:00 UTC	PRJNA675151	11	36	public	410658.0
SRR13062037	AMPLICON	public	SRX9510037	Illumina MiSeq	ILLUMINA	SRS7718535	SAMN16801891	soil metagenome	SRP292603	2020-11-15 00:00:00 UTC	PRJNA675151	11	37	public	410658.0
SRR13062038	AMPLICON	public	SRX9510036	Illumina MiSeq	ILLUMINA	SRS7718534	SAMN16801890	soil metagenome	SRP292603	2020-11-15 00:00:00 UTC	PRJNA675151	11	37	public	410658.0
SRR13062039	AMPLICON	public	SRX9510035	Illumina MiSeq	ILLUMINA	SRS7718533	SAMN16801889	soil metagenome	SRP292603	2020-11-15 00:00:00 UTC	PRJNA675151	11	36	public	410658.0
SRR13062040	AMPLICON	public	SRX9510034	Illumina MiSeq	ILLUMINA	SRS7718532	SAMN16801888	soil metagenome	SRP292603	2020-11-15 00:00:00 UTC	PRJNA675151	9	30	public	410658.0
SRR13062041	AMPLICON	public	SRX9510033	Illumina MiSeq	ILLUMINA	SRS7718531	SAMN16801887	soil metagenome	SRP292603	2020-11-15 00:00:00 UTC	PRJNA675151	11	35	public	410658.0
SRR13062042	AMPLICON	public	SRX9510032	Illumina MiSeq	ILLUMINA	SRS7718530	SAMN16801878	soil metagenome	SRP292603	2020-11-15 00:00:00 UTC	PRJNA675151	11	35	public	410658.0
SRR13062043	AMPLICON	public	SRX9510031	Illumina MiSeq	ILLUMINA	SRS7718529	SAMN16801877	soil metagenome	SRP292603	2020-11-15 00:00:00 UTC	PRJNA675151	12	37	public	410658.0
SRR13131826	RNA-Seq	public	SRX9572509	Illumina NovaSeq 6000	ILLUMINA	SRS7776302	SAMN16833809	Ips typographus	SRP294060	2021-09-04 00:00:00 UTC	PRJNA679450	4032	13278	public	55986.0
SRR13131827	RNA-Seq	public	SRX9572508	Illumina NovaSeq 6000	ILLUMINA	SRS7776421	SAMN16833808	Ips typographus	SRP294060	2021-09-04 00:00:00 UTC	PRJNA679450	3640	11906	public	55986.0
SRR13131828	RNA-Seq	public	SRX9572507	Illumina NovaSeq 6000	ILLUMINA	SRS7776284	SAMN16833807	Ips typographus	SRP294060	2021-09-04 00:00:00 UTC	PRJNA679450	3862	12622	public	55986.0
SRR13131829	RNA-Seq	public	SRX9572506	Illumina NovaSeq 6000	ILLUMINA	SRS7776141	SAMN16833864	Ips typographus	SRP294060	2021-09-04 00:00:00 UTC	PRJNA679450	3042	10330	public	55986.0
SRR13131830	RNA-Seq	public	SRX9572505	Illumina NovaSeq 6000	ILLUMINA	SRS7776464	SAMN16833863	Ips typographus	SRP294060	2021-09-04 00:00:00 UTC	PRJNA679450	3604	11507	public	55986.0
SRR13131831	RNA-Seq	public	SRX9572504	Illumina NovaSeq 6000	ILLUMINA	SRS7776370	SAMN16833862	Ips typographus	SRP294060	2021-09-04 00:00:00 UTC	PRJNA679450	3656	11650	public	55986.0
SRR13131832	RNA-Seq	public	SRX9572503	Illumina NovaSeq 6000	ILLUMINA	SRS7776474	SAMN16833861	Ips typographus	SRP294060	2021-09-04 00:00:00 UTC	PRJNA679450	6621	21234	public	55986.0
SRR13131833	RNA-Seq	public	SRX9572502	Illumina NovaSeq 6000	ILLUMINA	SRS7776403	SAMN16833860	Ips typographus	SRP294060	2021-09-04 00:00:00 UTC	PRJNA679450	2659	8717	public	55986.0
SRR13131834	RNA-Seq	public	SRX9572501	Illumina NovaSeq 6000	ILLUMINA	SRS7776060	SAMN16833806	Ips typographus	SRP294060	2021-09-04 00:00:00 UTC	PRJNA679450	4409	14474	public	55986.0
SRR13131835	RNA-Seq	public	SRX9572500	Illumina NovaSeq 6000	ILLUMINA	SRS7776299	SAMN16833859	Ips typographus	SRP294060	2021-09-04 00:00:00 UTC	PRJNA679450	2963	10059	public	55986.0
SRR13131836	RNA-Seq	public	SRX9572499	Illumina NovaSeq 6000	ILLUMINA	SRS7776375	SAMN16833858	Ips typographus	SRP294060	2021-09-04 00:00:00 UTC	PRJNA679450	5256	16663	public	55986.0
SRR13131837	RNA-Seq	public	SRX9572498	Illumina NovaSeq 6000	ILLUMINA	SRS7776107	SAMN16833857	Ips typographus	SRP294060	2021-09-04 00:00:00 UTC	PRJNA679450	7595	25005	public	55986.0
SRR13131838	RNA-Seq	public	SRX9572497	Illumina NovaSeq 6000	ILLUMINA	SRS7776609	SAMN16833856	Ips typographus	SRP294060	2021-09-04 00:00:00 UTC	PRJNA679450	5211	16619	public	55986.0
SRR13131839	RNA-Seq	public	SRX9572496	Illumina NovaSeq 6000	ILLUMINA	SRS7776048	SAMN16833855	Ips typographus	SRP294060	2021-09-04 00:00:00 UTC	PRJNA679450	4685	15129	public	55986.0
SRR13131840	RNA-Seq	public	SRX9572495	Illumina NovaSeq 6000	ILLUMINA	SRS7776028	SAMN16833854	Ips typographus	SRP294060	2021-09-04 00:00:00 UTC	PRJNA679450	3504	11894	public	55986.0
SRR13131841	RNA-Seq	public	SRX9572494	Illumina NovaSeq 6000	ILLUMINA	SRS7776362	SAMN16833853	Ips typographus	SRP294060	2021-09-04 00:00:00 UTC	PRJNA679450	5335	17024	public	55986.0
SRR13131842	RNA-Seq	public	SRX9572493	Illumina NovaSeq 6000	ILLUMINA	SRS7776499	SAMN16833852	Ips typographus	SRP294060	2021-09-04 00:00:00 UTC	PRJNA679450	2848	9116	public	55986.0
SRR13131843	RNA-Seq	public	SRX9572492	Illumina NovaSeq 6000	ILLUMINA	SRS7776478	SAMN16833851	Ips typographus	SRP294060	2021-09-04 00:00:00 UTC	PRJNA679450	2673	8587	public	55986.0
SRR13131844	RNA-Seq	public	SRX9572491	Illumina NovaSeq 6000	ILLUMINA	SRS7776256	SAMN16833850	Ips typographus	SRP294060	2021-09-04 00:00:00 UTC	PRJNA679450	3646	11914	public	55986.0
SRR13131845	RNA-Seq	public	SRX9572490	Illumina NovaSeq 6000	ILLUMINA	SRS7776267	SAMN16833805	Ips typographus	SRP294060	2021-09-04 00:00:00 UTC	PRJNA679450	3075	10164	public	55986.0
SRR13131846	RNA-Seq	public	SRX9572489	Illumina NovaSeq 6000	ILLUMINA	SRS7776394	SAMN16833849	Ips typographus	SRP294060	2021-09-04 00:00:00 UTC	PRJNA679450	3966	13220	public	55986.0
SRR13131847	RNA-Seq	public	SRX9572488	Illumina NovaSeq 6000	ILLUMINA	SRS7776615	SAMN16833848	Ips typographus	SRP294060	2021-09-04 00:00:00 UTC	PRJNA679450	3610	11867	public	55986.0
SRR13131848	RNA-Seq	public	SRX9572487	Illumina NovaSeq 6000	ILLUMINA	SRS7776235	SAMN16833847	Ips typographus	SRP294060	2021-09-04 00:00:00 UTC	PRJNA679450	4037	13449	public	55986.0
SRR13131849	RNA-Seq	public	SRX9572486	Illumina NovaSeq 6000	ILLUMINA	SRS7776184	SAMN16833846	Ips typographus	SRP294060	2021-09-04 00:00:00 UTC	PRJNA679450	3272	10871	public	55986.0
SRR13131850	RNA-Seq	public	SRX9572485	Illumina NovaSeq 6000	ILLUMINA	SRS7776159	SAMN16833845	Ips typographus	SRP294060	2021-09-04 00:00:00 UTC	PRJNA679450	3627	12148	public	55986.0
SRR13131851	RNA-Seq	public	SRX9572484	Illumina NovaSeq 6000	ILLUMINA	SRS7776116	SAMN16833844	Ips typographus	SRP294060	2021-09-04 00:00:00 UTC	PRJNA679450	3244	10930	public	55986.0
SRR13131852	RNA-Seq	public	SRX9572483	Illumina NovaSeq 6000	ILLUMINA	SRS7776628	SAMN16833843	Ips typographus	SRP294060	2021-09-04 00:00:00 UTC	PRJNA679450	3179	10753	public	55986.0
SRR13131853	RNA-Seq	public	SRX9572482	Illumina NovaSeq 6000	ILLUMINA	SRS7776281	SAMN16833842	Ips typographus	SRP294060	2021-09-04 00:00:00 UTC	PRJNA679450	3243	10931	public	55986.0
SRR13131854	RNA-Seq	public	SRX9572481	Illumina NovaSeq 6000	ILLUMINA	SRS7776277	SAMN16833841	Ips typographus	SRP294060	2021-09-04 00:00:00 UTC	PRJNA679450	2673	9035	public	55986.0
SRR13131855	RNA-Seq	public	SRX9572480	Illumina NovaSeq 6000	ILLUMINA	SRS7776377	SAMN16833840	Ips typographus	SRP294060	2021-09-04 00:00:00 UTC	PRJNA679450	3079	10286	public	55986.0
SRR13131856	RNA-Seq	public	SRX9572479	Illumina NovaSeq 6000	ILLUMINA	SRS7776122	SAMN16833804	Ips typographus	SRP294060	2021-09-04 00:00:00 UTC	PRJNA679450	3275	10859	public	55986.0
SRR13131857	RNA-Seq	public	SRX9572478	Illumina NovaSeq 6000	ILLUMINA	SRS7776386	SAMN16833839	Ips typographus	SRP294060	2021-09-04 00:00:00 UTC	PRJNA679450	3545	11506	public	55986.0
SRR13131858	RNA-Seq	public	SRX9572477	Illumina NovaSeq 6000	ILLUMINA	SRS7776349	SAMN16833838	Ips typographus	SRP294060	2021-09-04 00:00:00 UTC	PRJNA679450	2942	9762	public	55986.0
SRR13131859	RNA-Seq	public	SRX9572476	Illumina NovaSeq 6000	ILLUMINA	SRS7776181	SAMN16833837	Ips typographus	SRP294060	2021-09-04 00:00:00 UTC	PRJNA679450	3414	11245	public	55986.0
SRR13131860	RNA-Seq	public	SRX9572475	Illumina NovaSeq 6000	ILLUMINA	SRS7776537	SAMN16833836	Ips typographus	SRP294060	2021-09-04 00:00:00 UTC	PRJNA679450	3274	10793	public	55986.0
SRR13131861	RNA-Seq	public	SRX9572474	Illumina NovaSeq 6000	ILLUMINA	SRS7776354	SAMN16833835	Ips typographus	SRP294060	2021-09-04 00:00:00 UTC	PRJNA679450	3060	10028	public	55986.0
SRR13131862	RNA-Seq	public	SRX9572473	Illumina NovaSeq 6000	ILLUMINA	SRS7776329	SAMN16833834	Ips typographus	SRP294060	2021-09-04 00:00:00 UTC	PRJNA679450	2999	9829	public	55986.0
SRR13131863	RNA-Seq	public	SRX9572472	Illumina NovaSeq 6000	ILLUMINA	SRS7776374	SAMN16833833	Ips typographus	SRP294060	2021-09-04 00:00:00 UTC	PRJNA679450	3548	11647	public	55986.0
SRR13131864	RNA-Seq	public	SRX9572471	Illumina NovaSeq 6000	ILLUMINA	SRS7776642	SAMN16833832	Ips typographus	SRP294060	2021-09-04 00:00:00 UTC	PRJNA679450	3606	11801	public	55986.0
SRR13131865	RNA-Seq	public	SRX9572470	Illumina NovaSeq 6000	ILLUMINA	SRS7776219	SAMN16833831	Ips typographus	SRP294060	2021-09-04 00:00:00 UTC	PRJNA679450	3319	10978	public	55986.0
SRR13131866	RNA-Seq	public	SRX9572469	Illumina NovaSeq 6000	ILLUMINA	SRS7776174	SAMN16833830	Ips typographus	SRP294060	2021-09-04 00:00:00 UTC	PRJNA679450	2867	9372	public	55986.0
SRR13131867	RNA-Seq	public	SRX9572468	Illumina NovaSeq 6000	ILLUMINA	SRS7776412	SAMN16833803	Ips typographus	SRP294060	2021-09-04 00:00:00 UTC	PRJNA679450	3332	10827	public	55986.0
SRR13131868	RNA-Seq	public	SRX9572467	Illumina NovaSeq 6000	ILLUMINA	SRS7776352	SAMN16833829	Ips typographus	SRP294060	2021-09-04 00:00:00 UTC	PRJNA679450	2864	9291	public	55986.0
SRR13131869	RNA-Seq	public	SRX9572466	Illumina NovaSeq 6000	ILLUMINA	SRS7776139	SAMN16833828	Ips typographus	SRP294060	2021-09-04 00:00:00 UTC	PRJNA679450	3231	10694	public	55986.0
SRR13131870	RNA-Seq	public	SRX9572465	Illumina NovaSeq 6000	ILLUMINA	SRS7776067	SAMN16833827	Ips typographus	SRP294060	2021-09-04 00:00:00 UTC	PRJNA679450	3347	11059	public	55986.0
SRR13131871	RNA-Seq	public	SRX9572464	Illumina NovaSeq 6000	ILLUMINA	SRS7776482	SAMN16833826	Ips typographus	SRP294060	2021-09-04 00:00:00 UTC	PRJNA679450	3085	10373	public	55986.0
SRR13131872	RNA-Seq	public	SRX9572463	Illumina NovaSeq 6000	ILLUMINA	SRS7776287	SAMN16833825	Ips typographus	SRP294060	2021-09-04 00:00:00 UTC	PRJNA679450	3595	11789	public	55986.0
SRR13131873	RNA-Seq	public	SRX9572462	Illumina NovaSeq 6000	ILLUMINA	SRS7776310	SAMN16833824	Ips typographus	SRP294060	2021-09-04 00:00:00 UTC	PRJNA679450	3418	11353	public	55986.0
SRR13131874	RNA-Seq	public	SRX9572461	Illumina NovaSeq 6000	ILLUMINA	SRS7776601	SAMN16833823	Ips typographus	SRP294060	2021-09-04 00:00:00 UTC	PRJNA679450	3460	11332	public	55986.0
SRR13131875	RNA-Seq	public	SRX9572460	Illumina NovaSeq 6000	ILLUMINA	SRS7776085	SAMN16833822	Ips typographus	SRP294060	2021-09-04 00:00:00 UTC	PRJNA679450	3391	11323	public	55986.0
SRR13131876	RNA-Seq	public	SRX9572459	Illumina NovaSeq 6000	ILLUMINA	SRS7776279	SAMN16833821	Ips typographus	SRP294060	2021-09-04 00:00:00 UTC	PRJNA679450	3418	11278	public	55986.0
SRR13131877	RNA-Seq	public	SRX9572458	Illumina NovaSeq 6000	ILLUMINA	SRS7776626	SAMN16833820	Ips typographus	SRP294060	2021-09-04 00:00:00 UTC	PRJNA679450	3533	11664	public	55986.0
SRR13131878	RNA-Seq	public	SRX9572457	Illumina NovaSeq 6000	ILLUMINA	SRS7776569	SAMN16833802	Ips typographus	SRP294060	2021-09-04 00:00:00 UTC	PRJNA679450	3311	10948	public	55986.0
SRR13131879	RNA-Seq	public	SRX9572456	Illumina NovaSeq 6000	ILLUMINA	SRS7776094	SAMN16833819	Ips typographus	SRP294060	2021-09-04 00:00:00 UTC	PRJNA679450	4030	13435	public	55986.0
SRR13131880	RNA-Seq	public	SRX9572455	Illumina NovaSeq 6000	ILLUMINA	SRS7776339	SAMN16833818	Ips typographus	SRP294060	2021-09-04 00:00:00 UTC	PRJNA679450	3762	12370	public	55986.0
SRR13131881	RNA-Seq	public	SRX9572454	Illumina NovaSeq 6000	ILLUMINA	SRS7776417	SAMN16833817	Ips typographus	SRP294060	2021-09-04 00:00:00 UTC	PRJNA679450	3361	11191	public	55986.0
SRR13131882	RNA-Seq	public	SRX9572453	Illumina NovaSeq 6000	ILLUMINA	SRS7776120	SAMN16833816	Ips typographus	SRP294060	2021-09-04 00:00:00 UTC	PRJNA679450	3122	10319	public	55986.0
SRR13131883	RNA-Seq	public	SRX9572452	Illumina NovaSeq 6000	ILLUMINA	SRS7776134	SAMN16833815	Ips typographus	SRP294060	2021-09-04 00:00:00 UTC	PRJNA679450	3155	10523	public	55986.0
SRR13131884	RNA-Seq	public	SRX9572451	Illumina NovaSeq 6000	ILLUMINA	SRS7776246	SAMN16833814	Ips typographus	SRP294060	2021-09-04 00:00:00 UTC	PRJNA679450	5871	19709	public	55986.0
SRR13131885	RNA-Seq	public	SRX9572450	Illumina NovaSeq 6000	ILLUMINA	SRS7776059	SAMN16833813	Ips typographus	SRP294060	2021-09-04 00:00:00 UTC	PRJNA679450	2999	9817	public	55986.0
SRR13131886	RNA-Seq	public	SRX9572449	Illumina NovaSeq 6000	ILLUMINA	SRS7776055	SAMN16833812	Ips typographus	SRP294060	2021-09-04 00:00:00 UTC	PRJNA679450	3475	11357	public	55986.0
SRR13131887	RNA-Seq	public	SRX9572448	Illumina NovaSeq 6000	ILLUMINA	SRS7776420	SAMN16833811	Ips typographus	SRP294060	2021-09-04 00:00:00 UTC	PRJNA679450	3454	11493	public	55986.0
SRR13131888	RNA-Seq	public	SRX9572447	Illumina NovaSeq 6000	ILLUMINA	SRS7776496	SAMN16833810	Ips typographus	SRP294060	2021-09-04 00:00:00 UTC	PRJNA679450	3232	10652	public	55986.0
SRR13131889	RNA-Seq	public	SRX9572446	Illumina NovaSeq 6000	ILLUMINA	SRS7776042	SAMN16833801	Ips typographus	SRP294060	2021-09-04 00:00:00 UTC	PRJNA679450	3424	10988	public	55986.0
SRR13131890	RNA-Seq	public	SRX9572445	Illumina NovaSeq 6000	ILLUMINA	SRS7776068	SAMN16833800	Ips typographus	SRP294060	2021-09-04 00:00:00 UTC	PRJNA679450	5114	16853	public	55986.0
SRR13926680	AMPLICON	public	SRX10306140	Illumina Genome Analyzer IIx	ILLUMINA	SRS8427508	SAMN18236421	plant metagenome	SRP310126	2021-10-07 00:00:00 UTC	PRJNA707250	39	69	public	1297885.0
SRR13926681	AMPLICON	public	SRX10306139	Illumina Genome Analyzer IIx	ILLUMINA	SRS8427510	SAMN18236420	plant metagenome	SRP310126	2021-10-07 00:00:00 UTC	PRJNA707250	51	88	public	1297885.0
SRR13926682	AMPLICON	public	SRX10306138	Illumina Genome Analyzer IIx	ILLUMINA	SRS8427510	SAMN18236420	plant metagenome	SRP310126	2021-10-07 00:00:00 UTC	PRJNA707250	49	88	public	1297885.0
SRR13926683	AMPLICON	public	SRX10306137	Illumina Genome Analyzer IIx	ILLUMINA	SRS8427507	SAMN18236419	plant metagenome	SRP310126	2021-10-07 00:00:00 UTC	PRJNA707250	50	87	public	1297885.0
SRR13926684	AMPLICON	public	SRX10306136	Illumina Genome Analyzer IIx	ILLUMINA	SRS8427509	SAMN18236422	plant metagenome	SRP310126	2021-10-07 00:00:00 UTC	PRJNA707250	46	79	public	1297885.0
SRR13926685	AMPLICON	public	SRX10306135	Illumina Genome Analyzer IIx	ILLUMINA	SRS8427509	SAMN18236422	plant metagenome	SRP310126	2021-10-07 00:00:00 UTC	PRJNA707250	30	53	public	1297885.0
SRR13926686	AMPLICON	public	SRX10306134	Illumina Genome Analyzer IIx	ILLUMINA	SRS8427508	SAMN18236421	plant metagenome	SRP310126	2021-10-07 00:00:00 UTC	PRJNA707250	52	90	public	1297885.0
SRR13926687	AMPLICON	public	SRX10306133	Illumina Genome Analyzer IIx	ILLUMINA	SRS8427507	SAMN18236419	plant metagenome	SRP310126	2021-10-07 00:00:00 UTC	PRJNA707250	41	73	public	1297885.0
SRR14483689	RNA-Seq	public	SRX10831244	Illumina NovaSeq 6000	ILLUMINA	SRS8915373	SAMN19102326	Homo sapiens	SRP319234	2021-05-13 00:00:00 UTC	PRJNA728722	3804	12567	public	9606.0
SRR14483690	RNA-Seq	public	SRX10831244	Illumina NovaSeq 6000	ILLUMINA	SRS8915373	SAMN19102326	Homo sapiens	SRP319234	2021-05-13 00:00:00 UTC	PRJNA728722	4395	14534	public	9606.0
SRR14483691	RNA-Seq	public	SRX10831244	Illumina NovaSeq 6000	ILLUMINA	SRS8915373	SAMN19102326	Homo sapiens	SRP319234	2021-05-13 00:00:00 UTC	PRJNA728722	10693	34647	public	9606.0
SRR14483692	RNA-Seq	public	SRX10831244	Illumina NovaSeq 6000	ILLUMINA	SRS8915373	SAMN19102326	Homo sapiens	SRP319234	2021-05-13 00:00:00 UTC	PRJNA728722	10718	34886	public	9606.0
SRR14483693	RNA-Seq	public	SRX10831245	Illumina NovaSeq 6000	ILLUMINA	SRS8915375	SAMN19102325	Homo sapiens	SRP319234	2021-05-13 00:00:00 UTC	PRJNA728722	2596	8510	public	9606.0
SRR14483694	RNA-Seq	public	SRX10831245	Illumina NovaSeq 6000	ILLUMINA	SRS8915375	SAMN19102325	Homo sapiens	SRP319234	2021-05-13 00:00:00 UTC	PRJNA728722	3001	9840	public	9606.0
SRR14483695	RNA-Seq	public	SRX10831245	Illumina NovaSeq 6000	ILLUMINA	SRS8915375	SAMN19102325	Homo sapiens	SRP319234	2021-05-14 00:00:00 UTC	PRJNA728722	7349	23631	public	9606.0
SRR14483696	RNA-Seq	public	SRX10831245	Illumina NovaSeq 6000	ILLUMINA	SRS8915375	SAMN19102325	Homo sapiens	SRP319234	2021-05-14 00:00:00 UTC	PRJNA728722	7356	23757	public	9606.0
SRR14483697	RNA-Seq	public	SRX10831246	Illumina NovaSeq 6000	ILLUMINA	SRS8915374	SAMN19102324	Homo sapiens	SRP319234	2021-05-13 00:00:00 UTC	PRJNA728722	3313	10825	public	9606.0
SRR14483698	RNA-Seq	public	SRX10831246	Illumina NovaSeq 6000	ILLUMINA	SRS8915374	SAMN19102324	Homo sapiens	SRP319234	2021-05-13 00:00:00 UTC	PRJNA728722	3321	10815	public	9606.0
SRR14483699	RNA-Seq	public	SRX10831247	Illumina NovaSeq 6000	ILLUMINA	SRS8915378	SAMN19102323	Homo sapiens	SRP319234	2021-05-13 00:00:00 UTC	PRJNA728722	4639	15250	public	9606.0
SRR14483700	RNA-Seq	public	SRX10831247	Illumina NovaSeq 6000	ILLUMINA	SRS8915378	SAMN19102323	Homo sapiens	SRP319234	2021-05-13 00:00:00 UTC	PRJNA728722	4648	15226	public	9606.0
SRR14483701	RNA-Seq	public	SRX10831248	Illumina NovaSeq 6000	ILLUMINA	SRS8915376	SAMN19102322	Homo sapiens	SRP319234	2021-05-14 00:00:00 UTC	PRJNA728722	3484	11352	public	9606.0
SRR14483702	RNA-Seq	public	SRX10831248	Illumina NovaSeq 6000	ILLUMINA	SRS8915376	SAMN19102322	Homo sapiens	SRP319234	2021-05-13 00:00:00 UTC	PRJNA728722	3491	11338	public	9606.0
SRR14483703	RNA-Seq	public	SRX10831249	Illumina NovaSeq 6000	ILLUMINA	SRS8915377	SAMN19102321	Homo sapiens	SRP319234	2021-05-13 00:00:00 UTC	PRJNA728722	4116	13520	public	9606.0
SRR14483704	RNA-Seq	public	SRX10831249	Illumina NovaSeq 6000	ILLUMINA	SRS8915377	SAMN19102321	Homo sapiens	SRP319234	2021-05-13 00:00:00 UTC	PRJNA728722	4123	13498	public	9606.0
SRR14483705	RNA-Seq	public	SRX10831250	Illumina NovaSeq 6000	ILLUMINA	SRS8915379	SAMN19102320	Homo sapiens	SRP319234	2021-05-14 00:00:00 UTC	PRJNA728722	3650	12061	public	9606.0
SRR14483706	RNA-Seq	public	SRX10831250	Illumina NovaSeq 6000	ILLUMINA	SRS8915379	SAMN19102320	Homo sapiens	SRP319234	2021-05-13 00:00:00 UTC	PRJNA728722	3656	12040	public	9606.0
SRR14483707	RNA-Seq	public	SRX10831251	Illumina NovaSeq 6000	ILLUMINA	SRS8915380	SAMN19102319	Homo sapiens	SRP319234	2021-05-13 00:00:00 UTC	PRJNA728722	4331	14222	public	9606.0
SRR14483708	RNA-Seq	public	SRX10831251	Illumina NovaSeq 6000	ILLUMINA	SRS8915380	SAMN19102319	Homo sapiens	SRP319234	2021-05-13 00:00:00 UTC	PRJNA728722	4338	14199	public	9606.0
SRR14483709	RNA-Seq	public	SRX10831252	Illumina NovaSeq 6000	ILLUMINA	SRS8915382	SAMN19102318	Homo sapiens	SRP319234	2021-05-14 00:00:00 UTC	PRJNA728722	3412	11145	public	9606.0
SRR14483710	RNA-Seq	public	SRX10831252	Illumina NovaSeq 6000	ILLUMINA	SRS8915382	SAMN19102318	Homo sapiens	SRP319234	2021-05-14 00:00:00 UTC	PRJNA728722	3419	11131	public	9606.0
SRR14483711	RNA-Seq	public	SRX10831253	Illumina NovaSeq 6000	ILLUMINA	SRS8915381	SAMN19102317	Homo sapiens	SRP319234	2021-05-13 00:00:00 UTC	PRJNA728722	4811	15838	public	9606.0
SRR14483712	RNA-Seq	public	SRX10831253	Illumina NovaSeq 6000	ILLUMINA	SRS8915381	SAMN19102317	Homo sapiens	SRP319234	2021-05-13 00:00:00 UTC	PRJNA728722	4820	15816	public	9606.0
SRR14483713	RNA-Seq	public	SRX10831254	Illumina NovaSeq 6000	ILLUMINA	SRS8915384	SAMN19102316	Homo sapiens	SRP319234	2021-05-13 00:00:00 UTC	PRJNA728722	4023	13279	public	9606.0
SRR14483714	RNA-Seq	public	SRX10831254	Illumina NovaSeq 6000	ILLUMINA	SRS8915384	SAMN19102316	Homo sapiens	SRP319234	2021-05-13 00:00:00 UTC	PRJNA728722	4029	13260	public	9606.0
SRR14483715	RNA-Seq	public	SRX10831255	Illumina NovaSeq 6000	ILLUMINA	SRS8915383	SAMN19102330	Homo sapiens	SRP319234	2021-05-14 00:00:00 UTC	PRJNA728722	3833	12625	public	9606.0
SRR14483716	RNA-Seq	public	SRX10831255	Illumina NovaSeq 6000	ILLUMINA	SRS8915383	SAMN19102330	Homo sapiens	SRP319234	2021-05-14 00:00:00 UTC	PRJNA728722	3839	12605	public	9606.0
SRR14483717	RNA-Seq	public	SRX10831256	Illumina NovaSeq 6000	ILLUMINA	SRS8915385	SAMN19102329	Homo sapiens	SRP319234	2021-05-13 00:00:00 UTC	PRJNA728722	4300	14230	public	9606.0
SRR14483718	RNA-Seq	public	SRX10831256	Illumina NovaSeq 6000	ILLUMINA	SRS8915385	SAMN19102329	Homo sapiens	SRP319234	2021-05-13 00:00:00 UTC	PRJNA728722	4309	14211	public	9606.0
SRR14483719	RNA-Seq	public	SRX10831257	Illumina NovaSeq 6000	ILLUMINA	SRS8915386	SAMN19102328	Homo sapiens	SRP319234	2021-05-14 00:00:00 UTC	PRJNA728722	3533	11627	public	9606.0
SRR14483720	RNA-Seq	public	SRX10831257	Illumina NovaSeq 6000	ILLUMINA	SRS8915386	SAMN19102328	Homo sapiens	SRP319234	2021-05-14 00:00:00 UTC	PRJNA728722	3540	11612	public	9606.0
SRR14483721	RNA-Seq	public	SRX10831268	Illumina NovaSeq 6000	ILLUMINA	SRS8915398	SAMN19102327	Homo sapiens	SRP319234	2021-05-14 00:00:00 UTC	PRJNA728722	3427	11350	public	9606.0
SRR14483722	RNA-Seq	public	SRX10831268	Illumina NovaSeq 6000	ILLUMINA	SRS8915398	SAMN19102327	Homo sapiens	SRP319234	2021-05-14 00:00:00 UTC	PRJNA728722	3433	11334	public	9606.0
SRR14483723	RNA-Seq	public	SRX10831269	Illumina NovaSeq 6000	ILLUMINA	SRS8915397	SAMN19102299	Homo sapiens	SRP319234	2021-05-13 00:00:00 UTC	PRJNA728722	5122	16821	public	9606.0
SRR14483724	RNA-Seq	public	SRX10831269	Illumina NovaSeq 6000	ILLUMINA	SRS8915397	SAMN19102299	Homo sapiens	SRP319234	2021-05-13 00:00:00 UTC	PRJNA728722	5127	16795	public	9606.0
SRR14483725	RNA-Seq	public	SRX10831270	Illumina NovaSeq 6000	ILLUMINA	SRS8915399	SAMN19102298	Homo sapiens	SRP319234	2021-05-14 00:00:00 UTC	PRJNA728722	3336	11045	public	9606.0
SRR14483726	RNA-Seq	public	SRX10831270	Illumina NovaSeq 6000	ILLUMINA	SRS8915399	SAMN19102298	Homo sapiens	SRP319234	2021-05-14 00:00:00 UTC	PRJNA728722	3340	11026	public	9606.0
SRR14483727	RNA-Seq	public	SRX10831271	Illumina NovaSeq 6000	ILLUMINA	SRS8915400	SAMN19102297	Homo sapiens	SRP319234	2021-05-14 00:00:00 UTC	PRJNA728722	3373	11152	public	9606.0
SRR14483728	RNA-Seq	public	SRX10831271	Illumina NovaSeq 6000	ILLUMINA	SRS8915400	SAMN19102297	Homo sapiens	SRP319234	2021-05-14 00:00:00 UTC	PRJNA728722	3377	11130	public	9606.0
SRR14483729	RNA-Seq	public	SRX10831272	Illumina NovaSeq 6000	ILLUMINA	SRS8915401	SAMN19102296	Homo sapiens	SRP319234	2021-05-13 00:00:00 UTC	PRJNA728722	4038	13433	public	9606.0
SRR14483730	RNA-Seq	public	SRX10831272	Illumina NovaSeq 6000	ILLUMINA	SRS8915401	SAMN19102296	Homo sapiens	SRP319234	2021-05-13 00:00:00 UTC	PRJNA728722	4045	13410	public	9606.0
SRR14483731	RNA-Seq	public	SRX10831273	Illumina NovaSeq 6000	ILLUMINA	SRS8915402	SAMN19102295	Homo sapiens	SRP319234	2021-05-13 00:00:00 UTC	PRJNA728722	4693	15570	public	9606.0
SRR14483732	RNA-Seq	public	SRX10831273	Illumina NovaSeq 6000	ILLUMINA	SRS8915402	SAMN19102295	Homo sapiens	SRP319234	2021-05-13 00:00:00 UTC	PRJNA728722	4703	15550	public	9606.0
SRR14483733	RNA-Seq	public	SRX10831274	Illumina NovaSeq 6000	ILLUMINA	SRS8915404	SAMN19102294	Homo sapiens	SRP319234	2021-05-13 00:00:00 UTC	PRJNA728722	4163	13836	public	9606.0
SRR14483734	RNA-Seq	public	SRX10831274	Illumina NovaSeq 6000	ILLUMINA	SRS8915404	SAMN19102294	Homo sapiens	SRP319234	2021-05-13 00:00:00 UTC	PRJNA728722	4172	13823	public	9606.0
SRR14483735	RNA-Seq	public	SRX10831275	Illumina NovaSeq 6000	ILLUMINA	SRS8915403	SAMN19102293	Homo sapiens	SRP319234	2021-05-13 00:00:00 UTC	PRJNA728722	3283	10781	public	9606.0
SRR14483736	RNA-Seq	public	SRX10831275	Illumina NovaSeq 6000	ILLUMINA	SRS8915403	SAMN19102293	Homo sapiens	SRP319234	2021-05-13 00:00:00 UTC	PRJNA728722	3289	10766	public	9606.0
SRR14483737	RNA-Seq	public	SRX10831276	Illumina NovaSeq 6000	ILLUMINA	SRS8915405	SAMN19102292	Homo sapiens	SRP319234	2021-05-13 00:00:00 UTC	PRJNA728722	3011	9949	public	9606.0
SRR14483738	RNA-Seq	public	SRX10831276	Illumina NovaSeq 6000	ILLUMINA	SRS8915405	SAMN19102292	Homo sapiens	SRP319234	2021-05-13 00:00:00 UTC	PRJNA728722	3018	9939	public	9606.0
SRR14483739	RNA-Seq	public	SRX10831277	Illumina NovaSeq 6000	ILLUMINA	SRS8915406	SAMN19102291	Homo sapiens	SRP319234	2021-05-13 00:00:00 UTC	PRJNA728722	5945	17483	public	9606.0
SRR14483740	RNA-Seq	public	SRX10831277	Illumina NovaSeq 6000	ILLUMINA	SRS8915406	SAMN19102291	Homo sapiens	SRP319234	2021-05-13 00:00:00 UTC	PRJNA728722	5934	17593	public	9606.0
SRR14483741	RNA-Seq	public	SRX10831278	Illumina NovaSeq 6000	ILLUMINA	SRS8915407	SAMN19102290	Homo sapiens	SRP319234	2021-05-14 00:00:00 UTC	PRJNA728722	9099	27235	public	9606.0
SRR14483742	RNA-Seq	public	SRX10831278	Illumina NovaSeq 6000	ILLUMINA	SRS8915407	SAMN19102290	Homo sapiens	SRP319234	2021-05-15 00:00:00 UTC	PRJNA728722	9088	27412	public	9606.0
SRR14483743	RNA-Seq	public	SRX10831279	Illumina NovaSeq 6000	ILLUMINA	SRS8915408	SAMN19102289	Homo sapiens	SRP319234	2021-05-13 00:00:00 UTC	PRJNA728722	326	1085	public	9606.0
SRR14483744	RNA-Seq	public	SRX10831279	Illumina NovaSeq 6000	ILLUMINA	SRS8915408	SAMN19102289	Homo sapiens	SRP319234	2021-05-13 00:00:00 UTC	PRJNA728722	353	1171	public	9606.0
SRR14483745	RNA-Seq	public	SRX10831280	Illumina NovaSeq 6000	ILLUMINA	SRS8915409	SAMN19102288	Homo sapiens	SRP319234	2021-06-13 00:00:00 UTC	PRJNA728722	1426	4540	public	9606.0
SRR14483746	RNA-Seq	public	SRX10831280	Illumina NovaSeq 6000	ILLUMINA	SRS8915409	SAMN19102288	Homo sapiens	SRP319234	2021-06-13 00:00:00 UTC	PRJNA728722	1431	4621	public	9606.0
SRR14483747	RNA-Seq	public	SRX10831280	Illumina NovaSeq 6000	ILLUMINA	SRS8915409	SAMN19102288	Homo sapiens	SRP319234	2021-06-13 00:00:00 UTC	PRJNA728722	1790	5763	public	9606.0
SRR14483748	RNA-Seq	public	SRX10831280	Illumina NovaSeq 6000	ILLUMINA	SRS8915409	SAMN19102288	Homo sapiens	SRP319234	2021-06-13 00:00:00 UTC	PRJNA728722	1793	5858	public	9606.0
SRR14483749	RNA-Seq	public	SRX10831280	Illumina NovaSeq 6000	ILLUMINA	SRS8915409	SAMN19102288	Homo sapiens	SRP319234	2021-05-17 00:00:00 UTC	PRJNA728722	2118	6797	public	9606.0
SRR14483750	RNA-Seq	public	SRX10831280	Illumina NovaSeq 6000	ILLUMINA	SRS8915409	SAMN19102288	Homo sapiens	SRP319234	2021-05-14 00:00:00 UTC	PRJNA728722	2132	6940	public	9606.0
SRR14483751	RNA-Seq	public	SRX10831280	Illumina NovaSeq 6000	ILLUMINA	SRS8915409	SAMN19102288	Homo sapiens	SRP319234	2021-06-13 00:00:00 UTC	PRJNA728722	1137	3602	public	9606.0
SRR14483752	RNA-Seq	public	SRX10831280	Illumina NovaSeq 6000	ILLUMINA	SRS8915409	SAMN19102288	Homo sapiens	SRP319234	2021-06-13 00:00:00 UTC	PRJNA728722	1142	3666	public	9606.0
SRR14483753	RNA-Seq	public	SRX10831281	Illumina NovaSeq 6000	ILLUMINA	SRS8915410	SAMN19102287	Homo sapiens	SRP319234	2021-06-13 00:00:00 UTC	PRJNA728722	1102	3545	public	9606.0
SRR14483754	RNA-Seq	public	SRX10831281	Illumina NovaSeq 6000	ILLUMINA	SRS8915410	SAMN19102287	Homo sapiens	SRP319234	2021-06-13 00:00:00 UTC	PRJNA728722	1105	3607	public	9606.0
SRR14483755	RNA-Seq	public	SRX10831281	Illumina NovaSeq 6000	ILLUMINA	SRS8915410	SAMN19102287	Homo sapiens	SRP319234	2021-06-13 00:00:00 UTC	PRJNA728722	1621	5249	public	9606.0
SRR14483756	RNA-Seq	public	SRX10831281	Illumina NovaSeq 6000	ILLUMINA	SRS8915410	SAMN19102287	Homo sapiens	SRP319234	2021-06-13 00:00:00 UTC	PRJNA728722	1623	5337	public	9606.0
SRR14483757	RNA-Seq	public	SRX10831281	Illumina NovaSeq 6000	ILLUMINA	SRS8915410	SAMN19102287	Homo sapiens	SRP319234	2021-06-13 00:00:00 UTC	PRJNA728722	1588	5171	public	9606.0
SRR14483758	RNA-Seq	public	SRX10831281	Illumina NovaSeq 6000	ILLUMINA	SRS8915410	SAMN19102287	Homo sapiens	SRP319234	2021-06-13 00:00:00 UTC	PRJNA728722	1590	5257	public	9606.0
SRR14483759	RNA-Seq	public	SRX10831281	Illumina NovaSeq 6000	ILLUMINA	SRS8915410	SAMN19102287	Homo sapiens	SRP319234	2021-06-13 00:00:00 UTC	PRJNA728722	1632	5163	public	9606.0
SRR14483760	RNA-Seq	public	SRX10831281	Illumina NovaSeq 6000	ILLUMINA	SRS8915410	SAMN19102287	Homo sapiens	SRP319234	2021-06-13 00:00:00 UTC	PRJNA728722	1641	5260	public	9606.0
SRR14483761	RNA-Seq	public	SRX10831282	Illumina NovaSeq 6000	ILLUMINA	SRS8915411	SAMN19102286	Homo sapiens	SRP319234	2021-06-13 00:00:00 UTC	PRJNA728722	1566	5027	public	9606.0
SRR14483762	RNA-Seq	public	SRX10831282	Illumina NovaSeq 6000	ILLUMINA	SRS8915411	SAMN19102286	Homo sapiens	SRP319234	2021-06-13 00:00:00 UTC	PRJNA728722	1569	5111	public	9606.0
SRR14483763	RNA-Seq	public	SRX10831282	Illumina NovaSeq 6000	ILLUMINA	SRS8915411	SAMN19102286	Homo sapiens	SRP319234	2021-06-13 00:00:00 UTC	PRJNA728722	1273	4081	public	9606.0
SRR14483764	RNA-Seq	public	SRX10831282	Illumina NovaSeq 6000	ILLUMINA	SRS8915411	SAMN19102286	Homo sapiens	SRP319234	2021-06-13 00:00:00 UTC	PRJNA728722	1276	4149	public	9606.0
SRR14483765	RNA-Seq	public	SRX10831282	Illumina NovaSeq 6000	ILLUMINA	SRS8915411	SAMN19102286	Homo sapiens	SRP319234	2021-06-13 00:00:00 UTC	PRJNA728722	1258	4041	public	9606.0
SRR14483766	RNA-Seq	public	SRX10831282	Illumina NovaSeq 6000	ILLUMINA	SRS8915411	SAMN19102286	Homo sapiens	SRP319234	2021-06-13 00:00:00 UTC	PRJNA728722	1259	4104	public	9606.0
SRR14483767	RNA-Seq	public	SRX10831282	Illumina NovaSeq 6000	ILLUMINA	SRS8915411	SAMN19102286	Homo sapiens	SRP319234	2021-06-13 00:00:00 UTC	PRJNA728722	1256	4055	public	9606.0
SRR14483768	RNA-Seq	public	SRX10831282	Illumina NovaSeq 6000	ILLUMINA	SRS8915411	SAMN19102286	Homo sapiens	SRP319234	2021-06-13 00:00:00 UTC	PRJNA728722	1259	4124	public	9606.0
SRR14483769	RNA-Seq	public	SRX10831283	Illumina NovaSeq 6000	ILLUMINA	SRS8915412	SAMN19102285	Homo sapiens	SRP319234	2021-05-15 00:00:00 UTC	PRJNA728722	2463	7573	public	9606.0
SRR14483770	RNA-Seq	public	SRX10831283	Illumina NovaSeq 6000	ILLUMINA	SRS8915412	SAMN19102285	Homo sapiens	SRP319234	2021-06-13 00:00:00 UTC	PRJNA728722	1207	3864	public	9606.0
SRR14483771	RNA-Seq	public	SRX10831283	Illumina NovaSeq 6000	ILLUMINA	SRS8915412	SAMN19102285	Homo sapiens	SRP319234	2021-06-13 00:00:00 UTC	PRJNA728722	1715	5481	public	9606.0
SRR14483772	RNA-Seq	public	SRX10831283	Illumina NovaSeq 6000	ILLUMINA	SRS8915412	SAMN19102285	Homo sapiens	SRP319234	2021-06-13 00:00:00 UTC	PRJNA728722	1718	5571	public	9606.0
SRR14483773	RNA-Seq	public	SRX10831283	Illumina NovaSeq 6000	ILLUMINA	SRS8915412	SAMN19102285	Homo sapiens	SRP319234	2021-06-13 00:00:00 UTC	PRJNA728722	1275	4050	public	9606.0
SRR14483774	RNA-Seq	public	SRX10831283	Illumina NovaSeq 6000	ILLUMINA	SRS8915412	SAMN19102285	Homo sapiens	SRP319234	2021-05-15 00:00:00 UTC	PRJNA728722	2497	8042	public	9606.0
SRR14483775	RNA-Seq	public	SRX10831283	Illumina NovaSeq 6000	ILLUMINA	SRS8915412	SAMN19102285	Homo sapiens	SRP319234	2021-06-13 00:00:00 UTC	PRJNA728722	1429	4497	public	9606.0
SRR14483776	RNA-Seq	public	SRX10831283	Illumina NovaSeq 6000	ILLUMINA	SRS8915412	SAMN19102285	Homo sapiens	SRP319234	2021-06-13 00:00:00 UTC	PRJNA728722	1434	4577	public	9606.0
SRR14483777	RNA-Seq	public	SRX10831284	Illumina NovaSeq 6000	ILLUMINA	SRS8915413	SAMN19102284	Homo sapiens	SRP319234	2021-05-13 00:00:00 UTC	PRJNA728722	4911	16413	public	9606.0
SRR14483778	RNA-Seq	public	SRX10831284	Illumina NovaSeq 6000	ILLUMINA	SRS8915413	SAMN19102284	Homo sapiens	SRP319234	2021-06-13 00:00:00 UTC	PRJNA728722	17	56	public	9606.0
SRR14483779	RNA-Seq	public	SRX10831285	Illumina NovaSeq 6000	ILLUMINA	SRS8915414	SAMN19102283	Homo sapiens	SRP319234	2021-05-13 00:00:00 UTC	PRJNA728722	4871	16163	public	9606.0
SRR14483780	RNA-Seq	public	SRX10831285	Illumina NovaSeq 6000	ILLUMINA	SRS8915414	SAMN19102283	Homo sapiens	SRP319234	2021-05-13 00:00:00 UTC	PRJNA728722	4841	16226	public	9606.0
SRR14483781	RNA-Seq	public	SRX10831286	Illumina NovaSeq 6000	ILLUMINA	SRS8915415	SAMN19102282	Homo sapiens	SRP319234	2021-05-13 00:00:00 UTC	PRJNA728722	7066	23269	public	9606.0
SRR14483782	RNA-Seq	public	SRX10831286	Illumina NovaSeq 6000	ILLUMINA	SRS8915415	SAMN19102282	Homo sapiens	SRP319234	2021-05-14 00:00:00 UTC	PRJNA728722	6858	22102	public	9606.0
SRR14483783	RNA-Seq	public	SRX10831287	Illumina NovaSeq 6000	ILLUMINA	SRS8915416	SAMN19102281	Homo sapiens	SRP319234	2021-05-15 00:00:00 UTC	PRJNA728722	6582	21586	public	9606.0
SRR14483784	RNA-Seq	public	SRX10831287	Illumina NovaSeq 6000	ILLUMINA	SRS8915416	SAMN19102281	Homo sapiens	SRP319234	2021-05-13 00:00:00 UTC	PRJNA728722	6417	20605	public	9606.0
SRR14483785	RNA-Seq	public	SRX10831288	Illumina NovaSeq 6000	ILLUMINA	SRS8915418	SAMN19102280	Homo sapiens	SRP319234	2021-05-13 00:00:00 UTC	PRJNA728722	2815	9689	public	9606.0
SRR14483786	RNA-Seq	public	SRX10831288	Illumina NovaSeq 6000	ILLUMINA	SRS8915418	SAMN19102280	Homo sapiens	SRP319234	2021-05-13 00:00:00 UTC	PRJNA728722	2823	9678	public	9606.0
SRR14483787	RNA-Seq	public	SRX10831289	Illumina NovaSeq 6000	ILLUMINA	SRS8915417	SAMN19102279	Homo sapiens	SRP319234	2021-05-13 00:00:00 UTC	PRJNA728722	1939	6669	public	9606.0
SRR14483788	RNA-Seq	public	SRX10831289	Illumina NovaSeq 6000	ILLUMINA	SRS8915417	SAMN19102279	Homo sapiens	SRP319234	2021-05-13 00:00:00 UTC	PRJNA728722	1941	6650	public	9606.0
SRR14483789	RNA-Seq	public	SRX10831290	Illumina NovaSeq 6000	ILLUMINA	SRS8915419	SAMN19102278	Homo sapiens	SRP319234	2021-05-13 00:00:00 UTC	PRJNA728722	964	3337	public	9606.0
SRR14483790	RNA-Seq	public	SRX10831290	Illumina NovaSeq 6000	ILLUMINA	SRS8915419	SAMN19102278	Homo sapiens	SRP319234	2021-05-13 00:00:00 UTC	PRJNA728722	963	3323	public	9606.0
SRR14483791	RNA-Seq	public	SRX10831291	Illumina NovaSeq 6000	ILLUMINA	SRS8915420	SAMN19102277	Homo sapiens	SRP319234	2021-05-13 00:00:00 UTC	PRJNA728722	2522	8722	public	9606.0
SRR14483792	RNA-Seq	public	SRX10831291	Illumina NovaSeq 6000	ILLUMINA	SRS8915420	SAMN19102277	Homo sapiens	SRP319234	2021-05-13 00:00:00 UTC	PRJNA728722	2526	8701	public	9606.0
SRR14483793	RNA-Seq	public	SRX10831292	Illumina NovaSeq 6000	ILLUMINA	SRS8915421	SAMN19102276	Homo sapiens	SRP319234	2021-05-13 00:00:00 UTC	PRJNA728722	2297	7882	public	9606.0
SRR14483794	RNA-Seq	public	SRX10831292	Illumina NovaSeq 6000	ILLUMINA	SRS8915421	SAMN19102276	Homo sapiens	SRP319234	2021-05-13 00:00:00 UTC	PRJNA728722	2299	7858	public	9606.0
SRR14483795	RNA-Seq	public	SRX10831293	Illumina NovaSeq 6000	ILLUMINA	SRS8915423	SAMN19102275	Homo sapiens	SRP319234	2021-05-13 00:00:00 UTC	PRJNA728722	2766	9495	public	9606.0
SRR14483796	RNA-Seq	public	SRX10831293	Illumina NovaSeq 6000	ILLUMINA	SRS8915423	SAMN19102275	Homo sapiens	SRP319234	2021-05-13 00:00:00 UTC	PRJNA728722	2767	9459	public	9606.0
SRR14483797	RNA-Seq	public	SRX10831294	Illumina NovaSeq 6000	ILLUMINA	SRS8915422	SAMN19102274	Homo sapiens	SRP319234	2021-05-13 00:00:00 UTC	PRJNA728722	2472	8537	public	9606.0
SRR14483798	RNA-Seq	public	SRX10831294	Illumina NovaSeq 6000	ILLUMINA	SRS8915422	SAMN19102274	Homo sapiens	SRP319234	2021-05-13 00:00:00 UTC	PRJNA728722	2476	8520	public	9606.0
SRR14483799	RNA-Seq	public	SRX10831295	Illumina NovaSeq 6000	ILLUMINA	SRS8915425	SAMN19102273	Homo sapiens	SRP319234	2021-05-13 00:00:00 UTC	PRJNA728722	2426	8388	public	9606.0
SRR14483800	RNA-Seq	public	SRX10831295	Illumina NovaSeq 6000	ILLUMINA	SRS8915425	SAMN19102273	Homo sapiens	SRP319234	2021-05-13 00:00:00 UTC	PRJNA728722	2426	8355	public	9606.0
SRR14483801	RNA-Seq	public	SRX10831296	Illumina NovaSeq 6000	ILLUMINA	SRS8915424	SAMN19102272	Homo sapiens	SRP319234	2021-05-13 00:00:00 UTC	PRJNA728722	2290	7829	public	9606.0
SRR14483802	RNA-Seq	public	SRX10831296	Illumina NovaSeq 6000	ILLUMINA	SRS8915424	SAMN19102272	Homo sapiens	SRP319234	2021-05-13 00:00:00 UTC	PRJNA728722	2293	7807	public	9606.0
SRR14483803	RNA-Seq	public	SRX10831297	Illumina NovaSeq 6000	ILLUMINA	SRS8915426	SAMN19102271	Homo sapiens	SRP319234	2021-05-13 00:00:00 UTC	PRJNA728722	2568	8815	public	9606.0
SRR14483804	RNA-Seq	public	SRX10831297	Illumina NovaSeq 6000	ILLUMINA	SRS8915426	SAMN19102271	Homo sapiens	SRP319234	2021-05-13 00:00:00 UTC	PRJNA728722	2574	8801	public	9606.0
SRR14483805	RNA-Seq	public	SRX10831298	Illumina NovaSeq 6000	ILLUMINA	SRS8915428	SAMN19102353	Homo sapiens	SRP319234	2021-05-13 00:00:00 UTC	PRJNA728722	2397	8131	public	9606.0
SRR14483806	RNA-Seq	public	SRX10831298	Illumina NovaSeq 6000	ILLUMINA	SRS8915428	SAMN19102353	Homo sapiens	SRP319234	2021-05-13 00:00:00 UTC	PRJNA728722	2404	8122	public	9606.0
SRR14483807	RNA-Seq	public	SRX10831299	Illumina NovaSeq 6000	ILLUMINA	SRS8915427	SAMN19102352	Homo sapiens	SRP319234	2021-05-13 00:00:00 UTC	PRJNA728722	1058	3644	public	9606.0
SRR14483808	RNA-Seq	public	SRX10831299	Illumina NovaSeq 6000	ILLUMINA	SRS8915427	SAMN19102352	Homo sapiens	SRP319234	2021-05-13 00:00:00 UTC	PRJNA728722	1060	3636	public	9606.0
SRR14483809	RNA-Seq	public	SRX10831300	Illumina NovaSeq 6000	ILLUMINA	SRS8915429	SAMN19102351	Homo sapiens	SRP319234	2021-05-13 00:00:00 UTC	PRJNA728722	2674	9268	public	9606.0
SRR14483810	RNA-Seq	public	SRX10831300	Illumina NovaSeq 6000	ILLUMINA	SRS8915429	SAMN19102351	Homo sapiens	SRP319234	2021-05-13 00:00:00 UTC	PRJNA728722	2683	9265	public	9606.0
SRR14483811	RNA-Seq	public	SRX10831301	Illumina NovaSeq 6000	ILLUMINA	SRS8915430	SAMN19102270	Homo sapiens	SRP319234	2021-05-13 00:00:00 UTC	PRJNA728722	1139	3868	public	9606.0
SRR14483812	RNA-Seq	public	SRX10831301	Illumina NovaSeq 6000	ILLUMINA	SRS8915430	SAMN19102270	Homo sapiens	SRP319234	2021-05-13 00:00:00 UTC	PRJNA728722	1144	3867	public	9606.0
SRR14483813	RNA-Seq	public	SRX10831302	Illumina NovaSeq 6000	ILLUMINA	SRS8915431	SAMN19102269	Homo sapiens	SRP319234	2021-05-13 00:00:00 UTC	PRJNA728722	2306	7918	public	9606.0
SRR14483814	RNA-Seq	public	SRX10831302	Illumina NovaSeq 6000	ILLUMINA	SRS8915431	SAMN19102269	Homo sapiens	SRP319234	2021-05-13 00:00:00 UTC	PRJNA728722	2308	7895	public	9606.0
SRR14483815	RNA-Seq	public	SRX10831303	Illumina NovaSeq 6000	ILLUMINA	SRS8915432	SAMN19102354	Homo sapiens	SRP319234	2021-05-13 00:00:00 UTC	PRJNA728722	2363	7795	public	9606.0
SRR14483816	RNA-Seq	public	SRX10831303	Illumina NovaSeq 6000	ILLUMINA	SRS8915432	SAMN19102354	Homo sapiens	SRP319234	2021-05-13 00:00:00 UTC	PRJNA728722	2368	7770	public	9606.0
SRR14483817	RNA-Seq	public	SRX10831304	Illumina NovaSeq 6000	ILLUMINA	SRS8915433	SAMN19102350	Homo sapiens	SRP319234	2021-05-13 00:00:00 UTC	PRJNA728722	2584	8980	public	9606.0
SRR14483818	RNA-Seq	public	SRX10831304	Illumina NovaSeq 6000	ILLUMINA	SRS8915433	SAMN19102350	Homo sapiens	SRP319234	2021-05-13 00:00:00 UTC	PRJNA728722	2591	8965	public	9606.0
SRR14483819	RNA-Seq	public	SRX10831305	Illumina NovaSeq 6000	ILLUMINA	SRS8915434	SAMN19102349	Homo sapiens	SRP319234	2021-05-13 00:00:00 UTC	PRJNA728722	2442	8401	public	9606.0
SRR14483820	RNA-Seq	public	SRX10831305	Illumina NovaSeq 6000	ILLUMINA	SRS8915434	SAMN19102349	Homo sapiens	SRP319234	2021-05-13 00:00:00 UTC	PRJNA728722	2437	8375	public	9606.0
SRR14483821	RNA-Seq	public	SRX10831306	Illumina NovaSeq 6000	ILLUMINA	SRS8915435	SAMN19102348	Homo sapiens	SRP319234	2021-05-13 00:00:00 UTC	PRJNA728722	3492	12065	public	9606.0
SRR14483822	RNA-Seq	public	SRX10831306	Illumina NovaSeq 6000	ILLUMINA	SRS8915435	SAMN19102348	Homo sapiens	SRP319234	2021-05-13 00:00:00 UTC	PRJNA728722	3487	12028	public	9606.0
SRR14483823	RNA-Seq	public	SRX10831307	Illumina NovaSeq 6000	ILLUMINA	SRS8915436	SAMN19102347	Homo sapiens	SRP319234	2021-05-13 00:00:00 UTC	PRJNA728722	1655	5643	public	9606.0
SRR14483824	RNA-Seq	public	SRX10831307	Illumina NovaSeq 6000	ILLUMINA	SRS8915436	SAMN19102347	Homo sapiens	SRP319234	2021-05-13 00:00:00 UTC	PRJNA728722	1664	5656	public	9606.0
SRR14483825	RNA-Seq	public	SRX10831308	Illumina NovaSeq 6000	ILLUMINA	SRS8915438	SAMN19102346	Homo sapiens	SRP319234	2021-05-13 00:00:00 UTC	PRJNA728722	1624	5353	public	9606.0
SRR14483826	RNA-Seq	public	SRX10831308	Illumina NovaSeq 6000	ILLUMINA	SRS8915438	SAMN19102346	Homo sapiens	SRP319234	2021-05-13 00:00:00 UTC	PRJNA728722	1631	5416	public	9606.0
SRR14483827	RNA-Seq	public	SRX10831309	Illumina NovaSeq 6000	ILLUMINA	SRS8915437	SAMN19102345	Homo sapiens	SRP319234	2021-05-13 00:00:00 UTC	PRJNA728722	1817	5853	public	9606.0
SRR14483828	RNA-Seq	public	SRX10831309	Illumina NovaSeq 6000	ILLUMINA	SRS8915437	SAMN19102345	Homo sapiens	SRP319234	2021-05-13 00:00:00 UTC	PRJNA728722	1836	5959	public	9606.0
SRR14483829	RNA-Seq	public	SRX10831310	Illumina NovaSeq 6000	ILLUMINA	SRS8915439	SAMN19102344	Homo sapiens	SRP319234	2021-05-13 00:00:00 UTC	PRJNA728722	2001	6607	public	9606.0
SRR14483830	RNA-Seq	public	SRX10831310	Illumina NovaSeq 6000	ILLUMINA	SRS8915439	SAMN19102344	Homo sapiens	SRP319234	2021-05-13 00:00:00 UTC	PRJNA728722	2020	6711	public	9606.0
SRR14483831	RNA-Seq	public	SRX10831311	Illumina NovaSeq 6000	ILLUMINA	SRS8915440	SAMN19102343	Homo sapiens	SRP319234	2021-05-13 00:00:00 UTC	PRJNA728722	1612	5296	public	9606.0
SRR14483832	RNA-Seq	public	SRX10831311	Illumina NovaSeq 6000	ILLUMINA	SRS8915440	SAMN19102343	Homo sapiens	SRP319234	2021-05-13 00:00:00 UTC	PRJNA728722	1623	5365	public	9606.0
SRR14483833	RNA-Seq	public	SRX10831312	Illumina NovaSeq 6000	ILLUMINA	SRS8915441	SAMN19102342	Homo sapiens	SRP319234	2021-05-13 00:00:00 UTC	PRJNA728722	1980	6582	public	9606.0
SRR14483834	RNA-Seq	public	SRX10831312	Illumina NovaSeq 6000	ILLUMINA	SRS8915441	SAMN19102342	Homo sapiens	SRP319234	2021-05-13 00:00:00 UTC	PRJNA728722	1991	6664	public	9606.0
SRR14483835	RNA-Seq	public	SRX10831313	Illumina NovaSeq 6000	ILLUMINA	SRS8915442	SAMN19102341	Homo sapiens	SRP319234	2021-05-13 00:00:00 UTC	PRJNA728722	2245	7319	public	9606.0
SRR14483836	RNA-Seq	public	SRX10831313	Illumina NovaSeq 6000	ILLUMINA	SRS8915442	SAMN19102341	Homo sapiens	SRP319234	2021-05-13 00:00:00 UTC	PRJNA728722	2268	7441	public	9606.0
SRR14483837	RNA-Seq	public	SRX10831314	Illumina NovaSeq 6000	ILLUMINA	SRS8915443	SAMN19102340	Homo sapiens	SRP319234	2021-05-13 00:00:00 UTC	PRJNA728722	1510	5016	public	9606.0
SRR14483838	RNA-Seq	public	SRX10831314	Illumina NovaSeq 6000	ILLUMINA	SRS8915443	SAMN19102340	Homo sapiens	SRP319234	2021-05-13 00:00:00 UTC	PRJNA728722	1520	5082	public	9606.0
SRR14483839	RNA-Seq	public	SRX10831315	Illumina NovaSeq 6000	ILLUMINA	SRS8915444	SAMN19102339	Homo sapiens	SRP319234	2021-05-13 00:00:00 UTC	PRJNA728722	1994	6589	public	9606.0
SRR14483840	RNA-Seq	public	SRX10831315	Illumina NovaSeq 6000	ILLUMINA	SRS8915444	SAMN19102339	Homo sapiens	SRP319234	2021-05-13 00:00:00 UTC	PRJNA728722	2009	6681	public	9606.0
SRR14483841	RNA-Seq	public	SRX10831316	Illumina NovaSeq 6000	ILLUMINA	SRS8915445	SAMN19102338	Homo sapiens	SRP319234	2021-05-13 00:00:00 UTC	PRJNA728722	1578	5506	public	9606.0
SRR14483842	RNA-Seq	public	SRX10831316	Illumina NovaSeq 6000	ILLUMINA	SRS8915445	SAMN19102338	Homo sapiens	SRP319234	2021-05-13 00:00:00 UTC	PRJNA728722	1588	5530	public	9606.0
SRR14483843	RNA-Seq	public	SRX10831317	Illumina NovaSeq 6000	ILLUMINA	SRS8915446	SAMN19102337	Homo sapiens	SRP319234	2021-05-13 00:00:00 UTC	PRJNA728722	2381	8310	public	9606.0
SRR14483844	RNA-Seq	public	SRX10831317	Illumina NovaSeq 6000	ILLUMINA	SRS8915446	SAMN19102337	Homo sapiens	SRP319234	2021-05-13 00:00:00 UTC	PRJNA728722	2399	8355	public	9606.0
SRR14483845	RNA-Seq	public	SRX10831318	Illumina NovaSeq 6000	ILLUMINA	SRS8915447	SAMN19102336	Homo sapiens	SRP319234	2021-05-13 00:00:00 UTC	PRJNA728722	2259	7833	public	9606.0
SRR14483846	RNA-Seq	public	SRX10831318	Illumina NovaSeq 6000	ILLUMINA	SRS8915447	SAMN19102336	Homo sapiens	SRP319234	2021-05-13 00:00:00 UTC	PRJNA728722	2243	7764	public	9606.0
SRR14483847	RNA-Seq	public	SRX10831319	Illumina NovaSeq 6000	ILLUMINA	SRS8915448	SAMN19102335	Homo sapiens	SRP319234	2021-05-13 00:00:00 UTC	PRJNA728722	2185	7591	public	9606.0
SRR14483848	RNA-Seq	public	SRX10831319	Illumina NovaSeq 6000	ILLUMINA	SRS8915448	SAMN19102335	Homo sapiens	SRP319234	2021-05-13 00:00:00 UTC	PRJNA728722	2176	7546	public	9606.0
SRR14483849	RNA-Seq	public	SRX10831320	Illumina NovaSeq 6000	ILLUMINA	SRS8915449	SAMN19102334	Homo sapiens	SRP319234	2021-05-13 00:00:00 UTC	PRJNA728722	2074	7175	public	9606.0
SRR14483850	RNA-Seq	public	SRX10831320	Illumina NovaSeq 6000	ILLUMINA	SRS8915449	SAMN19102334	Homo sapiens	SRP319234	2021-05-13 00:00:00 UTC	PRJNA728722	2067	7142	public	9606.0
SRR14483851	RNA-Seq	public	SRX10831321	Illumina NovaSeq 6000	ILLUMINA	SRS8915450	SAMN19102333	Homo sapiens	SRP319234	2021-05-13 00:00:00 UTC	PRJNA728722	1062	3798	public	9606.0
SRR14483852	RNA-Seq	public	SRX10831321	Illumina NovaSeq 6000	ILLUMINA	SRS8915450	SAMN19102333	Homo sapiens	SRP319234	2021-05-13 00:00:00 UTC	PRJNA728722	1076	3814	public	9606.0
SRR14483853	RNA-Seq	public	SRX10831322	Illumina NovaSeq 6000	ILLUMINA	SRS8915451	SAMN19102332	Homo sapiens	SRP319234	2021-05-13 00:00:00 UTC	PRJNA728722	1909	6921	public	9606.0
SRR14483854	RNA-Seq	public	SRX10831322	Illumina NovaSeq 6000	ILLUMINA	SRS8915451	SAMN19102332	Homo sapiens	SRP319234	2021-05-13 00:00:00 UTC	PRJNA728722	1947	6995	public	9606.0
SRR14483855	RNA-Seq	public	SRX10831323	Illumina NovaSeq 6000	ILLUMINA	SRS8915453	SAMN19102331	Homo sapiens	SRP319234	2021-05-13 00:00:00 UTC	PRJNA728722	1289	4639	public	9606.0
SRR14483856	RNA-Seq	public	SRX10831323	Illumina NovaSeq 6000	ILLUMINA	SRS8915453	SAMN19102331	Homo sapiens	SRP319234	2021-05-13 00:00:00 UTC	PRJNA728722	1314	4685	public	9606.0
SRR14483857	RNA-Seq	public	SRX10831324	Illumina NovaSeq 6000	ILLUMINA	SRS8915452	SAMN19102268	Homo sapiens	SRP319234	2021-05-13 00:00:00 UTC	PRJNA728722	343	1232	public	9606.0
SRR14483858	RNA-Seq	public	SRX10831324	Illumina NovaSeq 6000	ILLUMINA	SRS8915452	SAMN19102268	Homo sapiens	SRP319234	2021-05-13 00:00:00 UTC	PRJNA728722	349	1241	public	9606.0
SRR14483859	RNA-Seq	public	SRX10831325	Illumina NovaSeq 6000	ILLUMINA	SRS8915454	SAMN19102267	Homo sapiens	SRP319234	2021-05-13 00:00:00 UTC	PRJNA728722	919	3255	public	9606.0
SRR14483860	RNA-Seq	public	SRX10831325	Illumina NovaSeq 6000	ILLUMINA	SRS8915454	SAMN19102267	Homo sapiens	SRP319234	2021-05-13 00:00:00 UTC	PRJNA728722	938	3291	public	9606.0
SRR14483861	RNA-Seq	public	SRX10831326	Illumina NovaSeq 6000	ILLUMINA	SRS8915455	SAMN19102266	Homo sapiens	SRP319234	2021-05-13 00:00:00 UTC	PRJNA728722	901	3162	public	9606.0
SRR14483862	RNA-Seq	public	SRX10831326	Illumina NovaSeq 6000	ILLUMINA	SRS8915455	SAMN19102266	Homo sapiens	SRP319234	2021-05-13 00:00:00 UTC	PRJNA728722	915	3179	public	9606.0
SRR14483863	RNA-Seq	public	SRX10831327	Illumina NovaSeq 6000	ILLUMINA	SRS8915456	SAMN19102265	Homo sapiens	SRP319234	2021-05-13 00:00:00 UTC	PRJNA728722	1354	4911	public	9606.0
SRR14483864	RNA-Seq	public	SRX10831327	Illumina NovaSeq 6000	ILLUMINA	SRS8915456	SAMN19102265	Homo sapiens	SRP319234	2021-05-13 00:00:00 UTC	PRJNA728722	1381	4962	public	9606.0
SRR14483865	RNA-Seq	public	SRX10831328	Illumina NovaSeq 6000	ILLUMINA	SRS8915457	SAMN19102263	Homo sapiens	SRP319234	2021-05-13 00:00:00 UTC	PRJNA728722	1509	5385	public	9606.0
SRR14483866	RNA-Seq	public	SRX10831328	Illumina NovaSeq 6000	ILLUMINA	SRS8915457	SAMN19102263	Homo sapiens	SRP319234	2021-05-13 00:00:00 UTC	PRJNA728722	1528	5400	public	9606.0
SRR14483867	RNA-Seq	public	SRX10831329	Illumina NovaSeq 6000	ILLUMINA	SRS8915458	SAMN19102262	Homo sapiens	SRP319234	2021-05-13 00:00:00 UTC	PRJNA728722	1521	5068	public	9606.0
SRR14483868	RNA-Seq	public	SRX10831329	Illumina NovaSeq 6000	ILLUMINA	SRS8915458	SAMN19102262	Homo sapiens	SRP319234	2021-05-13 00:00:00 UTC	PRJNA728722	1528	5092	public	9606.0
SRR14483869	RNA-Seq	public	SRX10831330	Illumina NovaSeq 6000	ILLUMINA	SRS8915459	SAMN19102261	Homo sapiens	SRP319234	2021-05-13 00:00:00 UTC	PRJNA728722	3132	10653	public	9606.0
SRR14483870	RNA-Seq	public	SRX10831331	Illumina NovaSeq 6000	ILLUMINA	SRS8915460	SAMN19102259	Homo sapiens	SRP319234	2021-05-13 00:00:00 UTC	PRJNA728722	2002	6595	public	9606.0
SRR14483871	RNA-Seq	public	SRX10831331	Illumina NovaSeq 6000	ILLUMINA	SRS8915460	SAMN19102259	Homo sapiens	SRP319234	2021-05-13 00:00:00 UTC	PRJNA728722	2015	6645	public	9606.0
SRR14483872	RNA-Seq	public	SRX10831332	Illumina NovaSeq 6000	ILLUMINA	SRS8915461	SAMN19102258	Homo sapiens	SRP319234	2021-05-13 00:00:00 UTC	PRJNA728722	1737	5730	public	9606.0
SRR14483873	RNA-Seq	public	SRX10831332	Illumina NovaSeq 6000	ILLUMINA	SRS8915461	SAMN19102258	Homo sapiens	SRP319234	2021-05-13 00:00:00 UTC	PRJNA728722	1746	5767	public	9606.0
SRR14483874	RNA-Seq	public	SRX10831333	Illumina NovaSeq 6000	ILLUMINA	SRS8915463	SAMN19102256	Homo sapiens	SRP319234	2021-05-13 00:00:00 UTC	PRJNA728722	1570	5213	public	9606.0
SRR14483875	RNA-Seq	public	SRX10831333	Illumina NovaSeq 6000	ILLUMINA	SRS8915463	SAMN19102256	Homo sapiens	SRP319234	2021-05-13 00:00:00 UTC	PRJNA728722	1585	5269	public	9606.0
SRR14483876	RNA-Seq	public	SRX10831334	Illumina NovaSeq 6000	ILLUMINA	SRS8915462	SAMN19102255	Homo sapiens	SRP319234	2021-05-13 00:00:00 UTC	PRJNA728722	1669	5567	public	9606.0
SRR14483877	RNA-Seq	public	SRX10831334	Illumina NovaSeq 6000	ILLUMINA	SRS8915462	SAMN19102255	Homo sapiens	SRP319234	2021-05-13 00:00:00 UTC	PRJNA728722	1678	5599	public	9606.0
SRR14483878	RNA-Seq	public	SRX10831335	Illumina NovaSeq 6000	ILLUMINA	SRS8915464	SAMN19102260	Homo sapiens	SRP319234	2021-05-13 00:00:00 UTC	PRJNA728722	2082	6925	public	9606.0
SRR14483879	RNA-Seq	public	SRX10831335	Illumina NovaSeq 6000	ILLUMINA	SRS8915464	SAMN19102260	Homo sapiens	SRP319234	2021-05-13 00:00:00 UTC	PRJNA728722	2094	6967	public	9606.0
SRR14483880	RNA-Seq	public	SRX10831336	Illumina NovaSeq 6000	ILLUMINA	SRS8915465	SAMN19102254	Homo sapiens	SRP319234	2021-05-13 00:00:00 UTC	PRJNA728722	2979	9893	public	9606.0
SRR14483881	RNA-Seq	public	SRX10831336	Illumina NovaSeq 6000	ILLUMINA	SRS8915465	SAMN19102254	Homo sapiens	SRP319234	2021-05-13 00:00:00 UTC	PRJNA728722	3001	9972	public	9606.0
SRR14483882	RNA-Seq	public	SRX10831337	Illumina NovaSeq 6000	ILLUMINA	SRS8915466	SAMN19102253	Homo sapiens	SRP319234	2021-05-13 00:00:00 UTC	PRJNA728722	4184	14186	public	9606.0
SRR14483883	RNA-Seq	public	SRX10831338	Illumina NovaSeq 6000	ILLUMINA	SRS8915467	SAMN19102252	Homo sapiens	SRP319234	2021-05-13 00:00:00 UTC	PRJNA728722	3572	12163	public	9606.0
SRR14483884	RNA-Seq	public	SRX10831339	Illumina NovaSeq 6000	ILLUMINA	SRS8915468	SAMN19102251	Homo sapiens	SRP319234	2021-05-13 00:00:00 UTC	PRJNA728722	3825	12852	public	9606.0
SRR14483885	RNA-Seq	public	SRX10831340	Illumina NovaSeq 6000	ILLUMINA	SRS8915469	SAMN19102250	Homo sapiens	SRP319234	2021-05-13 00:00:00 UTC	PRJNA728722	2413	8215	public	9606.0
SRR14483886	RNA-Seq	public	SRX10831341	Illumina NovaSeq 6000	ILLUMINA	SRS8915470	SAMN19102249	Homo sapiens	SRP319234	2021-05-13 00:00:00 UTC	PRJNA728722	5385	17915	public	9606.0
SRR14483887	RNA-Seq	public	SRX10831342	Illumina NovaSeq 6000	ILLUMINA	SRS8915471	SAMN19102248	Homo sapiens	SRP319234	2021-05-13 00:00:00 UTC	PRJNA728722	2656	9091	public	9606.0
SRR14483888	RNA-Seq	public	SRX10831343	Illumina NovaSeq 6000	ILLUMINA	SRS8915472	SAMN19102247	Homo sapiens	SRP319234	2021-05-13 00:00:00 UTC	PRJNA728722	3438	11674	public	9606.0
SRR14483889	RNA-Seq	public	SRX10831344	Illumina NovaSeq 6000	ILLUMINA	SRS8915473	SAMN19102246	Homo sapiens	SRP319234	2021-05-13 00:00:00 UTC	PRJNA728722	3922	12929	public	9606.0
SRR14483890	RNA-Seq	public	SRX10831345	Illumina NovaSeq 6000	ILLUMINA	SRS8915474	SAMN19102245	Homo sapiens	SRP319234	2021-05-13 00:00:00 UTC	PRJNA728722	3058	9977	public	9606.0
SRR14483891	RNA-Seq	public	SRX10831346	Illumina NovaSeq 6000	ILLUMINA	SRS8915475	SAMN19102244	Homo sapiens	SRP319234	2021-05-13 00:00:00 UTC	PRJNA728722	4646	15684	public	9606.0
SRR14483892	RNA-Seq	public	SRX10831347	Illumina NovaSeq 6000	ILLUMINA	SRS8915477	SAMN19102243	Homo sapiens	SRP319234	2021-05-13 00:00:00 UTC	PRJNA728722	3023	10036	public	9606.0
SRR14483893	RNA-Seq	public	SRX10831348	Illumina NovaSeq 6000	ILLUMINA	SRS8915476	SAMN19102242	Homo sapiens	SRP319234	2021-05-13 00:00:00 UTC	PRJNA728722	4820	15848	public	9606.0
SRR14483894	RNA-Seq	public	SRX10831349	Illumina NovaSeq 6000	ILLUMINA	SRS8915478	SAMN19102241	Homo sapiens	SRP319234	2021-05-13 00:00:00 UTC	PRJNA728722	5755	19200	public	9606.0
SRR14483895	RNA-Seq	public	SRX10831350	Illumina NovaSeq 6000	ILLUMINA	SRS8915479	SAMN19102240	Homo sapiens	SRP319234	2021-05-13 00:00:00 UTC	PRJNA728722	2126	7892	public	9606.0
SRR14483896	RNA-Seq	public	SRX10831351	Illumina NovaSeq 6000	ILLUMINA	SRS8915480	SAMN19102239	Homo sapiens	SRP319234	2021-05-13 00:00:00 UTC	PRJNA728722	5687	19529	public	9606.0
SRR14483897	RNA-Seq	public	SRX10831352	Illumina NovaSeq 6000	ILLUMINA	SRS8915481	SAMN19102238	Homo sapiens	SRP319234	2021-05-13 00:00:00 UTC	PRJNA728722	4382	15402	public	9606.0
SRR14483898	RNA-Seq	public	SRX10831353	Illumina NovaSeq 6000	ILLUMINA	SRS8915482	SAMN19102237	Homo sapiens	SRP319234	2021-05-13 00:00:00 UTC	PRJNA728722	4380	15560	public	9606.0
SRR14483899	RNA-Seq	public	SRX10831354	Illumina NovaSeq 6000	ILLUMINA	SRS8915483	SAMN19102303	Homo sapiens	SRP319234	2021-05-13 00:00:00 UTC	PRJNA728722	4251	14927	public	9606.0
SRR14483900	RNA-Seq	public	SRX10831355	Illumina NovaSeq 6000	ILLUMINA	SRS8915484	SAMN19102302	Homo sapiens	SRP319234	2021-05-13 00:00:00 UTC	PRJNA728722	3727	12998	public	9606.0
SRR14483901	RNA-Seq	public	SRX10831356	Illumina NovaSeq 6000	ILLUMINA	SRS8915485	SAMN19102301	Homo sapiens	SRP319234	2021-05-13 00:00:00 UTC	PRJNA728722	46	120	public	9606.0
SRR14483902	RNA-Seq	public	SRX10831356	Illumina NovaSeq 6000	ILLUMINA	SRS8915485	SAMN19102301	Homo sapiens	SRP319234	2021-05-13 00:00:00 UTC	PRJNA728722	55	142	public	9606.0
SRR14483903	RNA-Seq	public	SRX10831356	Illumina NovaSeq 6000	ILLUMINA	SRS8915485	SAMN19102301	Homo sapiens	SRP319234	2021-05-13 00:00:00 UTC	PRJNA728722	60	153	public	9606.0
SRR14483904	RNA-Seq	public	SRX10831357	Illumina NovaSeq 6000	ILLUMINA	SRS8915486	SAMN19102300	Homo sapiens	SRP319234	2021-05-13 00:00:00 UTC	PRJNA728722	34	104	public	9606.0
SRR14483905	RNA-Seq	public	SRX10831357	Illumina NovaSeq 6000	ILLUMINA	SRS8915486	SAMN19102300	Homo sapiens	SRP319234	2021-05-13 00:00:00 UTC	PRJNA728722	39	117	public	9606.0
SRR14483906	RNA-Seq	public	SRX10831357	Illumina NovaSeq 6000	ILLUMINA	SRS8915486	SAMN19102300	Homo sapiens	SRP319234	2021-05-13 00:00:00 UTC	PRJNA728722	44	130	public	9606.0
SRR14483907	RNA-Seq	public	SRX10831358	Illumina NovaSeq 6000	ILLUMINA	SRS8915487	SAMN19102236	Homo sapiens	SRP319234	2021-05-13 00:00:00 UTC	PRJNA728722	199	552	public	9606.0
SRR14483908	RNA-Seq	public	SRX10831358	Illumina NovaSeq 6000	ILLUMINA	SRS8915487	SAMN19102236	Homo sapiens	SRP319234	2021-05-13 00:00:00 UTC	PRJNA728722	231	629	public	9606.0
SRR14483909	RNA-Seq	public	SRX10831358	Illumina NovaSeq 6000	ILLUMINA	SRS8915487	SAMN19102236	Homo sapiens	SRP319234	2021-05-13 00:00:00 UTC	PRJNA728722	256	695	public	9606.0
SRR14483910	RNA-Seq	public	SRX10831359	Illumina NovaSeq 6000	ILLUMINA	SRS8915488	SAMN19102235	Homo sapiens	SRP319234	2021-05-13 00:00:00 UTC	PRJNA728722	29	90	public	9606.0
SRR14483911	RNA-Seq	public	SRX10831359	Illumina NovaSeq 6000	ILLUMINA	SRS8915488	SAMN19102235	Homo sapiens	SRP319234	2021-05-13 00:00:00 UTC	PRJNA728722	33	99	public	9606.0
SRR14483912	RNA-Seq	public	SRX10831359	Illumina NovaSeq 6000	ILLUMINA	SRS8915488	SAMN19102235	Homo sapiens	SRP319234	2021-05-13 00:00:00 UTC	PRJNA728722	38	116	public	9606.0
SRR14483913	RNA-Seq	public	SRX10831360	Illumina NovaSeq 6000	ILLUMINA	SRS8915489	SAMN19102234	Homo sapiens	SRP319234	2021-05-13 00:00:00 UTC	PRJNA728722	116	352	public	9606.0
SRR14483914	RNA-Seq	public	SRX10831360	Illumina NovaSeq 6000	ILLUMINA	SRS8915489	SAMN19102234	Homo sapiens	SRP319234	2021-05-13 00:00:00 UTC	PRJNA728722	132	390	public	9606.0
SRR14483915	RNA-Seq	public	SRX10831360	Illumina NovaSeq 6000	ILLUMINA	SRS8915489	SAMN19102234	Homo sapiens	SRP319234	2021-05-13 00:00:00 UTC	PRJNA728722	142	425	public	9606.0
SRR14483916	RNA-Seq	public	SRX10831361	Illumina NovaSeq 6000	ILLUMINA	SRS8915490	SAMN19102233	Homo sapiens	SRP319234	2021-05-13 00:00:00 UTC	PRJNA728722	131	387	public	9606.0
SRR14483917	RNA-Seq	public	SRX10831361	Illumina NovaSeq 6000	ILLUMINA	SRS8915490	SAMN19102233	Homo sapiens	SRP319234	2021-05-13 00:00:00 UTC	PRJNA728722	152	436	public	9606.0
SRR14483918	RNA-Seq	public	SRX10831361	Illumina NovaSeq 6000	ILLUMINA	SRS8915490	SAMN19102233	Homo sapiens	SRP319234	2021-05-13 00:00:00 UTC	PRJNA728722	174	501	public	9606.0
SRR14483919	RNA-Seq	public	SRX10831362	Illumina NovaSeq 6000	ILLUMINA	SRS8915492	SAMN19102232	Homo sapiens	SRP319234	2021-05-13 00:00:00 UTC	PRJNA728722	130	354	public	9606.0
SRR14483920	RNA-Seq	public	SRX10831362	Illumina NovaSeq 6000	ILLUMINA	SRS8915492	SAMN19102232	Homo sapiens	SRP319234	2021-05-13 00:00:00 UTC	PRJNA728722	155	415	public	9606.0
SRR14483921	RNA-Seq	public	SRX10831362	Illumina NovaSeq 6000	ILLUMINA	SRS8915492	SAMN19102232	Homo sapiens	SRP319234	2021-05-13 00:00:00 UTC	PRJNA728722	158	425	public	9606.0
SRR14483922	RNA-Seq	public	SRX10831363	Illumina NovaSeq 6000	ILLUMINA	SRS8915491	SAMN19102231	Homo sapiens	SRP319234	2021-05-13 00:00:00 UTC	PRJNA728722	134	371	public	9606.0
SRR14483923	RNA-Seq	public	SRX10831363	Illumina NovaSeq 6000	ILLUMINA	SRS8915491	SAMN19102231	Homo sapiens	SRP319234	2021-05-13 00:00:00 UTC	PRJNA728722	160	433	public	9606.0
SRR14483924	RNA-Seq	public	SRX10831363	Illumina NovaSeq 6000	ILLUMINA	SRS8915491	SAMN19102231	Homo sapiens	SRP319234	2021-05-13 00:00:00 UTC	PRJNA728722	163	441	public	9606.0
SRR14483925	RNA-Seq	public	SRX10831364	Illumina NovaSeq 6000	ILLUMINA	SRS8915493	SAMN19102230	Homo sapiens	SRP319234	2021-05-13 00:00:00 UTC	PRJNA728722	168	508	public	9606.0
SRR14483926	RNA-Seq	public	SRX10831364	Illumina NovaSeq 6000	ILLUMINA	SRS8915493	SAMN19102230	Homo sapiens	SRP319234	2021-05-13 00:00:00 UTC	PRJNA728722	193	568	public	9606.0
SRR14483927	RNA-Seq	public	SRX10831364	Illumina NovaSeq 6000	ILLUMINA	SRS8915493	SAMN19102230	Homo sapiens	SRP319234	2021-05-13 00:00:00 UTC	PRJNA728722	200	599	public	9606.0
SRR14483928	RNA-Seq	public	SRX10831365	Illumina NovaSeq 6000	ILLUMINA	SRS8915494	SAMN19102229	Homo sapiens	SRP319234	2021-05-13 00:00:00 UTC	PRJNA728722	179	482	public	9606.0
SRR14483929	RNA-Seq	public	SRX10831365	Illumina NovaSeq 6000	ILLUMINA	SRS8915494	SAMN19102229	Homo sapiens	SRP319234	2021-05-13 00:00:00 UTC	PRJNA728722	138	380	public	9606.0
SRR14483930	RNA-Seq	public	SRX10831365	Illumina NovaSeq 6000	ILLUMINA	SRS8915494	SAMN19102229	Homo sapiens	SRP319234	2021-05-13 00:00:00 UTC	PRJNA728722	166	446	public	9606.0
SRR14483931	RNA-Seq	public	SRX10831366	Illumina NovaSeq 6000	ILLUMINA	SRS8915495	SAMN19102228	Homo sapiens	SRP319234	2021-05-13 00:00:00 UTC	PRJNA728722	178	498	public	9606.0
SRR14483932	RNA-Seq	public	SRX10831366	Illumina NovaSeq 6000	ILLUMINA	SRS8915495	SAMN19102228	Homo sapiens	SRP319234	2021-05-13 00:00:00 UTC	PRJNA728722	149	423	public	9606.0
SRR14483933	RNA-Seq	public	SRX10831366	Illumina NovaSeq 6000	ILLUMINA	SRS8915495	SAMN19102228	Homo sapiens	SRP319234	2021-05-13 00:00:00 UTC	PRJNA728722	176	488	public	9606.0
SRR14483934	RNA-Seq	public	SRX10831367	Illumina NovaSeq 6000	ILLUMINA	SRS8915496	SAMN19102227	Homo sapiens	SRP319234	2021-05-13 00:00:00 UTC	PRJNA728722	92	266	public	9606.0
SRR14483935	RNA-Seq	public	SRX10831367	Illumina NovaSeq 6000	ILLUMINA	SRS8915496	SAMN19102227	Homo sapiens	SRP319234	2021-05-13 00:00:00 UTC	PRJNA728722	73	214	public	9606.0
SRR14483936	RNA-Seq	public	SRX10831367	Illumina NovaSeq 6000	ILLUMINA	SRS8915496	SAMN19102227	Homo sapiens	SRP319234	2021-05-13 00:00:00 UTC	PRJNA728722	84	241	public	9606.0
SRR14483937	RNA-Seq	public	SRX10831368	Illumina NovaSeq 6000	ILLUMINA	SRS8915497	SAMN19102226	Homo sapiens	SRP319234	2021-05-13 00:00:00 UTC	PRJNA728722	1175	4142	public	9606.0
SRR14483938	RNA-Seq	public	SRX10831368	Illumina NovaSeq 6000	ILLUMINA	SRS8915497	SAMN19102226	Homo sapiens	SRP319234	2021-05-13 00:00:00 UTC	PRJNA728722	1163	4128	public	9606.0
SRR14483939	RNA-Seq	public	SRX10831368	Illumina NovaSeq 6000	ILLUMINA	SRS8915497	SAMN19102226	Homo sapiens	SRP319234	2021-05-13 00:00:00 UTC	PRJNA728722	1174	4173	public	9606.0
SRR14483940	RNA-Seq	public	SRX10831369	Illumina NovaSeq 6000	ILLUMINA	SRS8915498	SAMN19102315	Homo sapiens	SRP319234	2021-05-14 00:00:00 UTC	PRJNA728722	17705	31002	public	9606.0
SRR14483941	RNA-Seq	public	SRX10831370	Illumina NovaSeq 6000	ILLUMINA	SRS8915499	SAMN19102314	Homo sapiens	SRP319234	2021-05-14 00:00:00 UTC	PRJNA728722	25379	40310	public	9606.0
SRR14483942	RNA-Seq	public	SRX10831371	Illumina NovaSeq 6000	ILLUMINA	SRS8915500	SAMN19102225	Homo sapiens	SRP319234	2021-05-15 00:00:00 UTC	PRJNA728722	19326	33395	public	9606.0
SRR14483943	RNA-Seq	public	SRX10831372	Illumina NovaSeq 6000	ILLUMINA	SRS8915501	SAMN19102224	Homo sapiens	SRP319234	2021-05-15 00:00:00 UTC	PRJNA728722	24500	40090	public	9606.0
SRR14483944	RNA-Seq	public	SRX10831372	Illumina NovaSeq 6000	ILLUMINA	SRS8915501	SAMN19102224	Homo sapiens	SRP319234	2021-05-14 00:00:00 UTC	PRJNA728722	24364	38555	public	9606.0
SRR14483945	RNA-Seq	public	SRX10831373	Illumina NovaSeq 6000	ILLUMINA	SRS8915502	SAMN19102223	Homo sapiens	SRP319234	2021-05-13 00:00:00 UTC	PRJNA728722	2486	6598	public	9606.0
SRR14483946	RNA-Seq	public	SRX10831374	Illumina NovaSeq 6000	ILLUMINA	SRS8915503	SAMN19102222	Homo sapiens	SRP319234	2021-05-13 00:00:00 UTC	PRJNA728722	4927	16997	public	9606.0
SRR14483947	RNA-Seq	public	SRX10831375	Illumina NovaSeq 6000	ILLUMINA	SRS8915504	SAMN19102221	Homo sapiens	SRP319234	2021-05-13 00:00:00 UTC	PRJNA728722	5272	14675	public	9606.0
SRR14483948	RNA-Seq	public	SRX10831258	Illumina NovaSeq 6000	ILLUMINA	SRS8915387	SAMN19102313	Homo sapiens	SRP319234	2021-05-13 00:00:00 UTC	PRJNA728722	4726	12908	public	9606.0
SRR14483949	RNA-Seq	public	SRX10831259	Illumina NovaSeq 6000	ILLUMINA	SRS8915388	SAMN19102312	Homo sapiens	SRP319234	2021-05-15 00:00:00 UTC	PRJNA728722	7747	21377	public	9606.0
SRR14483950	RNA-Seq	public	SRX10831260	Illumina NovaSeq 6000	ILLUMINA	SRS8915389	SAMN19102311	Homo sapiens	SRP319234	2021-05-13 00:00:00 UTC	PRJNA728722	750	2108	public	9606.0
SRR14483951	RNA-Seq	public	SRX10831260	Illumina NovaSeq 6000	ILLUMINA	SRS8915389	SAMN19102311	Homo sapiens	SRP319234	2021-05-13 00:00:00 UTC	PRJNA728722	743	2074	public	9606.0
SRR14483952	RNA-Seq	public	SRX10831260	Illumina NovaSeq 6000	ILLUMINA	SRS8915389	SAMN19102311	Homo sapiens	SRP319234	2021-05-13 00:00:00 UTC	PRJNA728722	745	2087	public	9606.0
SRR14483953	RNA-Seq	public	SRX10831260	Illumina NovaSeq 6000	ILLUMINA	SRS8915389	SAMN19102311	Homo sapiens	SRP319234	2021-05-13 00:00:00 UTC	PRJNA728722	748	2103	public	9606.0
SRR14483954	RNA-Seq	public	SRX10831260	Illumina NovaSeq 6000	ILLUMINA	SRS8915389	SAMN19102311	Homo sapiens	SRP319234	2021-05-13 00:00:00 UTC	PRJNA728722	742	2075	public	9606.0
SRR14483955	RNA-Seq	public	SRX10831260	Illumina NovaSeq 6000	ILLUMINA	SRS8915389	SAMN19102311	Homo sapiens	SRP319234	2021-05-13 00:00:00 UTC	PRJNA728722	753	2113	public	9606.0
SRR14483956	RNA-Seq	public	SRX10831260	Illumina NovaSeq 6000	ILLUMINA	SRS8915389	SAMN19102311	Homo sapiens	SRP319234	2021-05-13 00:00:00 UTC	PRJNA728722	737	2040	public	9606.0
SRR14483957	RNA-Seq	public	SRX10831260	Illumina NovaSeq 6000	ILLUMINA	SRS8915389	SAMN19102311	Homo sapiens	SRP319234	2021-05-13 00:00:00 UTC	PRJNA728722	729	2011	public	9606.0
SRR14483958	RNA-Seq	public	SRX10831261	Illumina NovaSeq 6000	ILLUMINA	SRS8915391	SAMN19102310	Homo sapiens	SRP319234	2021-05-13 00:00:00 UTC	PRJNA728722	395	1085	public	9606.0
SRR14483959	RNA-Seq	public	SRX10831261	Illumina NovaSeq 6000	ILLUMINA	SRS8915391	SAMN19102310	Homo sapiens	SRP319234	2021-05-13 00:00:00 UTC	PRJNA728722	540	1508	public	9606.0
SRR14483960	RNA-Seq	public	SRX10831261	Illumina NovaSeq 6000	ILLUMINA	SRS8915391	SAMN19102310	Homo sapiens	SRP319234	2021-05-13 00:00:00 UTC	PRJNA728722	503	1364	public	9606.0
SRR14483961	RNA-Seq	public	SRX10831261	Illumina NovaSeq 6000	ILLUMINA	SRS8915391	SAMN19102310	Homo sapiens	SRP319234	2021-05-13 00:00:00 UTC	PRJNA728722	546	1486	public	9606.0
SRR14483962	RNA-Seq	public	SRX10831261	Illumina NovaSeq 6000	ILLUMINA	SRS8915391	SAMN19102310	Homo sapiens	SRP319234	2021-05-13 00:00:00 UTC	PRJNA728722	531	1438	public	9606.0
SRR14483963	RNA-Seq	public	SRX10831261	Illumina NovaSeq 6000	ILLUMINA	SRS8915391	SAMN19102310	Homo sapiens	SRP319234	2021-05-13 00:00:00 UTC	PRJNA728722	542	1453	public	9606.0
SRR14483964	RNA-Seq	public	SRX10831261	Illumina NovaSeq 6000	ILLUMINA	SRS8915391	SAMN19102310	Homo sapiens	SRP319234	2021-05-13 00:00:00 UTC	PRJNA728722	541	1446	public	9606.0
SRR14483965	RNA-Seq	public	SRX10831261	Illumina NovaSeq 6000	ILLUMINA	SRS8915391	SAMN19102310	Homo sapiens	SRP319234	2021-05-13 00:00:00 UTC	PRJNA728722	540	1443	public	9606.0
SRR14483966	RNA-Seq	public	SRX10831262	Illumina NovaSeq 6000	ILLUMINA	SRS8915390	SAMN19102309	Homo sapiens	SRP319234	2021-05-13 00:00:00 UTC	PRJNA728722	699	1878	public	9606.0
SRR14483967	RNA-Seq	public	SRX10831262	Illumina NovaSeq 6000	ILLUMINA	SRS8915390	SAMN19102309	Homo sapiens	SRP319234	2021-05-13 00:00:00 UTC	PRJNA728722	704	1874	public	9606.0
SRR14483968	RNA-Seq	public	SRX10831262	Illumina NovaSeq 6000	ILLUMINA	SRS8915390	SAMN19102309	Homo sapiens	SRP319234	2021-05-13 00:00:00 UTC	PRJNA728722	697	1874	public	9606.0
SRR14483969	RNA-Seq	public	SRX10831262	Illumina NovaSeq 6000	ILLUMINA	SRS8915390	SAMN19102309	Homo sapiens	SRP319234	2021-05-13 00:00:00 UTC	PRJNA728722	689	1870	public	9606.0
SRR14483970	RNA-Seq	public	SRX10831262	Illumina NovaSeq 6000	ILLUMINA	SRS8915390	SAMN19102309	Homo sapiens	SRP319234	2021-05-13 00:00:00 UTC	PRJNA728722	666	1792	public	9606.0
SRR14483971	RNA-Seq	public	SRX10831262	Illumina NovaSeq 6000	ILLUMINA	SRS8915390	SAMN19102309	Homo sapiens	SRP319234	2021-05-13 00:00:00 UTC	PRJNA728722	231	629	public	9606.0
SRR14483972	RNA-Seq	public	SRX10831263	Illumina NovaSeq 6000	ILLUMINA	SRS8915392	SAMN19102308	Homo sapiens	SRP319234	2021-05-13 00:00:00 UTC	PRJNA728722	233	629	public	9606.0
SRR14483973	RNA-Seq	public	SRX10831263	Illumina NovaSeq 6000	ILLUMINA	SRS8915392	SAMN19102308	Homo sapiens	SRP319234	2021-05-13 00:00:00 UTC	PRJNA728722	230	627	public	9606.0
SRR14483974	RNA-Seq	public	SRX10831263	Illumina NovaSeq 6000	ILLUMINA	SRS8915392	SAMN19102308	Homo sapiens	SRP319234	2021-05-13 00:00:00 UTC	PRJNA728722	227	624	public	9606.0
SRR14483975	RNA-Seq	public	SRX10831263	Illumina NovaSeq 6000	ILLUMINA	SRS8915392	SAMN19102308	Homo sapiens	SRP319234	2021-05-13 00:00:00 UTC	PRJNA728722	219	596	public	9606.0
SRR14483976	RNA-Seq	public	SRX10831264	Illumina NovaSeq 6000	ILLUMINA	SRS8915393	SAMN19102307	Homo sapiens	SRP319234	2021-05-13 00:00:00 UTC	PRJNA728722	631	1671	public	9606.0
SRR14483977	RNA-Seq	public	SRX10831264	Illumina NovaSeq 6000	ILLUMINA	SRS8915393	SAMN19102307	Homo sapiens	SRP319234	2021-05-13 00:00:00 UTC	PRJNA728722	622	1695	public	9606.0
SRR14483978	RNA-Seq	public	SRX10831265	Illumina NovaSeq 6000	ILLUMINA	SRS8915394	SAMN19102306	Homo sapiens	SRP319234	2021-05-13 00:00:00 UTC	PRJNA728722	745	1988	public	9606.0
SRR14483979	RNA-Seq	public	SRX10831265	Illumina NovaSeq 6000	ILLUMINA	SRS8915394	SAMN19102306	Homo sapiens	SRP319234	2021-05-13 00:00:00 UTC	PRJNA728722	738	2027	public	9606.0
SRR14483980	RNA-Seq	public	SRX10831266	Illumina NovaSeq 6000	ILLUMINA	SRS8915395	SAMN19102305	Homo sapiens	SRP319234	2021-05-13 00:00:00 UTC	PRJNA728722	536	1406	public	9606.0
SRR14483981	RNA-Seq	public	SRX10831266	Illumina NovaSeq 6000	ILLUMINA	SRS8915395	SAMN19102305	Homo sapiens	SRP319234	2021-05-13 00:00:00 UTC	PRJNA728722	528	1429	public	9606.0
SRR14483982	RNA-Seq	public	SRX10831267	Illumina NovaSeq 6000	ILLUMINA	SRS8915396	SAMN19102304	Homo sapiens	SRP319234	2021-05-13 00:00:00 UTC	PRJNA728722	711	1882	public	9606.0
SRR14483983	RNA-Seq	public	SRX10831267	Illumina NovaSeq 6000	ILLUMINA	SRS8915396	SAMN19102304	Homo sapiens	SRP319234	2021-05-13 00:00:00 UTC	PRJNA728722	700	1910	public	9606.0
SRR15186797	AMPLICON	public	SRX11493766	Illumina HiSeq 2500	ILLUMINA	SRS9533155	SAMN20283499	bioreactor sludge metagenome	SRP328896	2021-07-19 00:00:00 UTC	PRJNA747260	21	69	public	412754.0
SRR15186798	AMPLICON	public	SRX11493765	Illumina HiSeq 2500	ILLUMINA	SRS9533155	SAMN20283499	bioreactor sludge metagenome	SRP328896	2021-07-19 00:00:00 UTC	PRJNA747260	22	69	public	412754.0
SRR15186799	AMPLICON	public	SRX11493764	Illumina HiSeq 2500	ILLUMINA	SRS9533155	SAMN20283499	bioreactor sludge metagenome	SRP328896	2021-07-19 00:00:00 UTC	PRJNA747260	17	51	public	412754.0
SRR15276305	WGS	public	SRX11581283	Illumina HiSeq 2000	ILLUMINA	SRS9614399	SAMN20394112	fish metagenome	SRP330161	2021-07-28 00:00:00 UTC	PRJNA748818	8	21	public	496924.0
SRR15276306	WGS	public	SRX11581282	Illumina HiSeq 2000	ILLUMINA	SRS9614398	SAMN20394111	fish metagenome	SRP330161	2021-07-28 00:00:00 UTC	PRJNA748818	10	25	public	496924.0
SRR15276307	WGS	public	SRX11581281	Illumina HiSeq 2000	ILLUMINA	SRS9614397	SAMN20394110	fish metagenome	SRP330161	2021-07-28 00:00:00 UTC	PRJNA748818	12	30	public	496924.0
SRR15276308	WGS	public	SRX11581280	Illumina HiSeq 2000	ILLUMINA	SRS9614396	SAMN20394109	fish metagenome	SRP330161	2021-07-28 00:00:00 UTC	PRJNA748818	12	33	public	496924.0
SRR15276309	WGS	public	SRX11581279	Illumina HiSeq 2000	ILLUMINA	SRS9614395	SAMN20394108	fish metagenome	SRP330161	2021-07-28 00:00:00 UTC	PRJNA748818	8	20	public	496924.0
SRR15276310	WGS	public	SRX11581278	Illumina HiSeq 2000	ILLUMINA	SRS9614394	SAMN20394107	fish metagenome	SRP330161	2021-07-28 00:00:00 UTC	PRJNA748818	12	30	public	496924.0
SRR15276311	WGS	public	SRX11581277	Illumina HiSeq 2000	ILLUMINA	SRS9614393	SAMN20394106	fish metagenome	SRP330161	2021-07-28 00:00:00 UTC	PRJNA748818	14	37	public	496924.0
SRR15276312	WGS	public	SRX11581276	Illumina HiSeq 2000	ILLUMINA	SRS9614392	SAMN20394105	fish metagenome	SRP330161	2021-07-28 00:00:00 UTC	PRJNA748818	10	26	public	496924.0
SRR15276313	WGS	public	SRX11581275	Illumina HiSeq 2000	ILLUMINA	SRS9614391	SAMN20394117	fish metagenome	SRP330161	2021-07-28 00:00:00 UTC	PRJNA748818	8	22	public	496924.0
SRR15276314	WGS	public	SRX11581274	Illumina HiSeq 2000	ILLUMINA	SRS9614390	SAMN20394116	fish metagenome	SRP330161	2021-07-28 00:00:00 UTC	PRJNA748818	10	26	public	496924.0
SRR15276316	WGS	public	SRX11581272	Illumina HiSeq 2000	ILLUMINA	SRS9614388	SAMN20394114	fish metagenome	SRP330161	2021-07-28 00:00:00 UTC	PRJNA748818	9	23	public	496924.0
SRR15276317	WGS	public	SRX11581271	Illumina HiSeq 2000	ILLUMINA	SRS9614387	SAMN20394113	fish metagenome	SRP330161	2021-07-28 00:00:00 UTC	PRJNA748818	12	30	public	496924.0
SRR15276318	WGS	public	SRX11581270	Illumina HiSeq 2000	ILLUMINA	SRS9614386	SAMN20394104	fish metagenome	SRP330161	2021-07-28 00:00:00 UTC	PRJNA748818	11	28	public	496924.0
SRR15276319	WGS	public	SRX11581269	Illumina HiSeq 2000	ILLUMINA	SRS9614385	SAMN20394103	fish metagenome	SRP330161	2021-07-28 00:00:00 UTC	PRJNA748818	31	81	public	496924.0
SRR15464298	WGS	public	SRX11763401	Illumina HiSeq 2000	ILLUMINA	SRS9614389	SAMN20394115	fish metagenome	SRP330161	2021-08-23 00:00:00 UTC	PRJNA748818	5	13	public	496924.0
SRR15496106	RNA-Seq	public	SRX11795814	Illumina NovaSeq 6000	ILLUMINA	SRS9795909	SAMN20803690	Apis mellifera	SRP332785	2021-10-15 00:00:00 UTC	PRJNA754836	905	2848	public	7460.0
SRR15496107	RNA-Seq	public	SRX11795813	Illumina NovaSeq 6000	ILLUMINA	SRS9795908	SAMN20803689	Apis mellifera	SRP332785	2021-10-15 00:00:00 UTC	PRJNA754836	882	2848	public	7460.0
SRR15496108	RNA-Seq	public	SRX11795812	Illumina NovaSeq 6000	ILLUMINA	SRS9795906	SAMN20803688	Apis mellifera	SRP332785	2021-10-15 00:00:00 UTC	PRJNA754836	1028	3273	public	7460.0
SRR15496109	RNA-Seq	public	SRX11795811	Illumina NovaSeq 6000	ILLUMINA	SRS9795905	SAMN20803687	Apis mellifera	SRP332785	2021-10-15 00:00:00 UTC	PRJNA754836	1014	3273	public	7460.0
SRR15496110	RNA-Seq	public	SRX11795810	Illumina NovaSeq 6000	ILLUMINA	SRS9795907	SAMN20803686	Apis mellifera	SRP332785	2021-10-15 00:00:00 UTC	PRJNA754836	804	2535	public	7460.0
SRR15496111	RNA-Seq	public	SRX11795809	Illumina NovaSeq 6000	ILLUMINA	SRS9795903	SAMN20803685	Apis mellifera	SRP332785	2021-10-15 00:00:00 UTC	PRJNA754836	789	2535	public	7460.0
SRR15496112	RNA-Seq	public	SRX11795808	Illumina NovaSeq 6000	ILLUMINA	SRS9795904	SAMN20803684	Apis mellifera	SRP332785	2021-10-15 00:00:00 UTC	PRJNA754836	1076	3398	public	7460.0
SRR15496113	RNA-Seq	public	SRX11795807	Illumina NovaSeq 6000	ILLUMINA	SRS9795902	SAMN20803683	Apis mellifera	SRP332785	2021-10-15 00:00:00 UTC	PRJNA754836	1060	3398	public	7460.0
SRR15496114	RNA-Seq	public	SRX11795806	Illumina NovaSeq 6000	ILLUMINA	SRS9795900	SAMN20803692	Apis mellifera	SRP332785	2021-10-15 00:00:00 UTC	PRJNA754836	977	3091	public	7460.0
SRR15496115	RNA-Seq	public	SRX11795805	Illumina NovaSeq 6000	ILLUMINA	SRS9795901	SAMN20803691	Apis mellifera	SRP332785	2021-10-15 00:00:00 UTC	PRJNA754836	957	3091	public	7460.0
SRR15496116	RNA-Seq	public	SRX11795804	Illumina NovaSeq 6000	ILLUMINA	SRS9795898	SAMN20803682	Apis mellifera	SRP332785	2021-10-15 00:00:00 UTC	PRJNA754836	895	2822	public	7460.0
SRR15496117	RNA-Seq	public	SRX11795803	Illumina NovaSeq 6000	ILLUMINA	SRS9795899	SAMN20803681	Apis mellifera	SRP332785	2021-10-15 00:00:00 UTC	PRJNA754836	877	2823	public	7460.0
SRR1565926	RNA-Seq	public	SRX692912	Illumina HiSeq 2000	ILLUMINA	SRS694613	SAMN03020276	Homo sapiens	SRP046226	2015-07-22 00:00:00 UTC	PRJNA260343	807	1158	public	9606.0
SRR1565927	RNA-Seq	public	SRX692913	Illumina HiSeq 2000	ILLUMINA	SRS694614	SAMN03020277	Homo sapiens	SRP046226	2015-07-22 00:00:00 UTC	PRJNA260343	805	1151	public	9606.0
SRR1565928	RNA-Seq	public	SRX692914	Illumina HiSeq 2000	ILLUMINA	SRS694615	SAMN03020278	Homo sapiens	SRP046226	2015-07-22 00:00:00 UTC	PRJNA260343	838	1198	public	9606.0
SRR1565929	RNA-Seq	public	SRX692915	Illumina HiSeq 2000	ILLUMINA	SRS694616	SAMN03020279	Homo sapiens	SRP046226	2015-07-22 00:00:00 UTC	PRJNA260343	863	1235	public	9606.0
SRR1565930	RNA-Seq	public	SRX692916	Illumina HiSeq 2000	ILLUMINA	SRS694617	SAMN03020280	Homo sapiens	SRP046226	2015-07-22 00:00:00 UTC	PRJNA260343	683	979	public	9606.0
SRR1565931	RNA-Seq	public	SRX692917	Illumina HiSeq 2000	ILLUMINA	SRS694618	SAMN03020281	Homo sapiens	SRP046226	2015-07-22 00:00:00 UTC	PRJNA260343	846	1202	public	9606.0
SRR1565932	RNA-Seq	public	SRX692918	Illumina HiSeq 2000	ILLUMINA	SRS694619	SAMN03020282	Homo sapiens	SRP046226	2015-07-22 00:00:00 UTC	PRJNA260343	830	1183	public	9606.0
SRR1565933	RNA-Seq	public	SRX692919	Illumina HiSeq 2000	ILLUMINA	SRS694620	SAMN03020283	Homo sapiens	SRP046226	2015-07-22 00:00:00 UTC	PRJNA260343	839	1200	public	9606.0
SRR1565934	RNA-Seq	public	SRX692920	Illumina HiSeq 2000	ILLUMINA	SRS694621	SAMN03020284	Homo sapiens	SRP046226	2015-07-22 00:00:00 UTC	PRJNA260343	815	1160	public	9606.0
SRR1565935	RNA-Seq	public	SRX692921	Illumina HiSeq 2000	ILLUMINA	SRS694622	SAMN03020285	Homo sapiens	SRP046226	2015-07-22 00:00:00 UTC	PRJNA260343	865	1243	public	9606.0
SRR1565936	RNA-Seq	public	SRX692922	Illumina HiSeq 2000	ILLUMINA	SRS694623	SAMN03020286	Homo sapiens	SRP046226	2015-07-22 00:00:00 UTC	PRJNA260343	845	1214	public	9606.0
SRR1565937	RNA-Seq	public	SRX692923	Illumina HiSeq 2000	ILLUMINA	SRS694624	SAMN03020287	Homo sapiens	SRP046226	2015-07-22 00:00:00 UTC	PRJNA260343	838	1198	public	9606.0
SRR1565938	RNA-Seq	public	SRX692924	Illumina HiSeq 2000	ILLUMINA	SRS694625	SAMN03020288	Homo sapiens	SRP046226	2015-07-22 00:00:00 UTC	PRJNA260343	850	1216	public	9606.0
SRR1565939	RNA-Seq	public	SRX692925	Illumina HiSeq 2000	ILLUMINA	SRS694626	SAMN03020289	Homo sapiens	SRP046226	2015-07-22 00:00:00 UTC	PRJNA260343	809	1159	public	9606.0
SRR1565940	RNA-Seq	public	SRX692926	Illumina HiSeq 2000	ILLUMINA	SRS694627	SAMN03020290	Homo sapiens	SRP046226	2015-07-22 00:00:00 UTC	PRJNA260343	848	1213	public	9606.0
SRR1565941	RNA-Seq	public	SRX692927	Illumina HiSeq 2000	ILLUMINA	SRS694628	SAMN03020291	Homo sapiens	SRP046226	2015-07-22 00:00:00 UTC	PRJNA260343	813	1164	public	9606.0
SRR1565942	RNA-Seq	public	SRX692928	Illumina HiSeq 2000	ILLUMINA	SRS694629	SAMN03020292	Homo sapiens	SRP046226	2015-07-22 00:00:00 UTC	PRJNA260343	861	1232	public	9606.0
SRR1565943	RNA-Seq	public	SRX692929	Illumina HiSeq 2000	ILLUMINA	SRS694630	SAMN03020293	Homo sapiens	SRP046226	2015-07-22 00:00:00 UTC	PRJNA260343	803	1152	public	9606.0
SRR1565944	RNA-Seq	public	SRX692930	Illumina HiSeq 2000	ILLUMINA	SRS694631	SAMN03020294	Homo sapiens	SRP046226	2015-07-22 00:00:00 UTC	PRJNA260343	809	1159	public	9606.0
SRR1565945	RNA-Seq	public	SRX692931	Illumina HiSeq 2000	ILLUMINA	SRS694632	SAMN03020295	Homo sapiens	SRP046226	2015-07-22 00:00:00 UTC	PRJNA260343	863	1241	public	9606.0
SRR1565946	RNA-Seq	public	SRX692932	Illumina HiSeq 2000	ILLUMINA	SRS694633	SAMN03020296	Homo sapiens	SRP046226	2015-07-22 00:00:00 UTC	PRJNA260343	845	1213	public	9606.0
SRR1565947	RNA-Seq	public	SRX692933	Illumina HiSeq 2000	ILLUMINA	SRS694634	SAMN03020297	Homo sapiens	SRP046226	2015-07-22 00:00:00 UTC	PRJNA260343	826	1184	public	9606.0
SRR1565948	RNA-Seq	public	SRX692934	Illumina HiSeq 2000	ILLUMINA	SRS694635	SAMN03020298	Homo sapiens	SRP046226	2015-07-22 00:00:00 UTC	PRJNA260343	830	1198	public	9606.0
SRR1565949	RNA-Seq	public	SRX692935	Illumina HiSeq 2000	ILLUMINA	SRS694636	SAMN03020299	Homo sapiens	SRP046226	2015-07-22 00:00:00 UTC	PRJNA260343	817	1170	public	9606.0
SRR15725013	WGS	public	SRX12020573	HiSeq X Ten	ILLUMINA	SRS10025449	SAMN21239145	Arachis hypogaea	SRP335759	2021-09-06 00:00:00 UTC	PRJNA760938	2410	6601	public	3818.0
SRR15725014	WGS	public	SRX12020572	HiSeq X Ten	ILLUMINA	SRS10025448	SAMN21239144	Arachis hypogaea	SRP335759	2021-09-06 00:00:00 UTC	PRJNA760938	3175	8616	public	3818.0
SRR15725015	WGS	public	SRX12020571	HiSeq X Ten	ILLUMINA	SRS10025447	SAMN21239143	Arachis hypogaea	SRP335759	2021-09-06 00:00:00 UTC	PRJNA760938	2878	7900	public	3818.0
SRR15725016	WGS	public	SRX12020570	HiSeq X Ten	ILLUMINA	SRS10025446	SAMN21239142	Arachis hypogaea	SRP335759	2021-09-06 00:00:00 UTC	PRJNA760938	2577	7065	public	3818.0
SRR15725017	WGS	public	SRX12020569	HiSeq X Ten	ILLUMINA	SRS10025445	SAMN21239141	Arachis hypogaea	SRP335759	2021-09-06 00:00:00 UTC	PRJNA760938	2571	6940	public	3818.0
SRR15725018	WGS	public	SRX12020568	HiSeq X Ten	ILLUMINA	SRS10025444	SAMN21239140	Arachis hypogaea	SRP335759	2021-09-06 00:00:00 UTC	PRJNA760938	3312	8825	public	3818.0
SRR15725019	WGS	public	SRX12020567	HiSeq X Ten	ILLUMINA	SRS10025443	SAMN21239139	Arachis hypogaea	SRP335759	2021-09-06 00:00:00 UTC	PRJNA760938	2753	7379	public	3818.0
SRR15725020	WGS	public	SRX12020566	HiSeq X Ten	ILLUMINA	SRS10025442	SAMN21239138	Arachis hypogaea	SRP335759	2021-09-06 00:00:00 UTC	PRJNA760938	2250	6079	public	3818.0
SRR15725021	WGS	public	SRX12020565	HiSeq X Ten	ILLUMINA	SRS10025441	SAMN21239137	Arachis hypogaea	SRP335759	2021-09-06 00:00:00 UTC	PRJNA760938	2878	7684	public	3818.0
SRR15725022	WGS	public	SRX12020564	HiSeq X Ten	ILLUMINA	SRS10025440	SAMN21239136	Arachis hypogaea	SRP335759	2021-09-06 00:00:00 UTC	PRJNA760938	2353	6334	public	3818.0
SRR15725023	WGS	public	SRX12020563	HiSeq X Ten	ILLUMINA	SRS10025439	SAMN21239055	Arachis hypogaea	SRP335759	2021-09-06 00:00:00 UTC	PRJNA760938	2680	7535	public	3818.0
SRR15725024	WGS	public	SRX12020562	HiSeq X Ten	ILLUMINA	SRS10025437	SAMN21239135	Arachis hypogaea	SRP335759	2021-09-06 00:00:00 UTC	PRJNA760938	2617	7079	public	3818.0
SRR15725025	WGS	public	SRX12020561	HiSeq X Ten	ILLUMINA	SRS10025438	SAMN21239134	Arachis hypogaea	SRP335759	2021-09-06 00:00:00 UTC	PRJNA760938	2601	6805	public	3818.0
SRR15725026	WGS	public	SRX12020560	HiSeq X Ten	ILLUMINA	SRS10025436	SAMN21239133	Arachis hypogaea	SRP335759	2021-09-06 00:00:00 UTC	PRJNA760938	2600	7018	public	3818.0
SRR15725027	WGS	public	SRX12020559	HiSeq X Ten	ILLUMINA	SRS10025435	SAMN21239132	Arachis hypogaea	SRP335759	2021-09-06 00:00:00 UTC	PRJNA760938	2883	7611	public	3818.0
SRR15725028	WGS	public	SRX12020558	HiSeq X Ten	ILLUMINA	SRS10025434	SAMN21239131	Arachis hypogaea	SRP335759	2021-09-06 00:00:00 UTC	PRJNA760938	2391	6403	public	3818.0
SRR15725029	WGS	public	SRX12020557	HiSeq X Ten	ILLUMINA	SRS10025432	SAMN21239130	Arachis hypogaea	SRP335759	2021-09-06 00:00:00 UTC	PRJNA760938	2806	7655	public	3818.0
SRR15725030	WGS	public	SRX12020556	HiSeq X Ten	ILLUMINA	SRS10025433	SAMN21239129	Arachis hypogaea	SRP335759	2021-09-06 00:00:00 UTC	PRJNA760938	2570	7015	public	3818.0
SRR15725031	WGS	public	SRX12020555	HiSeq X Ten	ILLUMINA	SRS10025431	SAMN21239128	Arachis hypogaea	SRP335759	2021-09-06 00:00:00 UTC	PRJNA760938	2254	6216	public	3818.0
SRR15725032	WGS	public	SRX12020554	HiSeq X Ten	ILLUMINA	SRS10025430	SAMN21239127	Arachis hypogaea	SRP335759	2021-09-06 00:00:00 UTC	PRJNA760938	3248	8948	public	3818.0
SRR15725033	WGS	public	SRX12020553	HiSeq X Ten	ILLUMINA	SRS10025428	SAMN21239126	Arachis hypogaea	SRP335759	2021-09-06 00:00:00 UTC	PRJNA760938	2475	6598	public	3818.0
SRR15725034	WGS	public	SRX12020552	HiSeq X Ten	ILLUMINA	SRS10025429	SAMN21239054	Arachis hypogaea	SRP335759	2021-09-06 00:00:00 UTC	PRJNA760938	4043	11369	public	3818.0
SRR15725035	WGS	public	SRX12020551	HiSeq X Ten	ILLUMINA	SRS10025427	SAMN21239125	Arachis hypogaea	SRP335759	2021-09-06 00:00:00 UTC	PRJNA760938	2505	6632	public	3818.0
SRR15725036	WGS	public	SRX12020550	HiSeq X Ten	ILLUMINA	SRS10025426	SAMN21239124	Arachis hypogaea	SRP335759	2021-09-06 00:00:00 UTC	PRJNA760938	2535	7109	public	3818.0
SRR15725037	WGS	public	SRX12020549	HiSeq X Ten	ILLUMINA	SRS10025425	SAMN21239123	Arachis hypogaea	SRP335759	2021-09-06 00:00:00 UTC	PRJNA760938	2291	6374	public	3818.0
SRR15725038	WGS	public	SRX12020548	HiSeq X Ten	ILLUMINA	SRS10025424	SAMN21239122	Arachis hypogaea	SRP335759	2021-09-06 00:00:00 UTC	PRJNA760938	2334	6206	public	3818.0
SRR15725039	WGS	public	SRX12020547	HiSeq X Ten	ILLUMINA	SRS10025423	SAMN21239121	Arachis hypogaea	SRP335759	2021-09-06 00:00:00 UTC	PRJNA760938	2811	7603	public	3818.0
SRR15725040	WGS	public	SRX12020546	HiSeq X Ten	ILLUMINA	SRS10025422	SAMN21239120	Arachis hypogaea	SRP335759	2021-09-06 00:00:00 UTC	PRJNA760938	2285	6287	public	3818.0
SRR15725041	WGS	public	SRX12020545	HiSeq X Ten	ILLUMINA	SRS10025421	SAMN21239119	Arachis hypogaea	SRP335759	2021-09-06 00:00:00 UTC	PRJNA760938	2566	6855	public	3818.0
SRR15725042	WGS	public	SRX12020544	HiSeq X Ten	ILLUMINA	SRS10025420	SAMN21239118	Arachis hypogaea	SRP335759	2021-09-06 00:00:00 UTC	PRJNA760938	2515	6922	public	3818.0
SRR15725043	WGS	public	SRX12020543	HiSeq X Ten	ILLUMINA	SRS10025419	SAMN21239117	Arachis hypogaea	SRP335759	2021-09-06 00:00:00 UTC	PRJNA760938	2367	6479	public	3818.0
SRR15725044	WGS	public	SRX12020542	HiSeq X Ten	ILLUMINA	SRS10025418	SAMN21239116	Arachis hypogaea	SRP335759	2021-09-06 00:00:00 UTC	PRJNA760938	2456	6589	public	3818.0
SRR15725045	WGS	public	SRX12020541	HiSeq X Ten	ILLUMINA	SRS10025417	SAMN21239053	Arachis hypogaea	SRP335759	2021-09-06 00:00:00 UTC	PRJNA760938	2964	8340	public	3818.0
SRR15725046	WGS	public	SRX12020540	HiSeq X Ten	ILLUMINA	SRS10025416	SAMN21239115	Arachis hypogaea	SRP335759	2021-09-06 00:00:00 UTC	PRJNA760938	6540	17125	public	3818.0
SRR15725047	WGS	public	SRX12020539	HiSeq X Ten	ILLUMINA	SRS10025415	SAMN21239114	Arachis hypogaea	SRP335759	2021-09-06 00:00:00 UTC	PRJNA760938	3049	8600	public	3818.0
SRR15725048	WGS	public	SRX12020538	HiSeq X Ten	ILLUMINA	SRS10025412	SAMN21239113	Arachis hypogaea	SRP335759	2021-09-06 00:00:00 UTC	PRJNA760938	2542	7077	public	3818.0
SRR15725049	WGS	public	SRX12020537	HiSeq X Ten	ILLUMINA	SRS10025414	SAMN21239112	Arachis hypogaea	SRP335759	2021-09-06 00:00:00 UTC	PRJNA760938	2460	6892	public	3818.0
SRR15725050	WGS	public	SRX12020536	HiSeq X Ten	ILLUMINA	SRS10025413	SAMN21239111	Arachis hypogaea	SRP335759	2021-09-06 00:00:00 UTC	PRJNA760938	2975	8033	public	3818.0
SRR15725051	WGS	public	SRX12020535	HiSeq X Ten	ILLUMINA	SRS10025411	SAMN21239110	Arachis hypogaea	SRP335759	2021-09-06 00:00:00 UTC	PRJNA760938	2369	6388	public	3818.0
SRR15725052	WGS	public	SRX12020534	HiSeq X Ten	ILLUMINA	SRS10025410	SAMN21239109	Arachis hypogaea	SRP335759	2021-09-06 00:00:00 UTC	PRJNA760938	3482	9181	public	3818.0
SRR15725053	WGS	public	SRX12020533	HiSeq X Ten	ILLUMINA	SRS10025408	SAMN21239108	Arachis hypogaea	SRP335759	2021-09-06 00:00:00 UTC	PRJNA760938	3191	8428	public	3818.0
SRR15725054	WGS	public	SRX12020532	HiSeq X Ten	ILLUMINA	SRS10025409	SAMN21239107	Arachis hypogaea	SRP335759	2021-09-06 00:00:00 UTC	PRJNA760938	2290	6098	public	3818.0
SRR15725055	WGS	public	SRX12020531	HiSeq X Ten	ILLUMINA	SRS10025407	SAMN21239106	Arachis hypogaea	SRP335759	2021-09-06 00:00:00 UTC	PRJNA760938	2748	7464	public	3818.0
SRR15725056	WGS	public	SRX12020530	HiSeq X Ten	ILLUMINA	SRS10025404	SAMN21239052	Arachis hypogaea	SRP335759	2021-09-06 00:00:00 UTC	PRJNA760938	2776	7863	public	3818.0
SRR15725057	WGS	public	SRX12020529	HiSeq X Ten	ILLUMINA	SRS10025406	SAMN21239105	Arachis hypogaea	SRP335759	2021-09-06 00:00:00 UTC	PRJNA760938	2579	6964	public	3818.0
SRR15725058	WGS	public	SRX12020528	HiSeq X Ten	ILLUMINA	SRS10025405	SAMN21239104	Arachis hypogaea	SRP335759	2021-09-06 00:00:00 UTC	PRJNA760938	3764	9537	public	3818.0
SRR15725059	WGS	public	SRX12020527	HiSeq X Ten	ILLUMINA	SRS10025402	SAMN21239103	Arachis hypogaea	SRP335759	2021-09-06 00:00:00 UTC	PRJNA760938	3378	9208	public	3818.0
SRR15725060	WGS	public	SRX12020526	HiSeq X Ten	ILLUMINA	SRS10025403	SAMN21239102	Arachis hypogaea	SRP335759	2021-09-06 00:00:00 UTC	PRJNA760938	2561	6986	public	3818.0
SRR15725061	WGS	public	SRX12020525	HiSeq X Ten	ILLUMINA	SRS10025401	SAMN21239101	Arachis hypogaea	SRP335759	2021-09-06 00:00:00 UTC	PRJNA760938	3609	9134	public	3818.0
SRR15725062	WGS	public	SRX12020524	HiSeq X Ten	ILLUMINA	SRS10025400	SAMN21239100	Arachis hypogaea	SRP335759	2021-09-06 00:00:00 UTC	PRJNA760938	6004	16074	public	3818.0
SRR15725063	WGS	public	SRX12020523	HiSeq X Ten	ILLUMINA	SRS10025399	SAMN21239099	Arachis hypogaea	SRP335759	2021-09-06 00:00:00 UTC	PRJNA760938	2458	6624	public	3818.0
SRR15725064	WGS	public	SRX12020522	HiSeq X Ten	ILLUMINA	SRS10025398	SAMN21239098	Arachis hypogaea	SRP335759	2021-09-06 00:00:00 UTC	PRJNA760938	3031	8092	public	3818.0
SRR15725065	WGS	public	SRX12020521	HiSeq X Ten	ILLUMINA	SRS10025397	SAMN21239097	Arachis hypogaea	SRP335759	2021-09-06 00:00:00 UTC	PRJNA760938	3728	9644	public	3818.0
SRR15725066	WGS	public	SRX12020520	HiSeq X Ten	ILLUMINA	SRS10025396	SAMN21239096	Arachis hypogaea	SRP335759	2021-09-06 00:00:00 UTC	PRJNA760938	3347	8455	public	3818.0
SRR15725067	WGS	public	SRX12020519	HiSeq X Ten	ILLUMINA	SRS10025395	SAMN21239051	Arachis hypogaea	SRP335759	2021-09-06 00:00:00 UTC	PRJNA760938	2253	6357	public	3818.0
SRR15725068	WGS	public	SRX12020518	HiSeq X Ten	ILLUMINA	SRS10025394	SAMN21239095	Arachis hypogaea	SRP335759	2021-09-06 00:00:00 UTC	PRJNA760938	2343	6311	public	3818.0
SRR15725069	WGS	public	SRX12020517	HiSeq X Ten	ILLUMINA	SRS10025393	SAMN21239094	Arachis hypogaea	SRP335759	2021-09-06 00:00:00 UTC	PRJNA760938	3690	9836	public	3818.0
SRR15725070	WGS	public	SRX12020516	HiSeq X Ten	ILLUMINA	SRS10025392	SAMN21239093	Arachis hypogaea	SRP335759	2021-09-06 00:00:00 UTC	PRJNA760938	3495	8908	public	3818.0
SRR15725071	WGS	public	SRX12020515	HiSeq X Ten	ILLUMINA	SRS10025391	SAMN21239092	Arachis hypogaea	SRP335759	2021-09-06 00:00:00 UTC	PRJNA760938	4032	10247	public	3818.0
SRR15725072	WGS	public	SRX12020514	HiSeq X Ten	ILLUMINA	SRS10025389	SAMN21239091	Arachis hypogaea	SRP335759	2021-09-06 00:00:00 UTC	PRJNA760938	3756	9428	public	3818.0
SRR15725073	WGS	public	SRX12020513	HiSeq X Ten	ILLUMINA	SRS10025388	SAMN21239090	Arachis hypogaea	SRP335759	2021-09-06 00:00:00 UTC	PRJNA760938	3554	9042	public	3818.0
SRR15725074	WGS	public	SRX12020512	HiSeq X Ten	ILLUMINA	SRS10025390	SAMN21239089	Arachis hypogaea	SRP335759	2021-09-06 00:00:00 UTC	PRJNA760938	3800	9565	public	3818.0
SRR15725075	WGS	public	SRX12020511	HiSeq X Ten	ILLUMINA	SRS10025387	SAMN21239088	Arachis hypogaea	SRP335759	2021-09-06 00:00:00 UTC	PRJNA760938	3329	8905	public	3818.0
SRR15725076	WGS	public	SRX12020510	HiSeq X Ten	ILLUMINA	SRS10025385	SAMN21239087	Arachis hypogaea	SRP335759	2021-09-06 00:00:00 UTC	PRJNA760938	3436	9358	public	3818.0
SRR15725077	WGS	public	SRX12020509	HiSeq X Ten	ILLUMINA	SRS10025386	SAMN21239086	Arachis hypogaea	SRP335759	2021-09-06 00:00:00 UTC	PRJNA760938	5934	16121	public	3818.0
SRR15725078	WGS	public	SRX12020508	HiSeq X Ten	ILLUMINA	SRS10025384	SAMN21239050	Arachis hypogaea	SRP335759	2021-09-06 00:00:00 UTC	PRJNA760938	2495	7072	public	3818.0
SRR15725079	WGS	public	SRX12020507	HiSeq X Ten	ILLUMINA	SRS10025382	SAMN21239085	Arachis hypogaea	SRP335759	2021-09-06 00:00:00 UTC	PRJNA760938	5658	15238	public	3818.0
SRR15725080	WGS	public	SRX12020506	HiSeq X Ten	ILLUMINA	SRS10025383	SAMN21239084	Arachis hypogaea	SRP335759	2021-09-06 00:00:00 UTC	PRJNA760938	2381	6383	public	3818.0
SRR15725081	WGS	public	SRX12020505	HiSeq X Ten	ILLUMINA	SRS10025381	SAMN21239083	Arachis hypogaea	SRP335759	2021-09-06 00:00:00 UTC	PRJNA760938	2612	6857	public	3818.0
SRR15725082	WGS	public	SRX12020504	HiSeq X Ten	ILLUMINA	SRS10025380	SAMN21239082	Arachis hypogaea	SRP335759	2021-09-06 00:00:00 UTC	PRJNA760938	2443	6370	public	3818.0
SRR15725083	WGS	public	SRX12020503	HiSeq X Ten	ILLUMINA	SRS10025378	SAMN21239081	Arachis hypogaea	SRP335759	2021-09-06 00:00:00 UTC	PRJNA760938	4970	13271	public	3818.0
SRR15725084	WGS	public	SRX12020502	HiSeq X Ten	ILLUMINA	SRS10025379	SAMN21239080	Arachis hypogaea	SRP335759	2021-09-06 00:00:00 UTC	PRJNA760938	2289	6180	public	3818.0
SRR15725085	WGS	public	SRX12020501	HiSeq X Ten	ILLUMINA	SRS10025377	SAMN21239079	Arachis hypogaea	SRP335759	2021-09-06 00:00:00 UTC	PRJNA760938	2634	6890	public	3818.0
SRR15725086	WGS	public	SRX12020500	HiSeq X Ten	ILLUMINA	SRS10025376	SAMN21239078	Arachis hypogaea	SRP335759	2021-09-06 00:00:00 UTC	PRJNA760938	2195	5761	public	3818.0
SRR15725087	WGS	public	SRX12020499	HiSeq X Ten	ILLUMINA	SRS10025374	SAMN21239077	Arachis hypogaea	SRP335759	2021-09-06 00:00:00 UTC	PRJNA760938	2587	7040	public	3818.0
SRR15725088	WGS	public	SRX12020498	HiSeq X Ten	ILLUMINA	SRS10025373	SAMN21239076	Arachis hypogaea	SRP335759	2021-09-06 00:00:00 UTC	PRJNA760938	2343	6130	public	3818.0
SRR15725089	WGS	public	SRX12020497	HiSeq X Ten	ILLUMINA	SRS10025375	SAMN21239049	Arachis hypogaea	SRP335759	2021-09-06 00:00:00 UTC	PRJNA760938	2684	7393	public	3818.0
SRR15725090	WGS	public	SRX12020496	HiSeq X Ten	ILLUMINA	SRS10025372	SAMN21239075	Arachis hypogaea	SRP335759	2021-09-06 00:00:00 UTC	PRJNA760938	2541	6791	public	3818.0
SRR15725091	WGS	public	SRX12020495	HiSeq X Ten	ILLUMINA	SRS10025371	SAMN21239074	Arachis hypogaea	SRP335759	2021-09-06 00:00:00 UTC	PRJNA760938	2335	6269	public	3818.0
SRR15725092	WGS	public	SRX12020494	HiSeq X Ten	ILLUMINA	SRS10025370	SAMN21239073	Arachis hypogaea	SRP335759	2021-09-06 00:00:00 UTC	PRJNA760938	2887	7471	public	3818.0
SRR15725093	WGS	public	SRX12020493	HiSeq X Ten	ILLUMINA	SRS10025369	SAMN21239072	Arachis hypogaea	SRP335759	2021-09-06 00:00:00 UTC	PRJNA760938	2434	6571	public	3818.0
SRR15725094	WGS	public	SRX12020492	HiSeq X Ten	ILLUMINA	SRS10025368	SAMN21239071	Arachis hypogaea	SRP335759	2021-09-06 00:00:00 UTC	PRJNA760938	2400	6385	public	3818.0
SRR15725095	WGS	public	SRX12020491	HiSeq X Ten	ILLUMINA	SRS10025366	SAMN21239070	Arachis hypogaea	SRP335759	2021-09-06 00:00:00 UTC	PRJNA760938	2577	6770	public	3818.0
SRR15725096	WGS	public	SRX12020490	HiSeq X Ten	ILLUMINA	SRS10025367	SAMN21239069	Arachis hypogaea	SRP335759	2021-09-06 00:00:00 UTC	PRJNA760938	2914	7813	public	3818.0
SRR15725097	WGS	public	SRX12020489	HiSeq X Ten	ILLUMINA	SRS10025365	SAMN21239068	Arachis hypogaea	SRP335759	2021-09-06 00:00:00 UTC	PRJNA760938	3688	9784	public	3818.0
SRR15725098	WGS	public	SRX12020488	HiSeq X Ten	ILLUMINA	SRS10025364	SAMN21239067	Arachis hypogaea	SRP335759	2021-09-06 00:00:00 UTC	PRJNA760938	3511	9387	public	3818.0
SRR15725099	WGS	public	SRX12020487	HiSeq X Ten	ILLUMINA	SRS10025363	SAMN21239247	Arachis hypogaea	SRP335759	2021-09-06 00:00:00 UTC	PRJNA760938	12182	31175	public	3818.0
SRR15725100	WGS	public	SRX12020486	HiSeq X Ten	ILLUMINA	SRS10025362	SAMN21239246	Arachis hypogaea	SRP335759	2021-09-06 00:00:00 UTC	PRJNA760938	13915	32324	public	3818.0
SRR15725101	WGS	public	SRX12020485	HiSeq X Ten	ILLUMINA	SRS10025361	SAMN21239066	Arachis hypogaea	SRP335759	2021-09-06 00:00:00 UTC	PRJNA760938	2561	6682	public	3818.0
SRR15725102	WGS	public	SRX12020484	HiSeq X Ten	ILLUMINA	SRS10025360	SAMN21239048	Arachis hypogaea	SRP335759	2021-09-06 00:00:00 UTC	PRJNA760938	2359	6632	public	3818.0
SRR15725103	WGS	public	SRX12020483	HiSeq X Ten	ILLUMINA	SRS10025359	SAMN21239245	Arachis hypogaea	SRP335759	2021-09-06 00:00:00 UTC	PRJNA760938	2249	6159	public	3818.0
SRR15725104	WGS	public	SRX12020482	HiSeq X Ten	ILLUMINA	SRS10025357	SAMN21239244	Arachis hypogaea	SRP335759	2021-09-06 00:00:00 UTC	PRJNA760938	2821	7678	public	3818.0
SRR15725105	WGS	public	SRX12020481	HiSeq X Ten	ILLUMINA	SRS10025358	SAMN21239243	Arachis hypogaea	SRP335759	2021-09-06 00:00:00 UTC	PRJNA760938	2674	7378	public	3818.0
SRR15725106	WGS	public	SRX12020480	HiSeq X Ten	ILLUMINA	SRS10025356	SAMN21239242	Arachis hypogaea	SRP335759	2021-09-06 00:00:00 UTC	PRJNA760938	2815	7623	public	3818.0
SRR15725107	WGS	public	SRX12020479	HiSeq X Ten	ILLUMINA	SRS10025354	SAMN21239241	Arachis hypogaea	SRP335759	2021-09-06 00:00:00 UTC	PRJNA760938	2635	7131	public	3818.0
SRR15725108	WGS	public	SRX12020478	HiSeq X Ten	ILLUMINA	SRS10025355	SAMN21239240	Arachis hypogaea	SRP335759	2021-09-06 00:00:00 UTC	PRJNA760938	2373	6471	public	3818.0
SRR15725109	WGS	public	SRX12020477	HiSeq X Ten	ILLUMINA	SRS10025353	SAMN21239239	Arachis hypogaea	SRP335759	2021-09-06 00:00:00 UTC	PRJNA760938	2451	6721	public	3818.0
SRR15725110	WGS	public	SRX12020476	HiSeq X Ten	ILLUMINA	SRS10025352	SAMN21239238	Arachis hypogaea	SRP335759	2021-09-06 00:00:00 UTC	PRJNA760938	2783	7603	public	3818.0
SRR15725111	WGS	public	SRX12020475	HiSeq X Ten	ILLUMINA	SRS10025351	SAMN21239237	Arachis hypogaea	SRP335759	2021-09-06 00:00:00 UTC	PRJNA760938	2651	7261	public	3818.0
SRR15725112	WGS	public	SRX12020474	HiSeq X Ten	ILLUMINA	SRS10025350	SAMN21239236	Arachis hypogaea	SRP335759	2021-09-06 00:00:00 UTC	PRJNA760938	2808	7725	public	3818.0
SRR15725113	WGS	public	SRX12020473	HiSeq X Ten	ILLUMINA	SRS10025349	SAMN21239065	Arachis hypogaea	SRP335759	2021-09-06 00:00:00 UTC	PRJNA760938	2455	6601	public	3818.0
SRR15725114	WGS	public	SRX12020472	HiSeq X Ten	ILLUMINA	SRS10025348	SAMN21239235	Arachis hypogaea	SRP335759	2021-09-06 00:00:00 UTC	PRJNA760938	2220	6101	public	3818.0
SRR15725115	WGS	public	SRX12020471	HiSeq X Ten	ILLUMINA	SRS10025347	SAMN21239234	Arachis hypogaea	SRP335759	2021-09-06 00:00:00 UTC	PRJNA760938	2607	7110	public	3818.0
SRR15725116	WGS	public	SRX12020470	HiSeq X Ten	ILLUMINA	SRS10025346	SAMN21239233	Arachis hypogaea	SRP335759	2021-09-06 00:00:00 UTC	PRJNA760938	3337	9198	public	3818.0
SRR15725117	WGS	public	SRX12020469	HiSeq X Ten	ILLUMINA	SRS10025345	SAMN21239232	Arachis hypogaea	SRP335759	2021-09-06 00:00:00 UTC	PRJNA760938	2789	7584	public	3818.0
SRR15725118	WGS	public	SRX12020468	HiSeq X Ten	ILLUMINA	SRS10025344	SAMN21239231	Arachis hypogaea	SRP335759	2021-09-06 00:00:00 UTC	PRJNA760938	2692	7341	public	3818.0
SRR15725119	WGS	public	SRX12020467	HiSeq X Ten	ILLUMINA	SRS10025343	SAMN21239230	Arachis hypogaea	SRP335759	2021-09-06 00:00:00 UTC	PRJNA760938	2279	6365	public	3818.0
SRR15725120	WGS	public	SRX12020466	HiSeq X Ten	ILLUMINA	SRS10025341	SAMN21239229	Arachis hypogaea	SRP335759	2021-09-06 00:00:00 UTC	PRJNA760938	2361	6452	public	3818.0
SRR15725121	WGS	public	SRX12020465	HiSeq X Ten	ILLUMINA	SRS10025340	SAMN21239228	Arachis hypogaea	SRP335759	2021-09-06 00:00:00 UTC	PRJNA760938	2589	6973	public	3818.0
SRR15725122	WGS	public	SRX12020464	HiSeq X Ten	ILLUMINA	SRS10025342	SAMN21239227	Arachis hypogaea	SRP335759	2021-09-06 00:00:00 UTC	PRJNA760938	2274	6163	public	3818.0
SRR15725123	WGS	public	SRX12020463	HiSeq X Ten	ILLUMINA	SRS10025339	SAMN21239226	Arachis hypogaea	SRP335759	2021-09-06 00:00:00 UTC	PRJNA760938	2360	6620	public	3818.0
SRR15725124	WGS	public	SRX12020462	HiSeq X Ten	ILLUMINA	SRS10025338	SAMN21239064	Arachis hypogaea	SRP335759	2021-09-06 00:00:00 UTC	PRJNA760938	2709	7071	public	3818.0
SRR15725125	WGS	public	SRX12020461	HiSeq X Ten	ILLUMINA	SRS10025337	SAMN21239225	Arachis hypogaea	SRP335759	2021-09-06 00:00:00 UTC	PRJNA760938	2289	6336	public	3818.0
SRR15725126	WGS	public	SRX12020460	HiSeq X Ten	ILLUMINA	SRS10025336	SAMN21239224	Arachis hypogaea	SRP335759	2021-09-06 00:00:00 UTC	PRJNA760938	2656	7229	public	3818.0
SRR15725127	WGS	public	SRX12020459	HiSeq X Ten	ILLUMINA	SRS10025335	SAMN21239223	Arachis hypogaea	SRP335759	2021-09-06 00:00:00 UTC	PRJNA760938	2805	7768	public	3818.0
SRR15725128	WGS	public	SRX12020458	HiSeq X Ten	ILLUMINA	SRS10025334	SAMN21239222	Arachis hypogaea	SRP335759	2021-09-06 00:00:00 UTC	PRJNA760938	2413	6680	public	3818.0
SRR15725129	WGS	public	SRX12020457	HiSeq X Ten	ILLUMINA	SRS10025332	SAMN21239221	Arachis hypogaea	SRP335759	2021-09-06 00:00:00 UTC	PRJNA760938	2781	7682	public	3818.0
SRR15725130	WGS	public	SRX12020456	HiSeq X Ten	ILLUMINA	SRS10025333	SAMN21239220	Arachis hypogaea	SRP335759	2021-09-06 00:00:00 UTC	PRJNA760938	2664	7407	public	3818.0
SRR15725131	WGS	public	SRX12020455	HiSeq X Ten	ILLUMINA	SRS10025331	SAMN21239219	Arachis hypogaea	SRP335759	2021-09-06 00:00:00 UTC	PRJNA760938	2185	5920	public	3818.0
SRR15725132	WGS	public	SRX12020454	HiSeq X Ten	ILLUMINA	SRS10025330	SAMN21239218	Arachis hypogaea	SRP335759	2021-09-06 00:00:00 UTC	PRJNA760938	2221	6130	public	3818.0
SRR15725133	WGS	public	SRX12020453	HiSeq X Ten	ILLUMINA	SRS10025329	SAMN21239217	Arachis hypogaea	SRP335759	2021-09-06 00:00:00 UTC	PRJNA760938	2608	7381	public	3818.0
SRR15725134	WGS	public	SRX12020452	HiSeq X Ten	ILLUMINA	SRS10025328	SAMN21239216	Arachis hypogaea	SRP335759	2021-09-06 00:00:00 UTC	PRJNA760938	2380	6461	public	3818.0
SRR15725135	WGS	public	SRX12020451	HiSeq X Ten	ILLUMINA	SRS10025327	SAMN21239063	Arachis hypogaea	SRP335759	2021-09-06 00:00:00 UTC	PRJNA760938	2774	7309	public	3818.0
SRR15725136	WGS	public	SRX12020450	HiSeq X Ten	ILLUMINA	SRS10025326	SAMN21239215	Arachis hypogaea	SRP335759	2021-09-06 00:00:00 UTC	PRJNA760938	2304	6363	public	3818.0
SRR15725137	WGS	public	SRX12020449	HiSeq X Ten	ILLUMINA	SRS10025325	SAMN21239214	Arachis hypogaea	SRP335759	2021-09-06 00:00:00 UTC	PRJNA760938	4403	12654	public	3818.0
SRR15725138	WGS	public	SRX12020448	HiSeq X Ten	ILLUMINA	SRS10025324	SAMN21239213	Arachis hypogaea	SRP335759	2021-09-06 00:00:00 UTC	PRJNA760938	4363	12475	public	3818.0
SRR15725139	WGS	public	SRX12020447	HiSeq X Ten	ILLUMINA	SRS10025322	SAMN21239212	Arachis hypogaea	SRP335759	2021-09-06 00:00:00 UTC	PRJNA760938	2179	6089	public	3818.0
SRR15725140	WGS	public	SRX12020446	HiSeq X Ten	ILLUMINA	SRS10025323	SAMN21239211	Arachis hypogaea	SRP335759	2021-09-06 00:00:00 UTC	PRJNA760938	2220	6169	public	3818.0
SRR15725141	WGS	public	SRX12020445	HiSeq X Ten	ILLUMINA	SRS10025321	SAMN21239210	Arachis hypogaea	SRP335759	2021-09-06 00:00:00 UTC	PRJNA760938	2635	7414	public	3818.0
SRR15725142	WGS	public	SRX12020444	HiSeq X Ten	ILLUMINA	SRS10025320	SAMN21239209	Arachis hypogaea	SRP335759	2021-09-06 00:00:00 UTC	PRJNA760938	2484	6985	public	3818.0
SRR15725143	WGS	public	SRX12020443	HiSeq X Ten	ILLUMINA	SRS10025318	SAMN21239208	Arachis hypogaea	SRP335759	2021-09-06 00:00:00 UTC	PRJNA760938	2713	7668	public	3818.0
SRR15725144	WGS	public	SRX12020442	HiSeq X Ten	ILLUMINA	SRS10025319	SAMN21239207	Arachis hypogaea	SRP335759	2021-09-06 00:00:00 UTC	PRJNA760938	2606	7434	public	3818.0
SRR15725145	WGS	public	SRX12020441	HiSeq X Ten	ILLUMINA	SRS10025317	SAMN21239206	Arachis hypogaea	SRP335759	2021-09-06 00:00:00 UTC	PRJNA760938	2836	7795	public	3818.0
SRR15725146	WGS	public	SRX12020440	HiSeq X Ten	ILLUMINA	SRS10025316	SAMN21239062	Arachis hypogaea	SRP335759	2021-09-06 00:00:00 UTC	PRJNA760938	2821	7631	public	3818.0
SRR15725147	WGS	public	SRX12020439	HiSeq X Ten	ILLUMINA	SRS10025315	SAMN21239205	Arachis hypogaea	SRP335759	2021-09-06 00:00:00 UTC	PRJNA760938	6547	18212	public	3818.0
SRR15725148	WGS	public	SRX12020438	HiSeq X Ten	ILLUMINA	SRS10025314	SAMN21239204	Arachis hypogaea	SRP335759	2021-09-06 00:00:00 UTC	PRJNA760938	2827	7685	public	3818.0
SRR15725149	WGS	public	SRX12020437	HiSeq X Ten	ILLUMINA	SRS10025313	SAMN21239203	Arachis hypogaea	SRP335759	2021-09-06 00:00:00 UTC	PRJNA760938	2405	6514	public	3818.0
SRR15725150	WGS	public	SRX12020436	HiSeq X Ten	ILLUMINA	SRS10025312	SAMN21239202	Arachis hypogaea	SRP335759	2021-09-06 00:00:00 UTC	PRJNA760938	2774	7551	public	3818.0
SRR15725151	WGS	public	SRX12020435	HiSeq X Ten	ILLUMINA	SRS10025311	SAMN21239201	Arachis hypogaea	SRP335759	2021-09-06 00:00:00 UTC	PRJNA760938	2991	8096	public	3818.0
SRR15725152	WGS	public	SRX12020434	HiSeq X Ten	ILLUMINA	SRS10025310	SAMN21239200	Arachis hypogaea	SRP335759	2021-09-06 00:00:00 UTC	PRJNA760938	2617	6856	public	3818.0
SRR15725153	WGS	public	SRX12020433	HiSeq X Ten	ILLUMINA	SRS10025309	SAMN21239199	Arachis hypogaea	SRP335759	2021-09-06 00:00:00 UTC	PRJNA760938	2363	6408	public	3818.0
SRR15725154	WGS	public	SRX12020432	HiSeq X Ten	ILLUMINA	SRS10025308	SAMN21239198	Arachis hypogaea	SRP335759	2021-09-06 00:00:00 UTC	PRJNA760938	2763	7647	public	3818.0
SRR15725155	WGS	public	SRX12020431	HiSeq X Ten	ILLUMINA	SRS10025307	SAMN21239197	Arachis hypogaea	SRP335759	2021-09-06 00:00:00 UTC	PRJNA760938	2776	7605	public	3818.0
SRR15725156	WGS	public	SRX12020430	HiSeq X Ten	ILLUMINA	SRS10025306	SAMN21239196	Arachis hypogaea	SRP335759	2021-09-06 00:00:00 UTC	PRJNA760938	5255	14461	public	3818.0
SRR15725157	WGS	public	SRX12020429	HiSeq X Ten	ILLUMINA	SRS10025305	SAMN21239061	Arachis hypogaea	SRP335759	2021-09-06 00:00:00 UTC	PRJNA760938	2620	6855	public	3818.0
SRR15725158	WGS	public	SRX12020428	HiSeq X Ten	ILLUMINA	SRS10025304	SAMN21239195	Arachis hypogaea	SRP335759	2021-09-06 00:00:00 UTC	PRJNA760938	2182	6057	public	3818.0
SRR15725159	WGS	public	SRX12020427	HiSeq X Ten	ILLUMINA	SRS10025303	SAMN21239194	Arachis hypogaea	SRP335759	2021-09-06 00:00:00 UTC	PRJNA760938	2894	7839	public	3818.0
SRR15725160	WGS	public	SRX12020426	HiSeq X Ten	ILLUMINA	SRS10025302	SAMN21239193	Arachis hypogaea	SRP335759	2021-09-06 00:00:00 UTC	PRJNA760938	2162	6212	public	3818.0
SRR15725161	WGS	public	SRX12020425	HiSeq X Ten	ILLUMINA	SRS10025300	SAMN21239192	Arachis hypogaea	SRP335759	2021-09-06 00:00:00 UTC	PRJNA760938	2919	8039	public	3818.0
SRR15725162	WGS	public	SRX12020424	HiSeq X Ten	ILLUMINA	SRS10025301	SAMN21239191	Arachis hypogaea	SRP335759	2021-09-06 00:00:00 UTC	PRJNA760938	2652	7213	public	3818.0
SRR15725163	WGS	public	SRX12020423	HiSeq X Ten	ILLUMINA	SRS10025299	SAMN21239190	Arachis hypogaea	SRP335759	2021-09-06 00:00:00 UTC	PRJNA760938	3968	10927	public	3818.0
SRR15725164	WGS	public	SRX12020422	HiSeq X Ten	ILLUMINA	SRS10025298	SAMN21239189	Arachis hypogaea	SRP335759	2021-09-06 00:00:00 UTC	PRJNA760938	2908	8024	public	3818.0
SRR15725165	WGS	public	SRX12020421	HiSeq X Ten	ILLUMINA	SRS10025297	SAMN21239188	Arachis hypogaea	SRP335759	2021-09-06 00:00:00 UTC	PRJNA760938	2746	7454	public	3818.0
SRR15725166	WGS	public	SRX12020420	HiSeq X Ten	ILLUMINA	SRS10025296	SAMN21239187	Arachis hypogaea	SRP335759	2021-09-06 00:00:00 UTC	PRJNA760938	2693	7231	public	3818.0
SRR15725167	WGS	public	SRX12020419	HiSeq X Ten	ILLUMINA	SRS10025295	SAMN21239186	Arachis hypogaea	SRP335759	2021-09-06 00:00:00 UTC	PRJNA760938	2771	7617	public	3818.0
SRR15725168	WGS	public	SRX12020418	HiSeq X Ten	ILLUMINA	SRS10025294	SAMN21239060	Arachis hypogaea	SRP335759	2021-09-06 00:00:00 UTC	PRJNA760938	2764	7288	public	3818.0
SRR15725169	WGS	public	SRX12020417	HiSeq X Ten	ILLUMINA	SRS10025293	SAMN21239185	Arachis hypogaea	SRP335759	2021-09-06 00:00:00 UTC	PRJNA760938	2756	7466	public	3818.0
SRR15725170	WGS	public	SRX12020416	HiSeq X Ten	ILLUMINA	SRS10025292	SAMN21239184	Arachis hypogaea	SRP335759	2021-09-06 00:00:00 UTC	PRJNA760938	5507	15311	public	3818.0
SRR15725171	WGS	public	SRX12020415	HiSeq X Ten	ILLUMINA	SRS10025290	SAMN21239183	Arachis hypogaea	SRP335759	2021-09-06 00:00:00 UTC	PRJNA760938	3355	9295	public	3818.0
SRR15725172	WGS	public	SRX12020414	HiSeq X Ten	ILLUMINA	SRS10025291	SAMN21239182	Arachis hypogaea	SRP335759	2021-09-06 00:00:00 UTC	PRJNA760938	2764	7627	public	3818.0
SRR15725173	WGS	public	SRX12020413	HiSeq X Ten	ILLUMINA	SRS10025289	SAMN21239181	Arachis hypogaea	SRP335759	2021-09-06 00:00:00 UTC	PRJNA760938	2890	7910	public	3818.0
SRR15725174	WGS	public	SRX12020412	HiSeq X Ten	ILLUMINA	SRS10025288	SAMN21239180	Arachis hypogaea	SRP335759	2021-09-06 00:00:00 UTC	PRJNA760938	2280	6416	public	3818.0
SRR15725175	WGS	public	SRX12020411	HiSeq X Ten	ILLUMINA	SRS10025287	SAMN21239179	Arachis hypogaea	SRP335759	2021-09-06 00:00:00 UTC	PRJNA760938	2653	7246	public	3818.0
SRR15725176	WGS	public	SRX12020410	HiSeq X Ten	ILLUMINA	SRS10025285	SAMN21239178	Arachis hypogaea	SRP335759	2021-09-06 00:00:00 UTC	PRJNA760938	2990	8060	public	3818.0
SRR15725177	WGS	public	SRX12020409	HiSeq X Ten	ILLUMINA	SRS10025286	SAMN21239177	Arachis hypogaea	SRP335759	2021-09-06 00:00:00 UTC	PRJNA760938	3577	9915	public	3818.0
SRR15725178	WGS	public	SRX12020408	HiSeq X Ten	ILLUMINA	SRS10025284	SAMN21239176	Arachis hypogaea	SRP335759	2021-09-06 00:00:00 UTC	PRJNA760938	2257	6180	public	3818.0
SRR15725179	WGS	public	SRX12020407	HiSeq X Ten	ILLUMINA	SRS10025283	SAMN21239059	Arachis hypogaea	SRP335759	2021-09-06 00:00:00 UTC	PRJNA760938	2742	7113	public	3818.0
SRR15725180	WGS	public	SRX12020406	HiSeq X Ten	ILLUMINA	SRS10025282	SAMN21239175	Arachis hypogaea	SRP335759	2021-09-06 00:00:00 UTC	PRJNA760938	2447	6460	public	3818.0
SRR15725181	WGS	public	SRX12020405	HiSeq X Ten	ILLUMINA	SRS10025281	SAMN21239174	Arachis hypogaea	SRP335759	2021-09-06 00:00:00 UTC	PRJNA760938	1932	5056	public	3818.0
SRR15725182	WGS	public	SRX12020404	HiSeq X Ten	ILLUMINA	SRS10025280	SAMN21239173	Arachis hypogaea	SRP335759	2021-09-06 00:00:00 UTC	PRJNA760938	2515	6571	public	3818.0
SRR15725183	WGS	public	SRX12020403	HiSeq X Ten	ILLUMINA	SRS10025277	SAMN21239172	Arachis hypogaea	SRP335759	2021-09-06 00:00:00 UTC	PRJNA760938	2500	6500	public	3818.0
SRR15725184	WGS	public	SRX12020402	HiSeq X Ten	ILLUMINA	SRS10025278	SAMN21239171	Arachis hypogaea	SRP335759	2021-09-06 00:00:00 UTC	PRJNA760938	2698	7004	public	3818.0
SRR15725185	WGS	public	SRX12020401	HiSeq X Ten	ILLUMINA	SRS10025279	SAMN21239170	Arachis hypogaea	SRP335759	2021-09-06 00:00:00 UTC	PRJNA760938	2525	6402	public	3818.0
SRR15725186	WGS	public	SRX12020400	HiSeq X Ten	ILLUMINA	SRS10025276	SAMN21239169	Arachis hypogaea	SRP335759	2021-09-06 00:00:00 UTC	PRJNA760938	2807	7301	public	3818.0
SRR15725187	WGS	public	SRX12020399	HiSeq X Ten	ILLUMINA	SRS10025275	SAMN21239168	Arachis hypogaea	SRP335759	2021-09-06 00:00:00 UTC	PRJNA760938	2627	6910	public	3818.0
SRR15725188	WGS	public	SRX12020398	HiSeq X Ten	ILLUMINA	SRS10025274	SAMN21239167	Arachis hypogaea	SRP335759	2021-09-06 00:00:00 UTC	PRJNA760938	2687	7116	public	3818.0
SRR15725189	WGS	public	SRX12020397	HiSeq X Ten	ILLUMINA	SRS10025273	SAMN21239166	Arachis hypogaea	SRP335759	2021-09-06 00:00:00 UTC	PRJNA760938	2578	6530	public	3818.0
SRR15725190	WGS	public	SRX12020396	HiSeq X Ten	ILLUMINA	SRS10025272	SAMN21239058	Arachis hypogaea	SRP335759	2021-09-06 00:00:00 UTC	PRJNA760938	2719	7068	public	3818.0
SRR15725191	WGS	public	SRX12020395	HiSeq X Ten	ILLUMINA	SRS10025271	SAMN21239165	Arachis hypogaea	SRP335759	2021-09-06 00:00:00 UTC	PRJNA760938	2511	6538	public	3818.0
SRR15725192	WGS	public	SRX12020394	HiSeq X Ten	ILLUMINA	SRS10025270	SAMN21239164	Arachis hypogaea	SRP335759	2021-09-06 00:00:00 UTC	PRJNA760938	2789	7259	public	3818.0
SRR15725193	WGS	public	SRX12020393	HiSeq X Ten	ILLUMINA	SRS10025268	SAMN21239163	Arachis hypogaea	SRP335759	2021-09-06 00:00:00 UTC	PRJNA760938	2709	7221	public	3818.0
SRR15725194	WGS	public	SRX12020392	HiSeq X Ten	ILLUMINA	SRS10025269	SAMN21239162	Arachis hypogaea	SRP335759	2021-09-06 00:00:00 UTC	PRJNA760938	2413	6441	public	3818.0
SRR15725195	WGS	public	SRX12020391	HiSeq X Ten	ILLUMINA	SRS10025267	SAMN21239161	Arachis hypogaea	SRP335759	2021-09-06 00:00:00 UTC	PRJNA760938	2449	6669	public	3818.0
SRR15725196	WGS	public	SRX12020390	HiSeq X Ten	ILLUMINA	SRS10025266	SAMN21239160	Arachis hypogaea	SRP335759	2021-09-06 00:00:00 UTC	PRJNA760938	2640	7180	public	3818.0
SRR15725197	WGS	public	SRX12020389	HiSeq X Ten	ILLUMINA	SRS10025265	SAMN21239159	Arachis hypogaea	SRP335759	2021-09-06 00:00:00 UTC	PRJNA760938	2350	6473	public	3818.0
SRR15725198	WGS	public	SRX12020388	HiSeq X Ten	ILLUMINA	SRS10025264	SAMN21239158	Arachis hypogaea	SRP335759	2021-09-06 00:00:00 UTC	PRJNA760938	2611	6994	public	3818.0
SRR15725199	WGS	public	SRX12020387	HiSeq X Ten	ILLUMINA	SRS10025263	SAMN21239157	Arachis hypogaea	SRP335759	2021-09-06 00:00:00 UTC	PRJNA760938	2694	7204	public	3818.0
SRR15725200	WGS	public	SRX12020386	HiSeq X Ten	ILLUMINA	SRS10025262	SAMN21239156	Arachis hypogaea	SRP335759	2021-09-06 00:00:00 UTC	PRJNA760938	2515	6642	public	3818.0
SRR15725201	WGS	public	SRX12020385	HiSeq X Ten	ILLUMINA	SRS10025261	SAMN21239057	Arachis hypogaea	SRP335759	2021-09-06 00:00:00 UTC	PRJNA760938	2810	7920	public	3818.0
SRR15725202	WGS	public	SRX12020384	HiSeq X Ten	ILLUMINA	SRS10025260	SAMN21239155	Arachis hypogaea	SRP335759	2021-09-06 00:00:00 UTC	PRJNA760938	2993	8086	public	3818.0
SRR15725203	WGS	public	SRX12020383	HiSeq X Ten	ILLUMINA	SRS10025259	SAMN21239154	Arachis hypogaea	SRP335759	2021-09-06 00:00:00 UTC	PRJNA760938	2477	6607	public	3818.0
SRR15725204	WGS	public	SRX12020382	HiSeq X Ten	ILLUMINA	SRS10025258	SAMN21239153	Arachis hypogaea	SRP335759	2021-09-06 00:00:00 UTC	PRJNA760938	2395	6444	public	3818.0
SRR15725205	WGS	public	SRX12020381	HiSeq X Ten	ILLUMINA	SRS10025257	SAMN21239152	Arachis hypogaea	SRP335759	2021-09-06 00:00:00 UTC	PRJNA760938	3107	8376	public	3818.0
SRR15725206	WGS	public	SRX12020380	HiSeq X Ten	ILLUMINA	SRS10025256	SAMN21239151	Arachis hypogaea	SRP335759	2021-09-06 00:00:00 UTC	PRJNA760938	2406	6490	public	3818.0
SRR15725207	WGS	public	SRX12020379	HiSeq X Ten	ILLUMINA	SRS10025255	SAMN21239150	Arachis hypogaea	SRP335759	2021-09-06 00:00:00 UTC	PRJNA760938	2511	6724	public	3818.0
SRR15725208	WGS	public	SRX12020378	HiSeq X Ten	ILLUMINA	SRS10025254	SAMN21239149	Arachis hypogaea	SRP335759	2021-09-06 00:00:00 UTC	PRJNA760938	2473	6668	public	3818.0
SRR15725209	WGS	public	SRX12020377	HiSeq X Ten	ILLUMINA	SRS10025252	SAMN21239148	Arachis hypogaea	SRP335759	2021-09-06 00:00:00 UTC	PRJNA760938	3283	9067	public	3818.0
SRR15725210	WGS	public	SRX12020376	HiSeq X Ten	ILLUMINA	SRS10025250	SAMN21239147	Arachis hypogaea	SRP335759	2021-09-06 00:00:00 UTC	PRJNA760938	3318	9118	public	3818.0
SRR15725211	WGS	public	SRX12020375	HiSeq X Ten	ILLUMINA	SRS10025253	SAMN21239146	Arachis hypogaea	SRP335759	2021-09-06 00:00:00 UTC	PRJNA760938	2361	6493	public	3818.0
SRR15725212	WGS	public	SRX12020374	HiSeq X Ten	ILLUMINA	SRS10025251	SAMN21239056	Arachis hypogaea	SRP335759	2021-09-06 00:00:00 UTC	PRJNA760938	2451	6880	public	3818.0
SRR15725213	WGS	public	SRX12020373	HiSeq X Ten	ILLUMINA	SRS10025248	SAMN21239047	Arachis hypogaea	SRP335759	2021-09-06 00:00:00 UTC	PRJNA760938	2327	6425	public	3818.0
SRR15725214	WGS	public	SRX12020372	HiSeq X Ten	ILLUMINA	SRS10025249	SAMN21239046	Arachis hypogaea	SRP335759	2021-09-06 00:00:00 UTC	PRJNA760938	2584	7323	public	3818.0
SRR16115047	RNA-Seq	public	SRX12400622	HiSeq X Five	ILLUMINA	SRS10370136	SAMN21895615	Halichoanolaimus dolichurus	SRP339265	2021-11-09 00:00:00 UTC	PRJNA767273	6826	16721	public	373650.0
SRR16474177	RNA-Seq	public	SRX12677534	Illumina NovaSeq 6000	ILLUMINA	SRS10629100	SAMN22357452	Alosa sapidissima	SRP341970	2021-10-25 00:00:00 UTC	PRJNA754091	1615	5428	public	34773.0
SRR16474180	RNA-Seq	public	SRX12677533	Illumina NovaSeq 6000	ILLUMINA	SRS10629100	SAMN22357452	Alosa sapidissima	SRP341970	2021-10-25 00:00:00 UTC	PRJNA754091	2747	9341	public	34773.0
SRR1652362	AMPLICON	public	SRX759532	454 GS FLX Titanium	LS454	SRS805883	SAMN03178116	terrestrial metagenome	SRP049788	2014-12-08 00:00:00 UTC	PRJNA267166	20	36	public	1348798.0
SRR1652365	AMPLICON	public	SRX759532	454 GS FLX Titanium	LS454	SRS805883	SAMN03178116	terrestrial metagenome	SRP049788	2014-12-08 00:00:00 UTC	PRJNA267166	10	17	public	1348798.0
SRR1652379	AMPLICON	public	SRX759532	454 GS FLX Titanium	LS454	SRS805883	SAMN03178116	terrestrial metagenome	SRP049788	2017-10-13 00:00:00 UTC	PRJNA267166	36	51	public	1348798.0
SRR16885240	RNA-Seq	public	SRX13078047	Illumina NovaSeq 6000	ILLUMINA	SRS11044081	SAMN22943023	Phoebe zhennan	SRP345177	2021-11-11 00:00:00 UTC	PRJNA778346	2274	7758	public	943101.0
SRR16885241	RNA-Seq	public	SRX13078046	Illumina NovaSeq 6000	ILLUMINA	SRS11044079	SAMN22943022	Phoebe zhennan	SRP345177	2021-11-11 00:00:00 UTC	PRJNA778346	1990	6773	public	943101.0
SRR16885242	RNA-Seq	public	SRX13078045	Illumina NovaSeq 6000	ILLUMINA	SRS11044080	SAMN22943021	Phoebe zhennan	SRP345177	2021-11-11 00:00:00 UTC	PRJNA778346	2158	7349	public	943101.0
SRR16885243	RNA-Seq	public	SRX13078044	Illumina NovaSeq 6000	ILLUMINA	SRS11044077	SAMN22943020	Phoebe zhennan	SRP345177	2021-11-11 00:00:00 UTC	PRJNA778346	1883	6411	public	943101.0
SRR16885244	RNA-Seq	public	SRX13078043	Illumina NovaSeq 6000	ILLUMINA	SRS11044078	SAMN22943019	Phoebe zhennan	SRP345177	2021-11-11 00:00:00 UTC	PRJNA778346	1893	6538	public	943101.0
SRR16885245	RNA-Seq	public	SRX13078042	Illumina NovaSeq 6000	ILLUMINA	SRS11044076	SAMN22943018	Phoebe zhennan	SRP345177	2021-11-11 00:00:00 UTC	PRJNA778346	1895	6403	public	943101.0
SRR1739960	WGS	public	SRX828339	Illumina MiSeq	ILLUMINA	SRS807433	SAMN03165110	Bacillus anthracis	SRP051684	2017-07-13 00:00:00 UTC	PRJNA264742	359	743	public	1392.0
SRR1739961	WGS	public	SRX828340	Illumina Genome Analyzer IIx	ILLUMINA	SRS807434	SAMN03165111	Bacillus anthracis	SRP051684	2017-07-13 00:00:00 UTC	PRJNA264742	559	901	public	1392.0
SRR1739962	WGS	public	SRX828341	Illumina Genome Analyzer IIx	ILLUMINA	SRS807435	SAMN03165112	Bacillus anthracis	SRP051684	2017-07-13 00:00:00 UTC	PRJNA264742	421	679	public	1392.0
SRR1739963	WGS	public	SRX828342	Illumina Genome Analyzer IIx	ILLUMINA	SRS807436	SAMN03165113	Bacillus anthracis	SRP051684	2017-07-13 00:00:00 UTC	PRJNA264742	527	860	public	1392.0
SRR1739964	WGS	public	SRX828343	Illumina Genome Analyzer IIx	ILLUMINA	SRS807437	SAMN03165114	Bacillus anthracis	SRP051684	2017-07-13 00:00:00 UTC	PRJNA264742	615	1051	public	1392.0
SRR1739966	WGS	public	SRX828345	Illumina Genome Analyzer IIx	ILLUMINA	SRS807439	SAMN03165116	Bacillus anthracis	SRP051684	2017-07-13 00:00:00 UTC	PRJNA264742	789	1198	public	1392.0
SRR1739967	WGS	public	SRX828346	Illumina Genome Analyzer IIx	ILLUMINA	SRS807440	SAMN03165117	Bacillus anthracis	SRP051684	2017-07-13 00:00:00 UTC	PRJNA264742	668	1084	public	1392.0
SRR1739968	WGS	public	SRX828347	Illumina Genome Analyzer IIx	ILLUMINA	SRS807441	SAMN03165118	Bacillus anthracis	SRP051684	2017-07-13 00:00:00 UTC	PRJNA264742	526	784	public	1392.0
SRR1739969	WGS	public	SRX828348	Illumina Genome Analyzer IIx	ILLUMINA	SRS807442	SAMN03165119	Bacillus anthracis	SRP051684	2017-07-13 00:00:00 UTC	PRJNA264742	867	1399	public	1392.0
SRR1739971	WGS	public	SRX828350	Illumina Genome Analyzer IIx	ILLUMINA	SRS807444	SAMN03165121	Bacillus anthracis	SRP051684	2017-07-13 00:00:00 UTC	PRJNA264742	563	890	public	1392.0
SRR1739972	WGS	public	SRX828351	Illumina Genome Analyzer IIx	ILLUMINA	SRS807445	SAMN03165122	Bacillus anthracis	SRP051684	2017-07-13 00:00:00 UTC	PRJNA264742	630	1003	public	1392.0
SRR1739973	WGS	public	SRX828352	Illumina Genome Analyzer IIx	ILLUMINA	SRS807446	SAMN03165123	Bacillus anthracis	SRP051684	2017-07-13 00:00:00 UTC	PRJNA264742	733	1163	public	1392.0
SRR1739975	WGS	public	SRX828354	Illumina Genome Analyzer IIx	ILLUMINA	SRS807449	SAMN03165125	Bacillus anthracis	SRP051684	2017-07-13 00:00:00 UTC	PRJNA264742	584	955	public	1392.0
SRR1739976	WGS	public	SRX828355	Illumina Genome Analyzer IIx	ILLUMINA	SRS807448	SAMN03165126	Bacillus anthracis	SRP051684	2017-07-13 00:00:00 UTC	PRJNA264742	609	995	public	1392.0
SRR1739977	WGS	public	SRX828356	Illumina MiSeq	ILLUMINA	SRS807450	SAMN03165127	Bacillus anthracis	SRP051684	2017-07-13 00:00:00 UTC	PRJNA264742	329	676	public	1392.0
SRR1739978	WGS	public	SRX828357	Illumina Genome Analyzer IIx	ILLUMINA	SRS807451	SAMN03165128	Bacillus anthracis	SRP051684	2017-07-13 00:00:00 UTC	PRJNA264742	441	738	public	1392.0
SRR1739979	WGS	public	SRX828358	Illumina Genome Analyzer IIx	ILLUMINA	SRS807452	SAMN03165129	Bacillus anthracis	SRP051684	2017-07-13 00:00:00 UTC	PRJNA264742	506	831	public	1392.0
SRR1739980	WGS	public	SRX828359	Illumina Genome Analyzer IIx	ILLUMINA	SRS807453	SAMN03165130	Bacillus anthracis	SRP051684	2017-07-13 00:00:00 UTC	PRJNA264742	591	959	public	1392.0
SRR1739981	WGS	public	SRX828360	Illumina Genome Analyzer IIx	ILLUMINA	SRS807454	SAMN03165131	Bacillus anthracis	SRP051684	2017-08-25 00:00:00 UTC	PRJNA264742	1918	2841	public	1392.0
SRR1799988	WGS	public	SRX874117	Illumina HiSeq 2500	ILLUMINA	SRS843895	SAMN02821409	Panicum virgatum	SRP054324	2015-02-20 00:00:00 UTC	PRJNA249745	9007	14418	public	38727.0
SRR1799989	WGS	public	SRX874118	Illumina HiSeq 2000	ILLUMINA	SRS843895	SAMN02821409	Panicum virgatum	SRP054324	2015-02-20 00:00:00 UTC	PRJNA249745	20736	34420	public	38727.0
SRR203276	RNA-Seq	public	SRX062280	Illumina Genome Analyzer II	ILLUMINA	SRS192946	SAMN00265061	Mus musculus	SRP006762	2011-05-17 00:00:00 UTC	PRJNA140057	3480	8002	public	10090.0
SRR2043472	ChIP-Seq	public	SRX1041749	Illumina Genome Analyzer IIx	ILLUMINA	SRS948116	SAMN03742168	Homo sapiens	SRP058807	2016-05-28 00:00:00 UTC	PRJNA285203	548	933	public	9606.0
SRR2043483	ChIP-Seq	public	SRX1041761	Illumina Genome Analyzer IIx	ILLUMINA	SRS948128	SAMN03742169	Homo sapiens	SRP058807	2016-05-28 00:00:00 UTC	PRJNA285203	591	1008	public	9606.0
SRR2043490	ChIP-Seq	public	SRX1041762	Illumina Genome Analyzer IIx	ILLUMINA	SRS948116	SAMN03742168	Homo sapiens	SRP058807	2016-05-28 00:00:00 UTC	PRJNA285203	1026	2082	public	9606.0
SRR2043515	ChIP-Seq	public	SRX1041768	Illumina Genome Analyzer IIx	ILLUMINA	SRS948116	SAMN03742168	Homo sapiens	SRP058807	2016-05-28 00:00:00 UTC	PRJNA285203	665	1353	public	9606.0
SRR2043516	ChIP-Seq	public	SRX1041769	Illumina Genome Analyzer IIx	ILLUMINA	SRS948128	SAMN03742169	Homo sapiens	SRP058807	2016-05-28 00:00:00 UTC	PRJNA285203	1181	2399	public	9606.0
SRR2043517	ChIP-Seq	public	SRX1041767	Illumina Genome Analyzer IIx	ILLUMINA	SRS948128	SAMN03742169	Homo sapiens	SRP058807	2016-05-28 00:00:00 UTC	PRJNA285203	1225	2533	public	9606.0
SRR2058410	RNA-Seq	public	SRX1055087	Illumina HiSeq 2500	ILLUMINA	SRS957827	SAMN03768420	Homo sapiens	SRP059327	2018-06-11 00:00:00 UTC	PRJNA286307	240	408	public	9606.0
SRR2058411	RNA-Seq	public	SRX1055087	Illumina HiSeq 2500	ILLUMINA	SRS957827	SAMN03768420	Homo sapiens	SRP059327	2018-06-11 00:00:00 UTC	PRJNA286307	240	408	public	9606.0
SRR2058412	RNA-Seq	public	SRX1055087	Illumina HiSeq 2500	ILLUMINA	SRS957827	SAMN03768420	Homo sapiens	SRP059327	2018-06-11 00:00:00 UTC	PRJNA286307	14	24	public	9606.0
SRR2058413	RNA-Seq	public	SRX1055087	Illumina HiSeq 2500	ILLUMINA	SRS957827	SAMN03768420	Homo sapiens	SRP059327	2018-06-11 00:00:00 UTC	PRJNA286307	240	408	public	9606.0
SRR2058414	RNA-Seq	public	SRX1055087	Illumina HiSeq 2500	ILLUMINA	SRS957827	SAMN03768420	Homo sapiens	SRP059327	2018-06-11 00:00:00 UTC	PRJNA286307	241	408	public	9606.0
SRR2058415	RNA-Seq	public	SRX1055087	Illumina HiSeq 2500	ILLUMINA	SRS957827	SAMN03768420	Homo sapiens	SRP059327	2018-06-11 00:00:00 UTC	PRJNA286307	16	27	public	9606.0
SRR2058416	RNA-Seq	public	SRX1055088	Illumina HiSeq 2500	ILLUMINA	SRS957826	SAMN03768421	Homo sapiens	SRP059327	2018-06-11 00:00:00 UTC	PRJNA286307	249	408	public	9606.0
SRR2058417	RNA-Seq	public	SRX1055088	Illumina HiSeq 2500	ILLUMINA	SRS957826	SAMN03768421	Homo sapiens	SRP059327	2018-06-11 00:00:00 UTC	PRJNA286307	249	408	public	9606.0
SRR2058418	RNA-Seq	public	SRX1055088	Illumina HiSeq 2500	ILLUMINA	SRS957826	SAMN03768421	Homo sapiens	SRP059327	2018-06-11 00:00:00 UTC	PRJNA286307	47	77	public	9606.0
SRR2058419	RNA-Seq	public	SRX1055088	Illumina HiSeq 2500	ILLUMINA	SRS957826	SAMN03768421	Homo sapiens	SRP059327	2018-06-11 00:00:00 UTC	PRJNA286307	249	408	public	9606.0
SRR2058420	RNA-Seq	public	SRX1055088	Illumina HiSeq 2500	ILLUMINA	SRS957826	SAMN03768421	Homo sapiens	SRP059327	2018-06-11 00:00:00 UTC	PRJNA286307	249	408	public	9606.0
SRR2058421	RNA-Seq	public	SRX1055088	Illumina HiSeq 2500	ILLUMINA	SRS957826	SAMN03768421	Homo sapiens	SRP059327	2018-06-11 00:00:00 UTC	PRJNA286307	50	80	public	9606.0
SRR2058422	RNA-Seq	public	SRX1055089	Illumina HiSeq 2500	ILLUMINA	SRS957825	SAMN03768422	Homo sapiens	SRP059327	2018-06-11 00:00:00 UTC	PRJNA286307	232	408	public	9606.0
SRR2058423	RNA-Seq	public	SRX1055089	Illumina HiSeq 2500	ILLUMINA	SRS957825	SAMN03768422	Homo sapiens	SRP059327	2018-06-11 00:00:00 UTC	PRJNA286307	232	408	public	9606.0
SRR2058424	RNA-Seq	public	SRX1055089	Illumina HiSeq 2500	ILLUMINA	SRS957825	SAMN03768422	Homo sapiens	SRP059327	2018-06-11 00:00:00 UTC	PRJNA286307	81	141	public	9606.0
SRR2058425	RNA-Seq	public	SRX1055089	Illumina HiSeq 2500	ILLUMINA	SRS957825	SAMN03768422	Homo sapiens	SRP059327	2018-06-11 00:00:00 UTC	PRJNA286307	231	408	public	9606.0
SRR2058426	RNA-Seq	public	SRX1055089	Illumina HiSeq 2500	ILLUMINA	SRS957825	SAMN03768422	Homo sapiens	SRP059327	2018-06-11 00:00:00 UTC	PRJNA286307	233	408	public	9606.0
SRR2058427	RNA-Seq	public	SRX1055089	Illumina HiSeq 2500	ILLUMINA	SRS957825	SAMN03768422	Homo sapiens	SRP059327	2018-06-11 00:00:00 UTC	PRJNA286307	83	143	public	9606.0
SRR2058428	RNA-Seq	public	SRX1055090	Illumina HiSeq 2500	ILLUMINA	SRS957824	SAMN03768423	Homo sapiens	SRP059327	2018-06-11 00:00:00 UTC	PRJNA286307	246	408	public	9606.0
SRR2058429	RNA-Seq	public	SRX1055090	Illumina HiSeq 2500	ILLUMINA	SRS957824	SAMN03768423	Homo sapiens	SRP059327	2018-06-11 00:00:00 UTC	PRJNA286307	247	408	public	9606.0
SRR2058430	RNA-Seq	public	SRX1055090	Illumina HiSeq 2500	ILLUMINA	SRS957824	SAMN03768423	Homo sapiens	SRP059327	2018-06-11 00:00:00 UTC	PRJNA286307	128	212	public	9606.0
SRR2058431	RNA-Seq	public	SRX1055090	Illumina HiSeq 2500	ILLUMINA	SRS957824	SAMN03768423	Homo sapiens	SRP059327	2018-06-11 00:00:00 UTC	PRJNA286307	245	408	public	9606.0
SRR2058432	RNA-Seq	public	SRX1055090	Illumina HiSeq 2500	ILLUMINA	SRS957824	SAMN03768423	Homo sapiens	SRP059327	2018-06-11 00:00:00 UTC	PRJNA286307	247	408	public	9606.0
SRR2058433	RNA-Seq	public	SRX1055090	Illumina HiSeq 2500	ILLUMINA	SRS957824	SAMN03768423	Homo sapiens	SRP059327	2018-06-11 00:00:00 UTC	PRJNA286307	131	214	public	9606.0
SRR2058434	OTHER	public	SRX1055091	Illumina HiSeq 2500	ILLUMINA	SRS957823	SAMN03768424	Homo sapiens	SRP059327	2018-06-11 00:00:00 UTC	PRJNA286307	476	808	public	9606.0
SRR2058435	OTHER	public	SRX1055091	Illumina HiSeq 2500	ILLUMINA	SRS957823	SAMN03768424	Homo sapiens	SRP059327	2018-06-11 00:00:00 UTC	PRJNA286307	465	808	public	9606.0
SRR2058436	OTHER	public	SRX1055091	Illumina HiSeq 2500	ILLUMINA	SRS957823	SAMN03768424	Homo sapiens	SRP059327	2018-06-11 00:00:00 UTC	PRJNA286307	474	808	public	9606.0
SRR2058437	OTHER	public	SRX1055091	Illumina HiSeq 2500	ILLUMINA	SRS957823	SAMN03768424	Homo sapiens	SRP059327	2018-06-11 00:00:00 UTC	PRJNA286307	471	808	public	9606.0
SRR2058438	OTHER	public	SRX1055091	Illumina HiSeq 2500	ILLUMINA	SRS957823	SAMN03768424	Homo sapiens	SRP059327	2018-06-11 00:00:00 UTC	PRJNA286307	466	792	public	9606.0
SRR2058439	OTHER	public	SRX1055091	Illumina HiSeq 2500	ILLUMINA	SRS957823	SAMN03768424	Homo sapiens	SRP059327	2018-06-11 00:00:00 UTC	PRJNA286307	475	808	public	9606.0
SRR2058440	OTHER	public	SRX1055091	Illumina HiSeq 2500	ILLUMINA	SRS957823	SAMN03768424	Homo sapiens	SRP059327	2018-06-11 00:00:00 UTC	PRJNA286307	469	808	public	9606.0
SRR2058441	OTHER	public	SRX1055091	Illumina HiSeq 2500	ILLUMINA	SRS957823	SAMN03768424	Homo sapiens	SRP059327	2018-06-11 00:00:00 UTC	PRJNA286307	467	808	public	9606.0
SRR2058442	OTHER	public	SRX1055091	Illumina HiSeq 2500	ILLUMINA	SRS957823	SAMN03768424	Homo sapiens	SRP059327	2018-06-11 00:00:00 UTC	PRJNA286307	473	808	public	9606.0
SRR2058443	OTHER	public	SRX1055091	Illumina HiSeq 2500	ILLUMINA	SRS957823	SAMN03768424	Homo sapiens	SRP059327	2018-06-11 00:00:00 UTC	PRJNA286307	474	808	public	9606.0
SRR2058444	OTHER	public	SRX1055091	Illumina HiSeq 2500	ILLUMINA	SRS957823	SAMN03768424	Homo sapiens	SRP059327	2018-06-11 00:00:00 UTC	PRJNA286307	476	808	public	9606.0
SRR2058445	OTHER	public	SRX1055091	Illumina HiSeq 2500	ILLUMINA	SRS957823	SAMN03768424	Homo sapiens	SRP059327	2018-06-11 00:00:00 UTC	PRJNA286307	469	808	public	9606.0
SRR2058446	OTHER	public	SRX1055091	Illumina HiSeq 2500	ILLUMINA	SRS957823	SAMN03768424	Homo sapiens	SRP059327	2018-06-11 00:00:00 UTC	PRJNA286307	45	72	public	9606.0
SRR2058447	OTHER	public	SRX1055091	Illumina HiSeq 2500	ILLUMINA	SRS957823	SAMN03768424	Homo sapiens	SRP059327	2018-06-11 00:00:00 UTC	PRJNA286307	473	808	public	9606.0
SRR2058448	OTHER	public	SRX1055091	Illumina HiSeq 2500	ILLUMINA	SRS957823	SAMN03768424	Homo sapiens	SRP059327	2018-06-11 00:00:00 UTC	PRJNA286307	467	808	public	9606.0
SRR2058449	OTHER	public	SRX1055091	Illumina HiSeq 2500	ILLUMINA	SRS957823	SAMN03768424	Homo sapiens	SRP059327	2018-06-11 00:00:00 UTC	PRJNA286307	470	808	public	9606.0
SRR2058450	OTHER	public	SRX1055091	Illumina HiSeq 2500	ILLUMINA	SRS957823	SAMN03768424	Homo sapiens	SRP059327	2018-06-11 00:00:00 UTC	PRJNA286307	472	808	public	9606.0
SRR2058451	OTHER	public	SRX1055091	Illumina HiSeq 2500	ILLUMINA	SRS957823	SAMN03768424	Homo sapiens	SRP059327	2018-06-11 00:00:00 UTC	PRJNA286307	468	808	public	9606.0
SRR2058452	OTHER	public	SRX1055091	Illumina HiSeq 2500	ILLUMINA	SRS957823	SAMN03768424	Homo sapiens	SRP059327	2018-06-11 00:00:00 UTC	PRJNA286307	475	808	public	9606.0
SRR2058453	OTHER	public	SRX1055091	Illumina HiSeq 2500	ILLUMINA	SRS957823	SAMN03768424	Homo sapiens	SRP059327	2018-06-11 00:00:00 UTC	PRJNA286307	9	15	public	9606.0
SRR2058454	OTHER	public	SRX1055091	Illumina HiSeq 2500	ILLUMINA	SRS957823	SAMN03768424	Homo sapiens	SRP059327	2018-06-11 00:00:00 UTC	PRJNA286307	465	808	public	9606.0
SRR2058455	OTHER	public	SRX1055091	Illumina HiSeq 2500	ILLUMINA	SRS957823	SAMN03768424	Homo sapiens	SRP059327	2018-06-11 00:00:00 UTC	PRJNA286307	475	808	public	9606.0
SRR2058456	OTHER	public	SRX1055091	Illumina HiSeq 2500	ILLUMINA	SRS957823	SAMN03768424	Homo sapiens	SRP059327	2018-06-11 00:00:00 UTC	PRJNA286307	473	808	public	9606.0
SRR2058457	OTHER	public	SRX1055091	Illumina HiSeq 2500	ILLUMINA	SRS957823	SAMN03768424	Homo sapiens	SRP059327	2018-06-11 00:00:00 UTC	PRJNA286307	475	808	public	9606.0
SRR2058458	OTHER	public	SRX1055091	Illumina HiSeq 2500	ILLUMINA	SRS957823	SAMN03768424	Homo sapiens	SRP059327	2018-06-11 00:00:00 UTC	PRJNA286307	83	132	public	9606.0
SRR2058459	OTHER	public	SRX1055091	Illumina HiSeq 2500	ILLUMINA	SRS957823	SAMN03768424	Homo sapiens	SRP059327	2018-06-11 00:00:00 UTC	PRJNA286307	476	808	public	9606.0
SRR2058460	OTHER	public	SRX1055091	Illumina HiSeq 2500	ILLUMINA	SRS957823	SAMN03768424	Homo sapiens	SRP059327	2018-06-11 00:00:00 UTC	PRJNA286307	468	808	public	9606.0
SRR2058461	OTHER	public	SRX1055092	Illumina HiSeq 2500	ILLUMINA	SRS957822	SAMN03768425	Homo sapiens	SRP059327	2018-06-11 00:00:00 UTC	PRJNA286307	471	808	public	9606.0
SRR2058462	OTHER	public	SRX1055092	Illumina HiSeq 2500	ILLUMINA	SRS957822	SAMN03768425	Homo sapiens	SRP059327	2018-06-11 00:00:00 UTC	PRJNA286307	471	808	public	9606.0
SRR2058463	OTHER	public	SRX1055092	Illumina HiSeq 2500	ILLUMINA	SRS957822	SAMN03768425	Homo sapiens	SRP059327	2018-06-11 00:00:00 UTC	PRJNA286307	470	808	public	9606.0
SRR2058464	OTHER	public	SRX1055092	Illumina HiSeq 2500	ILLUMINA	SRS957822	SAMN03768425	Homo sapiens	SRP059327	2018-06-11 00:00:00 UTC	PRJNA286307	485	808	public	9606.0
SRR2058465	OTHER	public	SRX1055092	Illumina HiSeq 2500	ILLUMINA	SRS957822	SAMN03768425	Homo sapiens	SRP059327	2018-06-11 00:00:00 UTC	PRJNA286307	480	808	public	9606.0
SRR2058466	OTHER	public	SRX1055092	Illumina HiSeq 2500	ILLUMINA	SRS957822	SAMN03768425	Homo sapiens	SRP059327	2018-06-11 00:00:00 UTC	PRJNA286307	223	366	public	9606.0
SRR2058467	OTHER	public	SRX1055092	Illumina HiSeq 2500	ILLUMINA	SRS957822	SAMN03768425	Homo sapiens	SRP059327	2018-06-11 00:00:00 UTC	PRJNA286307	468	808	public	9606.0
SRR2058468	OTHER	public	SRX1055092	Illumina HiSeq 2500	ILLUMINA	SRS957822	SAMN03768425	Homo sapiens	SRP059327	2018-06-11 00:00:00 UTC	PRJNA286307	465	808	public	9606.0
SRR2058469	OTHER	public	SRX1055092	Illumina HiSeq 2500	ILLUMINA	SRS957822	SAMN03768425	Homo sapiens	SRP059327	2018-06-11 00:00:00 UTC	PRJNA286307	470	808	public	9606.0
SRR2058470	OTHER	public	SRX1055092	Illumina HiSeq 2500	ILLUMINA	SRS957822	SAMN03768425	Homo sapiens	SRP059327	2018-06-11 00:00:00 UTC	PRJNA286307	471	808	public	9606.0
SRR2058471	OTHER	public	SRX1055092	Illumina HiSeq 2500	ILLUMINA	SRS957822	SAMN03768425	Homo sapiens	SRP059327	2018-06-11 00:00:00 UTC	PRJNA286307	470	808	public	9606.0
SRR2058472	OTHER	public	SRX1055092	Illumina HiSeq 2500	ILLUMINA	SRS957822	SAMN03768425	Homo sapiens	SRP059327	2018-06-11 00:00:00 UTC	PRJNA286307	465	808	public	9606.0
SRR2058473	OTHER	public	SRX1055092	Illumina HiSeq 2500	ILLUMINA	SRS957822	SAMN03768425	Homo sapiens	SRP059327	2018-06-11 00:00:00 UTC	PRJNA286307	471	808	public	9606.0
SRR2058474	OTHER	public	SRX1055092	Illumina HiSeq 2500	ILLUMINA	SRS957822	SAMN03768425	Homo sapiens	SRP059327	2018-06-11 00:00:00 UTC	PRJNA286307	218	357	public	9606.0
SRR2058475	OTHER	public	SRX1055092	Illumina HiSeq 2500	ILLUMINA	SRS957822	SAMN03768425	Homo sapiens	SRP059327	2018-06-11 00:00:00 UTC	PRJNA286307	467	808	public	9606.0
SRR2058476	OTHER	public	SRX1055092	Illumina HiSeq 2500	ILLUMINA	SRS957822	SAMN03768425	Homo sapiens	SRP059327	2018-06-11 00:00:00 UTC	PRJNA286307	470	808	public	9606.0
SRR2058477	OTHER	public	SRX1055092	Illumina HiSeq 2500	ILLUMINA	SRS957822	SAMN03768425	Homo sapiens	SRP059327	2018-06-11 00:00:00 UTC	PRJNA286307	471	808	public	9606.0
SRR2058478	OTHER	public	SRX1055092	Illumina HiSeq 2500	ILLUMINA	SRS957822	SAMN03768425	Homo sapiens	SRP059327	2018-06-11 00:00:00 UTC	PRJNA286307	469	808	public	9606.0
SRR2058479	OTHER	public	SRX1055092	Illumina HiSeq 2500	ILLUMINA	SRS957822	SAMN03768425	Homo sapiens	SRP059327	2018-06-11 00:00:00 UTC	PRJNA286307	485	808	public	9606.0
SRR2058480	OTHER	public	SRX1055092	Illumina HiSeq 2500	ILLUMINA	SRS957822	SAMN03768425	Homo sapiens	SRP059327	2018-06-11 00:00:00 UTC	PRJNA286307	488	808	public	9606.0
SRR2058481	OTHER	public	SRX1055092	Illumina HiSeq 2500	ILLUMINA	SRS957822	SAMN03768425	Homo sapiens	SRP059327	2018-06-11 00:00:00 UTC	PRJNA286307	187	302	public	9606.0
SRR2058482	OTHER	public	SRX1055092	Illumina HiSeq 2500	ILLUMINA	SRS957822	SAMN03768425	Homo sapiens	SRP059327	2018-06-11 00:00:00 UTC	PRJNA286307	468	808	public	9606.0
SRR2058483	OTHER	public	SRX1055092	Illumina HiSeq 2500	ILLUMINA	SRS957822	SAMN03768425	Homo sapiens	SRP059327	2018-06-11 00:00:00 UTC	PRJNA286307	471	808	public	9606.0
SRR2058484	OTHER	public	SRX1055092	Illumina HiSeq 2500	ILLUMINA	SRS957822	SAMN03768425	Homo sapiens	SRP059327	2018-06-11 00:00:00 UTC	PRJNA286307	470	808	public	9606.0
SRR2058485	OTHER	public	SRX1055092	Illumina HiSeq 2500	ILLUMINA	SRS957822	SAMN03768425	Homo sapiens	SRP059327	2018-06-11 00:00:00 UTC	PRJNA286307	472	808	public	9606.0
SRR2058486	OTHER	public	SRX1055092	Illumina HiSeq 2500	ILLUMINA	SRS957822	SAMN03768425	Homo sapiens	SRP059327	2018-06-11 00:00:00 UTC	PRJNA286307	243	403	public	9606.0
SRR2058487	OTHER	public	SRX1055092	Illumina HiSeq 2500	ILLUMINA	SRS957822	SAMN03768425	Homo sapiens	SRP059327	2018-06-11 00:00:00 UTC	PRJNA286307	468	808	public	9606.0
SRR2058488	OTHER	public	SRX1055092	Illumina HiSeq 2500	ILLUMINA	SRS957822	SAMN03768425	Homo sapiens	SRP059327	2018-06-11 00:00:00 UTC	PRJNA286307	464	808	public	9606.0
SRR2058489	OTHER	public	SRX1055093	Illumina HiSeq 2500	ILLUMINA	SRS957821	SAMN03768426	Homo sapiens	SRP059327	2018-06-11 00:00:00 UTC	PRJNA286307	474	808	public	9606.0
SRR2058490	OTHER	public	SRX1055093	Illumina HiSeq 2500	ILLUMINA	SRS957821	SAMN03768426	Homo sapiens	SRP059327	2018-06-11 00:00:00 UTC	PRJNA286307	464	808	public	9606.0
SRR2058491	OTHER	public	SRX1055093	Illumina HiSeq 2500	ILLUMINA	SRS957821	SAMN03768426	Homo sapiens	SRP059327	2018-06-11 00:00:00 UTC	PRJNA286307	473	808	public	9606.0
SRR2058492	OTHER	public	SRX1055093	Illumina HiSeq 2500	ILLUMINA	SRS957821	SAMN03768426	Homo sapiens	SRP059327	2018-06-11 00:00:00 UTC	PRJNA286307	470	808	public	9606.0
SRR2058493	OTHER	public	SRX1055093	Illumina HiSeq 2500	ILLUMINA	SRS957821	SAMN03768426	Homo sapiens	SRP059327	2018-06-11 00:00:00 UTC	PRJNA286307	469	800	public	9606.0
SRR2058494	OTHER	public	SRX1055093	Illumina HiSeq 2500	ILLUMINA	SRS957821	SAMN03768426	Homo sapiens	SRP059327	2018-06-11 00:00:00 UTC	PRJNA286307	474	808	public	9606.0
SRR2058495	OTHER	public	SRX1055093	Illumina HiSeq 2500	ILLUMINA	SRS957821	SAMN03768426	Homo sapiens	SRP059327	2018-06-11 00:00:00 UTC	PRJNA286307	468	808	public	9606.0
SRR2058496	OTHER	public	SRX1055093	Illumina HiSeq 2500	ILLUMINA	SRS957821	SAMN03768426	Homo sapiens	SRP059327	2018-06-11 00:00:00 UTC	PRJNA286307	466	808	public	9606.0
SRR2058497	OTHER	public	SRX1055093	Illumina HiSeq 2500	ILLUMINA	SRS957821	SAMN03768426	Homo sapiens	SRP059327	2018-06-11 00:00:00 UTC	PRJNA286307	472	808	public	9606.0
SRR2058498	OTHER	public	SRX1055093	Illumina HiSeq 2500	ILLUMINA	SRS957821	SAMN03768426	Homo sapiens	SRP059327	2018-06-11 00:00:00 UTC	PRJNA286307	472	808	public	9606.0
SRR2058499	OTHER	public	SRX1055093	Illumina HiSeq 2500	ILLUMINA	SRS957821	SAMN03768426	Homo sapiens	SRP059327	2018-06-11 00:00:00 UTC	PRJNA286307	475	808	public	9606.0
SRR2058500	OTHER	public	SRX1055093	Illumina HiSeq 2500	ILLUMINA	SRS957821	SAMN03768426	Homo sapiens	SRP059327	2018-06-11 00:00:00 UTC	PRJNA286307	468	808	public	9606.0
SRR2058501	OTHER	public	SRX1055093	Illumina HiSeq 2500	ILLUMINA	SRS957821	SAMN03768426	Homo sapiens	SRP059327	2018-06-11 00:00:00 UTC	PRJNA286307	29	47	public	9606.0
SRR2058502	OTHER	public	SRX1055093	Illumina HiSeq 2500	ILLUMINA	SRS957821	SAMN03768426	Homo sapiens	SRP059327	2018-06-11 00:00:00 UTC	PRJNA286307	472	808	public	9606.0
SRR2058503	OTHER	public	SRX1055093	Illumina HiSeq 2500	ILLUMINA	SRS957821	SAMN03768426	Homo sapiens	SRP059327	2018-06-11 00:00:00 UTC	PRJNA286307	466	808	public	9606.0
SRR2058504	OTHER	public	SRX1055093	Illumina HiSeq 2500	ILLUMINA	SRS957821	SAMN03768426	Homo sapiens	SRP059327	2018-06-11 00:00:00 UTC	PRJNA286307	470	808	public	9606.0
SRR2058505	OTHER	public	SRX1055093	Illumina HiSeq 2500	ILLUMINA	SRS957821	SAMN03768426	Homo sapiens	SRP059327	2018-06-11 00:00:00 UTC	PRJNA286307	472	808	public	9606.0
SRR2058506	OTHER	public	SRX1055093	Illumina HiSeq 2500	ILLUMINA	SRS957821	SAMN03768426	Homo sapiens	SRP059327	2018-06-11 00:00:00 UTC	PRJNA286307	467	808	public	9606.0
SRR2058507	OTHER	public	SRX1055093	Illumina HiSeq 2500	ILLUMINA	SRS957821	SAMN03768426	Homo sapiens	SRP059327	2018-06-11 00:00:00 UTC	PRJNA286307	466	792	public	9606.0
SRR2058508	OTHER	public	SRX1055093	Illumina HiSeq 2500	ILLUMINA	SRS957821	SAMN03768426	Homo sapiens	SRP059327	2018-06-11 00:00:00 UTC	PRJNA286307	464	808	public	9606.0
SRR2058509	OTHER	public	SRX1055093	Illumina HiSeq 2500	ILLUMINA	SRS957821	SAMN03768426	Homo sapiens	SRP059327	2018-06-11 00:00:00 UTC	PRJNA286307	474	808	public	9606.0
SRR2058510	OTHER	public	SRX1055093	Illumina HiSeq 2500	ILLUMINA	SRS957821	SAMN03768426	Homo sapiens	SRP059327	2018-06-11 00:00:00 UTC	PRJNA286307	472	808	public	9606.0
SRR2058511	OTHER	public	SRX1055093	Illumina HiSeq 2500	ILLUMINA	SRS957821	SAMN03768426	Homo sapiens	SRP059327	2018-06-11 00:00:00 UTC	PRJNA286307	475	808	public	9606.0
SRR2058512	OTHER	public	SRX1055093	Illumina HiSeq 2500	ILLUMINA	SRS957821	SAMN03768426	Homo sapiens	SRP059327	2018-06-11 00:00:00 UTC	PRJNA286307	59	93	public	9606.0
SRR2058513	OTHER	public	SRX1055093	Illumina HiSeq 2500	ILLUMINA	SRS957821	SAMN03768426	Homo sapiens	SRP059327	2018-06-11 00:00:00 UTC	PRJNA286307	475	808	public	9606.0
SRR2058514	OTHER	public	SRX1055093	Illumina HiSeq 2500	ILLUMINA	SRS957821	SAMN03768426	Homo sapiens	SRP059327	2018-06-11 00:00:00 UTC	PRJNA286307	467	808	public	9606.0
SRR2058515	OTHER	public	SRX1055094	Illumina HiSeq 2500	ILLUMINA	SRS957820	SAMN03768427	Homo sapiens	SRP059327	2018-06-11 00:00:00 UTC	PRJNA286307	477	808	public	9606.0
SRR2058516	OTHER	public	SRX1055094	Illumina HiSeq 2500	ILLUMINA	SRS957820	SAMN03768427	Homo sapiens	SRP059327	2018-06-11 00:00:00 UTC	PRJNA286307	466	808	public	9606.0
SRR2058517	OTHER	public	SRX1055094	Illumina HiSeq 2500	ILLUMINA	SRS957820	SAMN03768427	Homo sapiens	SRP059327	2018-06-11 00:00:00 UTC	PRJNA286307	474	808	public	9606.0
SRR2058518	OTHER	public	SRX1055094	Illumina HiSeq 2500	ILLUMINA	SRS957820	SAMN03768427	Homo sapiens	SRP059327	2018-06-11 00:00:00 UTC	PRJNA286307	473	808	public	9606.0
SRR2058519	OTHER	public	SRX1055094	Illumina HiSeq 2500	ILLUMINA	SRS957820	SAMN03768427	Homo sapiens	SRP059327	2018-06-11 00:00:00 UTC	PRJNA286307	474	808	public	9606.0
SRR2058520	OTHER	public	SRX1055094	Illumina HiSeq 2500	ILLUMINA	SRS957820	SAMN03768427	Homo sapiens	SRP059327	2018-06-11 00:00:00 UTC	PRJNA286307	55	86	public	9606.0
SRR2058521	OTHER	public	SRX1055094	Illumina HiSeq 2500	ILLUMINA	SRS957820	SAMN03768427	Homo sapiens	SRP059327	2018-06-11 00:00:00 UTC	PRJNA286307	476	808	public	9606.0
SRR2058522	OTHER	public	SRX1055094	Illumina HiSeq 2500	ILLUMINA	SRS957820	SAMN03768427	Homo sapiens	SRP059327	2018-06-11 00:00:00 UTC	PRJNA286307	470	808	public	9606.0
SRR2058523	OTHER	public	SRX1055094	Illumina HiSeq 2500	ILLUMINA	SRS957820	SAMN03768427	Homo sapiens	SRP059327	2018-06-11 00:00:00 UTC	PRJNA286307	468	808	public	9606.0
SRR2058524	OTHER	public	SRX1055094	Illumina HiSeq 2500	ILLUMINA	SRS957820	SAMN03768427	Homo sapiens	SRP059327	2018-06-11 00:00:00 UTC	PRJNA286307	474	808	public	9606.0
SRR2058525	OTHER	public	SRX1055094	Illumina HiSeq 2500	ILLUMINA	SRS957820	SAMN03768427	Homo sapiens	SRP059327	2018-06-11 00:00:00 UTC	PRJNA286307	476	808	public	9606.0
SRR2058526	OTHER	public	SRX1055094	Illumina HiSeq 2500	ILLUMINA	SRS957820	SAMN03768427	Homo sapiens	SRP059327	2018-06-11 00:00:00 UTC	PRJNA286307	470	808	public	9606.0
SRR2058527	OTHER	public	SRX1055094	Illumina HiSeq 2500	ILLUMINA	SRS957820	SAMN03768427	Homo sapiens	SRP059327	2018-06-11 00:00:00 UTC	PRJNA286307	477	808	public	9606.0
SRR2058528	OTHER	public	SRX1055094	Illumina HiSeq 2500	ILLUMINA	SRS957820	SAMN03768427	Homo sapiens	SRP059327	2018-06-11 00:00:00 UTC	PRJNA286307	86	138	public	9606.0
SRR2058529	OTHER	public	SRX1055094	Illumina HiSeq 2500	ILLUMINA	SRS957820	SAMN03768427	Homo sapiens	SRP059327	2018-06-11 00:00:00 UTC	PRJNA286307	474	808	public	9606.0
SRR2058530	OTHER	public	SRX1055094	Illumina HiSeq 2500	ILLUMINA	SRS957820	SAMN03768427	Homo sapiens	SRP059327	2018-06-11 00:00:00 UTC	PRJNA286307	468	808	public	9606.0
SRR2058531	OTHER	public	SRX1055094	Illumina HiSeq 2500	ILLUMINA	SRS957820	SAMN03768427	Homo sapiens	SRP059327	2018-06-11 00:00:00 UTC	PRJNA286307	471	808	public	9606.0
SRR2058532	OTHER	public	SRX1055094	Illumina HiSeq 2500	ILLUMINA	SRS957820	SAMN03768427	Homo sapiens	SRP059327	2018-06-11 00:00:00 UTC	PRJNA286307	473	808	public	9606.0
SRR2058533	OTHER	public	SRX1055094	Illumina HiSeq 2500	ILLUMINA	SRS957820	SAMN03768427	Homo sapiens	SRP059327	2018-06-11 00:00:00 UTC	PRJNA286307	462	807	public	9606.0
SRR2058534	OTHER	public	SRX1055094	Illumina HiSeq 2500	ILLUMINA	SRS957820	SAMN03768427	Homo sapiens	SRP059327	2018-06-11 00:00:00 UTC	PRJNA286307	477	808	public	9606.0
SRR2058535	OTHER	public	SRX1055094	Illumina HiSeq 2500	ILLUMINA	SRS957820	SAMN03768427	Homo sapiens	SRP059327	2018-06-11 00:00:00 UTC	PRJNA286307	46	74	public	9606.0
SRR2058536	OTHER	public	SRX1055094	Illumina HiSeq 2500	ILLUMINA	SRS957820	SAMN03768427	Homo sapiens	SRP059327	2018-06-11 00:00:00 UTC	PRJNA286307	467	808	public	9606.0
SRR2058537	OTHER	public	SRX1055094	Illumina HiSeq 2500	ILLUMINA	SRS957820	SAMN03768427	Homo sapiens	SRP059327	2018-06-11 00:00:00 UTC	PRJNA286307	476	808	public	9606.0
SRR2058538	OTHER	public	SRX1055094	Illumina HiSeq 2500	ILLUMINA	SRS957820	SAMN03768427	Homo sapiens	SRP059327	2018-06-11 00:00:00 UTC	PRJNA286307	475	808	public	9606.0
SRR2058539	OTHER	public	SRX1055094	Illumina HiSeq 2500	ILLUMINA	SRS957820	SAMN03768427	Homo sapiens	SRP059327	2018-06-11 00:00:00 UTC	PRJNA286307	477	808	public	9606.0
SRR2058540	OTHER	public	SRX1055094	Illumina HiSeq 2500	ILLUMINA	SRS957820	SAMN03768427	Homo sapiens	SRP059327	2018-06-11 00:00:00 UTC	PRJNA286307	120	192	public	9606.0
SRR2058541	OTHER	public	SRX1055094	Illumina HiSeq 2500	ILLUMINA	SRS957820	SAMN03768427	Homo sapiens	SRP059327	2018-06-11 00:00:00 UTC	PRJNA286307	477	808	public	9606.0
SRR2058542	OTHER	public	SRX1055094	Illumina HiSeq 2500	ILLUMINA	SRS957820	SAMN03768427	Homo sapiens	SRP059327	2018-06-11 00:00:00 UTC	PRJNA286307	469	808	public	9606.0
SRR2058543	OTHER	public	SRX1055095	Illumina HiSeq 2500	ILLUMINA	SRS957819	SAMN03768428	Homo sapiens	SRP059327	2018-06-11 00:00:00 UTC	PRJNA286307	471	808	public	9606.0
SRR2058544	OTHER	public	SRX1055095	Illumina HiSeq 2500	ILLUMINA	SRS957819	SAMN03768428	Homo sapiens	SRP059327	2018-06-11 00:00:00 UTC	PRJNA286307	467	808	public	9606.0
SRR2058545	OTHER	public	SRX1055095	Illumina HiSeq 2500	ILLUMINA	SRS957819	SAMN03768428	Homo sapiens	SRP059327	2018-06-11 00:00:00 UTC	PRJNA286307	464	808	public	9606.0
SRR2058546	OTHER	public	SRX1055095	Illumina HiSeq 2500	ILLUMINA	SRS957819	SAMN03768428	Homo sapiens	SRP059327	2018-06-11 00:00:00 UTC	PRJNA286307	468	808	public	9606.0
SRR2058547	OTHER	public	SRX1055095	Illumina HiSeq 2500	ILLUMINA	SRS957819	SAMN03768428	Homo sapiens	SRP059327	2018-06-11 00:00:00 UTC	PRJNA286307	478	808	public	9606.0
SRR2058548	OTHER	public	SRX1055095	Illumina HiSeq 2500	ILLUMINA	SRS957819	SAMN03768428	Homo sapiens	SRP059327	2018-06-11 00:00:00 UTC	PRJNA286307	472	808	public	9606.0
SRR2058549	OTHER	public	SRX1055095	Illumina HiSeq 2500	ILLUMINA	SRS957819	SAMN03768428	Homo sapiens	SRP059327	2018-06-11 00:00:00 UTC	PRJNA286307	468	808	public	9606.0
SRR2058550	OTHER	public	SRX1055095	Illumina HiSeq 2500	ILLUMINA	SRS957819	SAMN03768428	Homo sapiens	SRP059327	2018-06-11 00:00:00 UTC	PRJNA286307	61	96	public	9606.0
SRR2058551	OTHER	public	SRX1055095	Illumina HiSeq 2500	ILLUMINA	SRS957819	SAMN03768428	Homo sapiens	SRP059327	2018-06-11 00:00:00 UTC	PRJNA286307	470	808	public	9606.0
SRR2058552	OTHER	public	SRX1055095	Illumina HiSeq 2500	ILLUMINA	SRS957819	SAMN03768428	Homo sapiens	SRP059327	2018-06-11 00:00:00 UTC	PRJNA286307	468	808	public	9606.0
SRR2058553	OTHER	public	SRX1055095	Illumina HiSeq 2500	ILLUMINA	SRS957819	SAMN03768428	Homo sapiens	SRP059327	2018-06-11 00:00:00 UTC	PRJNA286307	467	808	public	9606.0
SRR2058554	OTHER	public	SRX1055095	Illumina HiSeq 2500	ILLUMINA	SRS957819	SAMN03768428	Homo sapiens	SRP059327	2018-06-11 00:00:00 UTC	PRJNA286307	468	808	public	9606.0
SRR2058555	OTHER	public	SRX1055095	Illumina HiSeq 2500	ILLUMINA	SRS957819	SAMN03768428	Homo sapiens	SRP059327	2018-06-11 00:00:00 UTC	PRJNA286307	469	808	public	9606.0
SRR2058556	OTHER	public	SRX1055095	Illumina HiSeq 2500	ILLUMINA	SRS957819	SAMN03768428	Homo sapiens	SRP059327	2018-06-11 00:00:00 UTC	PRJNA286307	480	808	public	9606.0
SRR2058557	OTHER	public	SRX1055095	Illumina HiSeq 2500	ILLUMINA	SRS957819	SAMN03768428	Homo sapiens	SRP059327	2018-06-11 00:00:00 UTC	PRJNA286307	473	808	public	9606.0
SRR2058558	OTHER	public	SRX1055095	Illumina HiSeq 2500	ILLUMINA	SRS957819	SAMN03768428	Homo sapiens	SRP059327	2018-06-11 00:00:00 UTC	PRJNA286307	470	808	public	9606.0
SRR2058559	OTHER	public	SRX1055095	Illumina HiSeq 2500	ILLUMINA	SRS957819	SAMN03768428	Homo sapiens	SRP059327	2018-06-11 00:00:00 UTC	PRJNA286307	102	164	public	9606.0
SRR2058560	OTHER	public	SRX1055095	Illumina HiSeq 2500	ILLUMINA	SRS957819	SAMN03768428	Homo sapiens	SRP059327	2018-06-11 00:00:00 UTC	PRJNA286307	468	808	public	9606.0
SRR2058561	OTHER	public	SRX1055095	Illumina HiSeq 2500	ILLUMINA	SRS957819	SAMN03768428	Homo sapiens	SRP059327	2018-06-11 00:00:00 UTC	PRJNA286307	465	808	public	9606.0
SRR2058562	OTHER	public	SRX1055095	Illumina HiSeq 2500	ILLUMINA	SRS957819	SAMN03768428	Homo sapiens	SRP059327	2018-06-11 00:00:00 UTC	PRJNA286307	467	808	public	9606.0
SRR2058563	OTHER	public	SRX1055095	Illumina HiSeq 2500	ILLUMINA	SRS957819	SAMN03768428	Homo sapiens	SRP059327	2018-06-11 00:00:00 UTC	PRJNA286307	471	808	public	9606.0
SRR2058564	OTHER	public	SRX1055095	Illumina HiSeq 2500	ILLUMINA	SRS957819	SAMN03768428	Homo sapiens	SRP059327	2018-06-11 00:00:00 UTC	PRJNA286307	474	808	public	9606.0
SRR2058565	OTHER	public	SRX1055095	Illumina HiSeq 2500	ILLUMINA	SRS957819	SAMN03768428	Homo sapiens	SRP059327	2018-06-11 00:00:00 UTC	PRJNA286307	465	808	public	9606.0
SRR2058566	OTHER	public	SRX1055095	Illumina HiSeq 2500	ILLUMINA	SRS957819	SAMN03768428	Homo sapiens	SRP059327	2018-06-11 00:00:00 UTC	PRJNA286307	470	808	public	9606.0
SRR2058567	OTHER	public	SRX1055095	Illumina HiSeq 2500	ILLUMINA	SRS957819	SAMN03768428	Homo sapiens	SRP059327	2018-06-11 00:00:00 UTC	PRJNA286307	472	808	public	9606.0
SRR2058568	OTHER	public	SRX1055095	Illumina HiSeq 2500	ILLUMINA	SRS957819	SAMN03768428	Homo sapiens	SRP059327	2018-06-11 00:00:00 UTC	PRJNA286307	56	89	public	9606.0
SRR2058569	OTHER	public	SRX1055095	Illumina HiSeq 2500	ILLUMINA	SRS957819	SAMN03768428	Homo sapiens	SRP059327	2018-06-11 00:00:00 UTC	PRJNA286307	470	808	public	9606.0
SRR2058570	OTHER	public	SRX1055095	Illumina HiSeq 2500	ILLUMINA	SRS957819	SAMN03768428	Homo sapiens	SRP059327	2018-06-11 00:00:00 UTC	PRJNA286307	482	808	public	9606.0
SRR2058571	OTHER	public	SRX1055095	Illumina HiSeq 2500	ILLUMINA	SRS957819	SAMN03768428	Homo sapiens	SRP059327	2018-06-11 00:00:00 UTC	PRJNA286307	468	808	public	9606.0
SRR2058572	OTHER	public	SRX1055095	Illumina HiSeq 2500	ILLUMINA	SRS957819	SAMN03768428	Homo sapiens	SRP059327	2018-06-11 00:00:00 UTC	PRJNA286307	472	808	public	9606.0
SRR2058573	OTHER	public	SRX1055095	Illumina HiSeq 2500	ILLUMINA	SRS957819	SAMN03768428	Homo sapiens	SRP059327	2018-06-11 00:00:00 UTC	PRJNA286307	138	222	public	9606.0
SRR2058574	OTHER	public	SRX1055095	Illumina HiSeq 2500	ILLUMINA	SRS957819	SAMN03768428	Homo sapiens	SRP059327	2018-06-11 00:00:00 UTC	PRJNA286307	471	808	public	9606.0
SRR2058575	OTHER	public	SRX1055096	Illumina HiSeq 2500	ILLUMINA	SRS957818	SAMN03768429	Homo sapiens	SRP059327	2018-06-11 00:00:00 UTC	PRJNA286307	471	808	public	9606.0
SRR2058576	OTHER	public	SRX1055096	Illumina HiSeq 2500	ILLUMINA	SRS957818	SAMN03768429	Homo sapiens	SRP059327	2018-06-11 00:00:00 UTC	PRJNA286307	462	808	public	9606.0
SRR2058577	OTHER	public	SRX1055096	Illumina HiSeq 2500	ILLUMINA	SRS957818	SAMN03768429	Homo sapiens	SRP059327	2018-06-11 00:00:00 UTC	PRJNA286307	467	808	public	9606.0
SRR2058578	OTHER	public	SRX1055096	Illumina HiSeq 2500	ILLUMINA	SRS957818	SAMN03768429	Homo sapiens	SRP059327	2018-06-11 00:00:00 UTC	PRJNA286307	471	808	public	9606.0
SRR2058579	OTHER	public	SRX1055096	Illumina HiSeq 2500	ILLUMINA	SRS957818	SAMN03768429	Homo sapiens	SRP059327	2018-06-11 00:00:00 UTC	PRJNA286307	469	808	public	9606.0
SRR2058580	OTHER	public	SRX1055096	Illumina HiSeq 2500	ILLUMINA	SRS957818	SAMN03768429	Homo sapiens	SRP059327	2018-06-11 00:00:00 UTC	PRJNA286307	267	444	public	9606.0
SRR2058581	OTHER	public	SRX1055096	Illumina HiSeq 2500	ILLUMINA	SRS957818	SAMN03768429	Homo sapiens	SRP059327	2018-06-11 00:00:00 UTC	PRJNA286307	470	808	public	9606.0
SRR2058582	OTHER	public	SRX1055096	Illumina HiSeq 2500	ILLUMINA	SRS957818	SAMN03768429	Homo sapiens	SRP059327	2018-06-11 00:00:00 UTC	PRJNA286307	466	808	public	9606.0
SRR2058583	OTHER	public	SRX1055096	Illumina HiSeq 2500	ILLUMINA	SRS957818	SAMN03768429	Homo sapiens	SRP059327	2018-06-11 00:00:00 UTC	PRJNA286307	464	808	public	9606.0
SRR2058584	OTHER	public	SRX1055096	Illumina HiSeq 2500	ILLUMINA	SRS957818	SAMN03768429	Homo sapiens	SRP059327	2018-06-11 00:00:00 UTC	PRJNA286307	467	808	public	9606.0
SRR2058585	OTHER	public	SRX1055096	Illumina HiSeq 2500	ILLUMINA	SRS957818	SAMN03768429	Homo sapiens	SRP059327	2018-06-11 00:00:00 UTC	PRJNA286307	474	808	public	9606.0
SRR2058586	OTHER	public	SRX1055096	Illumina HiSeq 2500	ILLUMINA	SRS957818	SAMN03768429	Homo sapiens	SRP059327	2018-06-11 00:00:00 UTC	PRJNA286307	466	808	public	9606.0
SRR2058587	OTHER	public	SRX1055096	Illumina HiSeq 2500	ILLUMINA	SRS957818	SAMN03768429	Homo sapiens	SRP059327	2018-06-11 00:00:00 UTC	PRJNA286307	473	808	public	9606.0
SRR2058588	OTHER	public	SRX1055096	Illumina HiSeq 2500	ILLUMINA	SRS957818	SAMN03768429	Homo sapiens	SRP059327	2018-06-11 00:00:00 UTC	PRJNA286307	298	498	public	9606.0
SRR2058589	OTHER	public	SRX1055096	Illumina HiSeq 2500	ILLUMINA	SRS957818	SAMN03768429	Homo sapiens	SRP059327	2018-06-11 00:00:00 UTC	PRJNA286307	468	808	public	9606.0
SRR2058590	OTHER	public	SRX1055096	Illumina HiSeq 2500	ILLUMINA	SRS957818	SAMN03768429	Homo sapiens	SRP059327	2018-06-11 00:00:00 UTC	PRJNA286307	464	808	public	9606.0
SRR2058591	OTHER	public	SRX1055096	Illumina HiSeq 2500	ILLUMINA	SRS957818	SAMN03768429	Homo sapiens	SRP059327	2018-06-11 00:00:00 UTC	PRJNA286307	466	808	public	9606.0
SRR2058592	OTHER	public	SRX1055096	Illumina HiSeq 2500	ILLUMINA	SRS957818	SAMN03768429	Homo sapiens	SRP059327	2018-06-11 00:00:00 UTC	PRJNA286307	468	808	public	9606.0
SRR2058593	OTHER	public	SRX1055096	Illumina HiSeq 2500	ILLUMINA	SRS957818	SAMN03768429	Homo sapiens	SRP059327	2018-06-11 00:00:00 UTC	PRJNA286307	468	808	public	9606.0
SRR2058594	OTHER	public	SRX1055096	Illumina HiSeq 2500	ILLUMINA	SRS957818	SAMN03768429	Homo sapiens	SRP059327	2018-06-11 00:00:00 UTC	PRJNA286307	471	808	public	9606.0
SRR2058595	OTHER	public	SRX1055096	Illumina HiSeq 2500	ILLUMINA	SRS957818	SAMN03768429	Homo sapiens	SRP059327	2018-06-11 00:00:00 UTC	PRJNA286307	262	435	public	9606.0
SRR2058596	OTHER	public	SRX1055096	Illumina HiSeq 2500	ILLUMINA	SRS957818	SAMN03768429	Homo sapiens	SRP059327	2018-06-11 00:00:00 UTC	PRJNA286307	462	808	public	9606.0
SRR2058597	OTHER	public	SRX1055096	Illumina HiSeq 2500	ILLUMINA	SRS957818	SAMN03768429	Homo sapiens	SRP059327	2018-06-11 00:00:00 UTC	PRJNA286307	469	808	public	9606.0
SRR2058598	OTHER	public	SRX1055096	Illumina HiSeq 2500	ILLUMINA	SRS957818	SAMN03768429	Homo sapiens	SRP059327	2018-06-11 00:00:00 UTC	PRJNA286307	475	808	public	9606.0
SRR2058599	OTHER	public	SRX1055096	Illumina HiSeq 2500	ILLUMINA	SRS957818	SAMN03768429	Homo sapiens	SRP059327	2018-06-11 00:00:00 UTC	PRJNA286307	473	808	public	9606.0
SRR2058600	OTHER	public	SRX1055096	Illumina HiSeq 2500	ILLUMINA	SRS957818	SAMN03768429	Homo sapiens	SRP059327	2018-06-11 00:00:00 UTC	PRJNA286307	332	558	public	9606.0
SRR2058601	OTHER	public	SRX1055096	Illumina HiSeq 2500	ILLUMINA	SRS957818	SAMN03768429	Homo sapiens	SRP059327	2018-06-11 00:00:00 UTC	PRJNA286307	471	808	public	9606.0
SRR2058602	OTHER	public	SRX1055096	Illumina HiSeq 2500	ILLUMINA	SRS957818	SAMN03768429	Homo sapiens	SRP059327	2018-06-11 00:00:00 UTC	PRJNA286307	465	808	public	9606.0
SRR2058603	OTHER	public	SRX1055097	Illumina HiSeq 2500	ILLUMINA	SRS957817	SAMN03768430	Homo sapiens	SRP059327	2018-06-11 00:00:00 UTC	PRJNA286307	472	808	public	9606.0
SRR2058604	OTHER	public	SRX1055097	Illumina HiSeq 2500	ILLUMINA	SRS957817	SAMN03768430	Homo sapiens	SRP059327	2018-06-11 00:00:00 UTC	PRJNA286307	474	808	public	9606.0
SRR2058605	OTHER	public	SRX1055097	Illumina HiSeq 2500	ILLUMINA	SRS957817	SAMN03768430	Homo sapiens	SRP059327	2018-06-11 00:00:00 UTC	PRJNA286307	486	808	public	9606.0
SRR2058606	OTHER	public	SRX1055097	Illumina HiSeq 2500	ILLUMINA	SRS957817	SAMN03768430	Homo sapiens	SRP059327	2018-06-11 00:00:00 UTC	PRJNA286307	407	687	public	9606.0
SRR2058607	OTHER	public	SRX1055097	Illumina HiSeq 2500	ILLUMINA	SRS957817	SAMN03768430	Homo sapiens	SRP059327	2018-06-11 00:00:00 UTC	PRJNA286307	470	808	public	9606.0
SRR2058608	OTHER	public	SRX1055097	Illumina HiSeq 2500	ILLUMINA	SRS957817	SAMN03768430	Homo sapiens	SRP059327	2018-06-11 00:00:00 UTC	PRJNA286307	465	808	public	9606.0
SRR2058609	OTHER	public	SRX1055097	Illumina HiSeq 2500	ILLUMINA	SRS957817	SAMN03768430	Homo sapiens	SRP059327	2018-06-11 00:00:00 UTC	PRJNA286307	472	808	public	9606.0
SRR2058610	OTHER	public	SRX1055097	Illumina HiSeq 2500	ILLUMINA	SRS957817	SAMN03768430	Homo sapiens	SRP059327	2018-06-11 00:00:00 UTC	PRJNA286307	474	808	public	9606.0
SRR2058611	OTHER	public	SRX1055097	Illumina HiSeq 2500	ILLUMINA	SRS957817	SAMN03768430	Homo sapiens	SRP059327	2018-06-11 00:00:00 UTC	PRJNA286307	466	808	public	9606.0
SRR2058612	OTHER	public	SRX1055097	Illumina HiSeq 2500	ILLUMINA	SRS957817	SAMN03768430	Homo sapiens	SRP059327	2018-06-11 00:00:00 UTC	PRJNA286307	401	679	public	9606.0
SRR2058613	OTHER	public	SRX1055097	Illumina HiSeq 2500	ILLUMINA	SRS957817	SAMN03768430	Homo sapiens	SRP059327	2018-06-11 00:00:00 UTC	PRJNA286307	470	808	public	9606.0
SRR2058614	OTHER	public	SRX1055097	Illumina HiSeq 2500	ILLUMINA	SRS957817	SAMN03768430	Homo sapiens	SRP059327	2018-06-11 00:00:00 UTC	PRJNA286307	466	808	public	9606.0
SRR2058615	OTHER	public	SRX1055097	Illumina HiSeq 2500	ILLUMINA	SRS957817	SAMN03768430	Homo sapiens	SRP059327	2018-06-11 00:00:00 UTC	PRJNA286307	473	808	public	9606.0
SRR2058616	OTHER	public	SRX1055097	Illumina HiSeq 2500	ILLUMINA	SRS957817	SAMN03768430	Homo sapiens	SRP059327	2018-06-11 00:00:00 UTC	PRJNA286307	469	808	public	9606.0
SRR2058617	OTHER	public	SRX1055097	Illumina HiSeq 2500	ILLUMINA	SRS957817	SAMN03768430	Homo sapiens	SRP059327	2018-06-11 00:00:00 UTC	PRJNA286307	477	808	public	9606.0
SRR2058618	OTHER	public	SRX1055097	Illumina HiSeq 2500	ILLUMINA	SRS957817	SAMN03768430	Homo sapiens	SRP059327	2018-06-11 00:00:00 UTC	PRJNA286307	486	808	public	9606.0
SRR2058619	OTHER	public	SRX1055097	Illumina HiSeq 2500	ILLUMINA	SRS957817	SAMN03768430	Homo sapiens	SRP059327	2018-06-11 00:00:00 UTC	PRJNA286307	388	644	public	9606.0
SRR2058620	OTHER	public	SRX1055097	Illumina HiSeq 2500	ILLUMINA	SRS957817	SAMN03768430	Homo sapiens	SRP059327	2018-06-11 00:00:00 UTC	PRJNA286307	470	808	public	9606.0
SRR2058621	OTHER	public	SRX1055097	Illumina HiSeq 2500	ILLUMINA	SRS957817	SAMN03768430	Homo sapiens	SRP059327	2018-06-11 00:00:00 UTC	PRJNA286307	473	808	public	9606.0
SRR2058622	OTHER	public	SRX1055097	Illumina HiSeq 2500	ILLUMINA	SRS957817	SAMN03768430	Homo sapiens	SRP059327	2018-06-11 00:00:00 UTC	PRJNA286307	468	808	public	9606.0
SRR2058623	OTHER	public	SRX1055097	Illumina HiSeq 2500	ILLUMINA	SRS957817	SAMN03768430	Homo sapiens	SRP059327	2018-06-11 00:00:00 UTC	PRJNA286307	421	716	public	9606.0
SRR2058624	OTHER	public	SRX1055097	Illumina HiSeq 2500	ILLUMINA	SRS957817	SAMN03768430	Homo sapiens	SRP059327	2018-06-11 00:00:00 UTC	PRJNA286307	470	808	public	9606.0
SRR2058625	OTHER	public	SRX1055097	Illumina HiSeq 2500	ILLUMINA	SRS957817	SAMN03768430	Homo sapiens	SRP059327	2018-06-11 00:00:00 UTC	PRJNA286307	465	808	public	9606.0
SRR2058626	OTHER	public	SRX1055097	Illumina HiSeq 2500	ILLUMINA	SRS957817	SAMN03768430	Homo sapiens	SRP059327	2018-06-11 00:00:00 UTC	PRJNA286307	473	808	public	9606.0
SRR2058627	OTHER	public	SRX1055098	Illumina HiSeq 2500	ILLUMINA	SRS957816	SAMN03768431	Homo sapiens	SRP059327	2018-06-11 00:00:00 UTC	PRJNA286307	473	808	public	9606.0
SRR2058628	OTHER	public	SRX1055098	Illumina HiSeq 2500	ILLUMINA	SRS957816	SAMN03768431	Homo sapiens	SRP059327	2018-06-11 00:00:00 UTC	PRJNA286307	473	808	public	9606.0
SRR2058629	OTHER	public	SRX1055098	Illumina HiSeq 2500	ILLUMINA	SRS957816	SAMN03768431	Homo sapiens	SRP059327	2018-06-11 00:00:00 UTC	PRJNA286307	472	808	public	9606.0
SRR2058630	OTHER	public	SRX1055098	Illumina HiSeq 2500	ILLUMINA	SRS957816	SAMN03768431	Homo sapiens	SRP059327	2018-06-11 00:00:00 UTC	PRJNA286307	487	808	public	9606.0
SRR2058631	OTHER	public	SRX1055098	Illumina HiSeq 2500	ILLUMINA	SRS957816	SAMN03768431	Homo sapiens	SRP059327	2018-06-11 00:00:00 UTC	PRJNA286307	479	808	public	9606.0
SRR2058632	OTHER	public	SRX1055098	Illumina HiSeq 2500	ILLUMINA	SRS957816	SAMN03768431	Homo sapiens	SRP059327	2018-06-11 00:00:00 UTC	PRJNA286307	139	224	public	9606.0
SRR2058633	OTHER	public	SRX1055098	Illumina HiSeq 2500	ILLUMINA	SRS957816	SAMN03768431	Homo sapiens	SRP059327	2018-06-11 00:00:00 UTC	PRJNA286307	471	808	public	9606.0
SRR2058634	OTHER	public	SRX1055098	Illumina HiSeq 2500	ILLUMINA	SRS957816	SAMN03768431	Homo sapiens	SRP059327	2018-06-11 00:00:00 UTC	PRJNA286307	466	808	public	9606.0
SRR2058635	OTHER	public	SRX1055098	Illumina HiSeq 2500	ILLUMINA	SRS957816	SAMN03768431	Homo sapiens	SRP059327	2018-06-11 00:00:00 UTC	PRJNA286307	472	808	public	9606.0
SRR2058636	OTHER	public	SRX1055098	Illumina HiSeq 2500	ILLUMINA	SRS957816	SAMN03768431	Homo sapiens	SRP059327	2018-06-11 00:00:00 UTC	PRJNA286307	473	808	public	9606.0
SRR2058637	OTHER	public	SRX1055098	Illumina HiSeq 2500	ILLUMINA	SRS957816	SAMN03768431	Homo sapiens	SRP059327	2018-06-11 00:00:00 UTC	PRJNA286307	470	808	public	9606.0
SRR2058638	OTHER	public	SRX1055098	Illumina HiSeq 2500	ILLUMINA	SRS957816	SAMN03768431	Homo sapiens	SRP059327	2018-06-11 00:00:00 UTC	PRJNA286307	467	808	public	9606.0
SRR2058639	OTHER	public	SRX1055098	Illumina HiSeq 2500	ILLUMINA	SRS957816	SAMN03768431	Homo sapiens	SRP059327	2018-06-11 00:00:00 UTC	PRJNA286307	474	808	public	9606.0
SRR2058640	OTHER	public	SRX1055098	Illumina HiSeq 2500	ILLUMINA	SRS957816	SAMN03768431	Homo sapiens	SRP059327	2018-06-11 00:00:00 UTC	PRJNA286307	137	221	public	9606.0
SRR2058641	OTHER	public	SRX1055098	Illumina HiSeq 2500	ILLUMINA	SRS957816	SAMN03768431	Homo sapiens	SRP059327	2018-06-11 00:00:00 UTC	PRJNA286307	469	808	public	9606.0
SRR2058642	OTHER	public	SRX1055098	Illumina HiSeq 2500	ILLUMINA	SRS957816	SAMN03768431	Homo sapiens	SRP059327	2018-06-11 00:00:00 UTC	PRJNA286307	471	808	public	9606.0
SRR2058643	OTHER	public	SRX1055098	Illumina HiSeq 2500	ILLUMINA	SRS957816	SAMN03768431	Homo sapiens	SRP059327	2018-06-11 00:00:00 UTC	PRJNA286307	472	808	public	9606.0
SRR2058644	OTHER	public	SRX1055098	Illumina HiSeq 2500	ILLUMINA	SRS957816	SAMN03768431	Homo sapiens	SRP059327	2018-06-11 00:00:00 UTC	PRJNA286307	471	808	public	9606.0
SRR2058645	OTHER	public	SRX1055098	Illumina HiSeq 2500	ILLUMINA	SRS957816	SAMN03768431	Homo sapiens	SRP059327	2018-06-11 00:00:00 UTC	PRJNA286307	487	808	public	9606.0
SRR2058646	OTHER	public	SRX1055098	Illumina HiSeq 2500	ILLUMINA	SRS957816	SAMN03768431	Homo sapiens	SRP059327	2018-06-11 00:00:00 UTC	PRJNA286307	489	808	public	9606.0
SRR2058647	OTHER	public	SRX1055098	Illumina HiSeq 2500	ILLUMINA	SRS957816	SAMN03768431	Homo sapiens	SRP059327	2018-06-11 00:00:00 UTC	PRJNA286307	115	183	public	9606.0
SRR2058648	OTHER	public	SRX1055098	Illumina HiSeq 2500	ILLUMINA	SRS957816	SAMN03768431	Homo sapiens	SRP059327	2018-06-11 00:00:00 UTC	PRJNA286307	469	808	public	9606.0
SRR2058649	OTHER	public	SRX1055098	Illumina HiSeq 2500	ILLUMINA	SRS957816	SAMN03768431	Homo sapiens	SRP059327	2018-06-11 00:00:00 UTC	PRJNA286307	473	808	public	9606.0
SRR2058650	OTHER	public	SRX1055098	Illumina HiSeq 2500	ILLUMINA	SRS957816	SAMN03768431	Homo sapiens	SRP059327	2018-06-11 00:00:00 UTC	PRJNA286307	470	808	public	9606.0
SRR2058651	OTHER	public	SRX1055098	Illumina HiSeq 2500	ILLUMINA	SRS957816	SAMN03768431	Homo sapiens	SRP059327	2018-06-11 00:00:00 UTC	PRJNA286307	473	808	public	9606.0
SRR2058652	OTHER	public	SRX1055098	Illumina HiSeq 2500	ILLUMINA	SRS957816	SAMN03768431	Homo sapiens	SRP059327	2018-06-11 00:00:00 UTC	PRJNA286307	154	250	public	9606.0
SRR2058653	OTHER	public	SRX1055098	Illumina HiSeq 2500	ILLUMINA	SRS957816	SAMN03768431	Homo sapiens	SRP059327	2018-06-11 00:00:00 UTC	PRJNA286307	470	808	public	9606.0
SRR2058654	OTHER	public	SRX1055098	Illumina HiSeq 2500	ILLUMINA	SRS957816	SAMN03768431	Homo sapiens	SRP059327	2018-06-11 00:00:00 UTC	PRJNA286307	466	808	public	9606.0
SRR2058655	OTHER	public	SRX1055099	Illumina HiSeq 2500	ILLUMINA	SRS957815	SAMN03768432	Homo sapiens	SRP059327	2018-06-11 00:00:00 UTC	PRJNA286307	470	808	public	9606.0
SRR2058656	OTHER	public	SRX1055099	Illumina HiSeq 2500	ILLUMINA	SRS957815	SAMN03768432	Homo sapiens	SRP059327	2018-06-11 00:00:00 UTC	PRJNA286307	471	808	public	9606.0
SRR2058657	OTHER	public	SRX1055099	Illumina HiSeq 2500	ILLUMINA	SRS957815	SAMN03768432	Homo sapiens	SRP059327	2018-06-11 00:00:00 UTC	PRJNA286307	470	808	public	9606.0
SRR2058658	OTHER	public	SRX1055099	Illumina HiSeq 2500	ILLUMINA	SRS957815	SAMN03768432	Homo sapiens	SRP059327	2018-06-11 00:00:00 UTC	PRJNA286307	485	808	public	9606.0
SRR2058659	OTHER	public	SRX1055099	Illumina HiSeq 2500	ILLUMINA	SRS957815	SAMN03768432	Homo sapiens	SRP059327	2018-06-11 00:00:00 UTC	PRJNA286307	480	808	public	9606.0
SRR2058660	OTHER	public	SRX1055099	Illumina HiSeq 2500	ILLUMINA	SRS957815	SAMN03768432	Homo sapiens	SRP059327	2018-06-11 00:00:00 UTC	PRJNA286307	223	366	public	9606.0
SRR2058661	OTHER	public	SRX1055099	Illumina HiSeq 2500	ILLUMINA	SRS957815	SAMN03768432	Homo sapiens	SRP059327	2018-06-11 00:00:00 UTC	PRJNA286307	468	808	public	9606.0
SRR2058662	OTHER	public	SRX1055099	Illumina HiSeq 2500	ILLUMINA	SRS957815	SAMN03768432	Homo sapiens	SRP059327	2018-06-11 00:00:00 UTC	PRJNA286307	464	808	public	9606.0
SRR2058663	OTHER	public	SRX1055099	Illumina HiSeq 2500	ILLUMINA	SRS957815	SAMN03768432	Homo sapiens	SRP059327	2018-06-11 00:00:00 UTC	PRJNA286307	470	808	public	9606.0
SRR2058664	OTHER	public	SRX1055099	Illumina HiSeq 2500	ILLUMINA	SRS957815	SAMN03768432	Homo sapiens	SRP059327	2018-06-11 00:00:00 UTC	PRJNA286307	471	808	public	9606.0
SRR2058665	OTHER	public	SRX1055099	Illumina HiSeq 2500	ILLUMINA	SRS957815	SAMN03768432	Homo sapiens	SRP059327	2018-06-11 00:00:00 UTC	PRJNA286307	470	808	public	9606.0
SRR2058666	OTHER	public	SRX1055099	Illumina HiSeq 2500	ILLUMINA	SRS957815	SAMN03768432	Homo sapiens	SRP059327	2018-06-11 00:00:00 UTC	PRJNA286307	465	808	public	9606.0
SRR2058667	OTHER	public	SRX1055099	Illumina HiSeq 2500	ILLUMINA	SRS957815	SAMN03768432	Homo sapiens	SRP059327	2018-06-11 00:00:00 UTC	PRJNA286307	471	808	public	9606.0
SRR2058668	OTHER	public	SRX1055099	Illumina HiSeq 2500	ILLUMINA	SRS957815	SAMN03768432	Homo sapiens	SRP059327	2018-06-11 00:00:00 UTC	PRJNA286307	218	357	public	9606.0
SRR2058669	OTHER	public	SRX1055099	Illumina HiSeq 2500	ILLUMINA	SRS957815	SAMN03768432	Homo sapiens	SRP059327	2018-06-11 00:00:00 UTC	PRJNA286307	467	808	public	9606.0
SRR2058670	OTHER	public	SRX1055099	Illumina HiSeq 2500	ILLUMINA	SRS957815	SAMN03768432	Homo sapiens	SRP059327	2018-06-11 00:00:00 UTC	PRJNA286307	470	808	public	9606.0
SRR2058671	OTHER	public	SRX1055099	Illumina HiSeq 2500	ILLUMINA	SRS957815	SAMN03768432	Homo sapiens	SRP059327	2018-06-11 00:00:00 UTC	PRJNA286307	471	808	public	9606.0
SRR2058672	OTHER	public	SRX1055099	Illumina HiSeq 2500	ILLUMINA	SRS957815	SAMN03768432	Homo sapiens	SRP059327	2018-06-11 00:00:00 UTC	PRJNA286307	469	808	public	9606.0
SRR2058673	OTHER	public	SRX1055099	Illumina HiSeq 2500	ILLUMINA	SRS957815	SAMN03768432	Homo sapiens	SRP059327	2018-06-11 00:00:00 UTC	PRJNA286307	485	808	public	9606.0
SRR2058674	OTHER	public	SRX1055099	Illumina HiSeq 2500	ILLUMINA	SRS957815	SAMN03768432	Homo sapiens	SRP059327	2018-06-11 00:00:00 UTC	PRJNA286307	488	808	public	9606.0
SRR2058675	OTHER	public	SRX1055099	Illumina HiSeq 2500	ILLUMINA	SRS957815	SAMN03768432	Homo sapiens	SRP059327	2018-06-11 00:00:00 UTC	PRJNA286307	199	321	public	9606.0
SRR2058676	OTHER	public	SRX1055099	Illumina HiSeq 2500	ILLUMINA	SRS957815	SAMN03768432	Homo sapiens	SRP059327	2018-06-11 00:00:00 UTC	PRJNA286307	468	808	public	9606.0
SRR2058677	OTHER	public	SRX1055099	Illumina HiSeq 2500	ILLUMINA	SRS957815	SAMN03768432	Homo sapiens	SRP059327	2018-06-11 00:00:00 UTC	PRJNA286307	471	808	public	9606.0
SRR2058678	OTHER	public	SRX1055099	Illumina HiSeq 2500	ILLUMINA	SRS957815	SAMN03768432	Homo sapiens	SRP059327	2018-06-11 00:00:00 UTC	PRJNA286307	470	808	public	9606.0
SRR2058679	OTHER	public	SRX1055099	Illumina HiSeq 2500	ILLUMINA	SRS957815	SAMN03768432	Homo sapiens	SRP059327	2018-06-11 00:00:00 UTC	PRJNA286307	472	808	public	9606.0
SRR2058680	OTHER	public	SRX1055099	Illumina HiSeq 2500	ILLUMINA	SRS957815	SAMN03768432	Homo sapiens	SRP059327	2018-06-11 00:00:00 UTC	PRJNA286307	237	392	public	9606.0
SRR2058681	OTHER	public	SRX1055099	Illumina HiSeq 2500	ILLUMINA	SRS957815	SAMN03768432	Homo sapiens	SRP059327	2018-06-11 00:00:00 UTC	PRJNA286307	468	808	public	9606.0
SRR2058682	OTHER	public	SRX1055099	Illumina HiSeq 2500	ILLUMINA	SRS957815	SAMN03768432	Homo sapiens	SRP059327	2018-06-11 00:00:00 UTC	PRJNA286307	464	808	public	9606.0
SRR2058683	OTHER	public	SRX1055100	Illumina HiSeq 2500	ILLUMINA	SRS957814	SAMN03768433	Homo sapiens	SRP059327	2018-06-11 00:00:00 UTC	PRJNA286307	468	808	public	9606.0
SRR2058684	OTHER	public	SRX1055100	Illumina HiSeq 2500	ILLUMINA	SRS957814	SAMN03768433	Homo sapiens	SRP059327	2018-06-11 00:00:00 UTC	PRJNA286307	469	808	public	9606.0
SRR2058685	OTHER	public	SRX1055100	Illumina HiSeq 2500	ILLUMINA	SRS957814	SAMN03768433	Homo sapiens	SRP059327	2018-06-11 00:00:00 UTC	PRJNA286307	470	808	public	9606.0
SRR2058686	OTHER	public	SRX1055100	Illumina HiSeq 2500	ILLUMINA	SRS957814	SAMN03768433	Homo sapiens	SRP059327	2018-06-11 00:00:00 UTC	PRJNA286307	482	808	public	9606.0
SRR2058687	OTHER	public	SRX1055100	Illumina HiSeq 2500	ILLUMINA	SRS957814	SAMN03768433	Homo sapiens	SRP059327	2018-06-11 00:00:00 UTC	PRJNA286307	485	808	public	9606.0
SRR2058688	OTHER	public	SRX1055100	Illumina HiSeq 2500	ILLUMINA	SRS957814	SAMN03768433	Homo sapiens	SRP059327	2018-06-11 00:00:00 UTC	PRJNA286307	433	727	public	9606.0
SRR2058689	OTHER	public	SRX1055100	Illumina HiSeq 2500	ILLUMINA	SRS957814	SAMN03768433	Homo sapiens	SRP059327	2018-06-11 00:00:00 UTC	PRJNA286307	466	808	public	9606.0
SRR2058690	OTHER	public	SRX1055100	Illumina HiSeq 2500	ILLUMINA	SRS957814	SAMN03768433	Homo sapiens	SRP059327	2018-06-11 00:00:00 UTC	PRJNA286307	463	808	public	9606.0
SRR2058691	OTHER	public	SRX1055100	Illumina HiSeq 2500	ILLUMINA	SRS957814	SAMN03768433	Homo sapiens	SRP059327	2018-06-11 00:00:00 UTC	PRJNA286307	468	808	public	9606.0
SRR2058692	OTHER	public	SRX1055100	Illumina HiSeq 2500	ILLUMINA	SRS957814	SAMN03768433	Homo sapiens	SRP059327	2018-06-11 00:00:00 UTC	PRJNA286307	471	808	public	9606.0
SRR2058693	OTHER	public	SRX1055100	Illumina HiSeq 2500	ILLUMINA	SRS957814	SAMN03768433	Homo sapiens	SRP059327	2018-06-11 00:00:00 UTC	PRJNA286307	474	808	public	9606.0
SRR2058694	OTHER	public	SRX1055100	Illumina HiSeq 2500	ILLUMINA	SRS957814	SAMN03768433	Homo sapiens	SRP059327	2018-06-11 00:00:00 UTC	PRJNA286307	464	808	public	9606.0
SRR2058695	OTHER	public	SRX1055100	Illumina HiSeq 2500	ILLUMINA	SRS957814	SAMN03768433	Homo sapiens	SRP059327	2018-06-11 00:00:00 UTC	PRJNA286307	470	808	public	9606.0
SRR2058696	OTHER	public	SRX1055100	Illumina HiSeq 2500	ILLUMINA	SRS957814	SAMN03768433	Homo sapiens	SRP059327	2018-06-11 00:00:00 UTC	PRJNA286307	427	720	public	9606.0
SRR2058697	OTHER	public	SRX1055100	Illumina HiSeq 2500	ILLUMINA	SRS957814	SAMN03768433	Homo sapiens	SRP059327	2018-06-11 00:00:00 UTC	PRJNA286307	465	808	public	9606.0
SRR2058698	OTHER	public	SRX1055100	Illumina HiSeq 2500	ILLUMINA	SRS957814	SAMN03768433	Homo sapiens	SRP059327	2018-06-11 00:00:00 UTC	PRJNA286307	468	808	public	9606.0
SRR2058699	OTHER	public	SRX1055100	Illumina HiSeq 2500	ILLUMINA	SRS957814	SAMN03768433	Homo sapiens	SRP059327	2018-06-11 00:00:00 UTC	PRJNA286307	471	808	public	9606.0
SRR2058700	OTHER	public	SRX1055100	Illumina HiSeq 2500	ILLUMINA	SRS957814	SAMN03768433	Homo sapiens	SRP059327	2018-06-11 00:00:00 UTC	PRJNA286307	468	808	public	9606.0
SRR2058701	OTHER	public	SRX1055100	Illumina HiSeq 2500	ILLUMINA	SRS957814	SAMN03768433	Homo sapiens	SRP059327	2018-06-11 00:00:00 UTC	PRJNA286307	484	808	public	9606.0
SRR2058702	OTHER	public	SRX1055100	Illumina HiSeq 2500	ILLUMINA	SRS957814	SAMN03768433	Homo sapiens	SRP059327	2018-06-11 00:00:00 UTC	PRJNA286307	489	808	public	9606.0
SRR2058703	OTHER	public	SRX1055100	Illumina HiSeq 2500	ILLUMINA	SRS957814	SAMN03768433	Homo sapiens	SRP059327	2018-06-11 00:00:00 UTC	PRJNA286307	414	687	public	9606.0
SRR2058704	OTHER	public	SRX1055100	Illumina HiSeq 2500	ILLUMINA	SRS957814	SAMN03768433	Homo sapiens	SRP059327	2018-06-11 00:00:00 UTC	PRJNA286307	466	808	public	9606.0
SRR2058705	OTHER	public	SRX1055100	Illumina HiSeq 2500	ILLUMINA	SRS957814	SAMN03768433	Homo sapiens	SRP059327	2018-06-11 00:00:00 UTC	PRJNA286307	470	808	public	9606.0
SRR2058706	OTHER	public	SRX1055100	Illumina HiSeq 2500	ILLUMINA	SRS957814	SAMN03768433	Homo sapiens	SRP059327	2018-06-11 00:00:00 UTC	PRJNA286307	472	808	public	9606.0
SRR2058707	OTHER	public	SRX1055100	Illumina HiSeq 2500	ILLUMINA	SRS957814	SAMN03768433	Homo sapiens	SRP059327	2018-06-11 00:00:00 UTC	PRJNA286307	471	808	public	9606.0
SRR2058708	OTHER	public	SRX1055100	Illumina HiSeq 2500	ILLUMINA	SRS957814	SAMN03768433	Homo sapiens	SRP059327	2018-06-11 00:00:00 UTC	PRJNA286307	449	761	public	9606.0
SRR2058709	OTHER	public	SRX1055100	Illumina HiSeq 2500	ILLUMINA	SRS957814	SAMN03768433	Homo sapiens	SRP059327	2018-06-11 00:00:00 UTC	PRJNA286307	466	808	public	9606.0
SRR2058710	OTHER	public	SRX1055100	Illumina HiSeq 2500	ILLUMINA	SRS957814	SAMN03768433	Homo sapiens	SRP059327	2018-06-11 00:00:00 UTC	PRJNA286307	463	808	public	9606.0
SRR2058711	ChIP-Seq	public	SRX1055101	Illumina HiSeq 2500	ILLUMINA	SRS957813	SAMN03768434	Homo sapiens	SRP059327	2018-06-11 00:00:00 UTC	PRJNA286307	120	204	public	9606.0
SRR2058712	ChIP-Seq	public	SRX1055101	Illumina HiSeq 2500	ILLUMINA	SRS957813	SAMN03768434	Homo sapiens	SRP059327	2018-06-11 00:00:00 UTC	PRJNA286307	121	204	public	9606.0
SRR2058713	ChIP-Seq	public	SRX1055101	Illumina HiSeq 2500	ILLUMINA	SRS957813	SAMN03768434	Homo sapiens	SRP059327	2018-06-11 00:00:00 UTC	PRJNA286307	119	204	public	9606.0
SRR2058714	ChIP-Seq	public	SRX1055101	Illumina HiSeq 2500	ILLUMINA	SRS957813	SAMN03768434	Homo sapiens	SRP059327	2018-06-11 00:00:00 UTC	PRJNA286307	35	58	public	9606.0
SRR2058715	ChIP-Seq	public	SRX1055101	Illumina HiSeq 2500	ILLUMINA	SRS957813	SAMN03768434	Homo sapiens	SRP059327	2018-06-11 00:00:00 UTC	PRJNA286307	119	204	public	9606.0
SRR2058716	ChIP-Seq	public	SRX1055101	Illumina HiSeq 2500	ILLUMINA	SRS957813	SAMN03768434	Homo sapiens	SRP059327	2018-06-11 00:00:00 UTC	PRJNA286307	118	204	public	9606.0
SRR2058717	ChIP-Seq	public	SRX1055101	Illumina HiSeq 2500	ILLUMINA	SRS957813	SAMN03768434	Homo sapiens	SRP059327	2018-06-11 00:00:00 UTC	PRJNA286307	120	204	public	9606.0
SRR2058718	ChIP-Seq	public	SRX1055101	Illumina HiSeq 2500	ILLUMINA	SRS957813	SAMN03768434	Homo sapiens	SRP059327	2018-06-11 00:00:00 UTC	PRJNA286307	119	204	public	9606.0
SRR2058719	ChIP-Seq	public	SRX1055101	Illumina HiSeq 2500	ILLUMINA	SRS957813	SAMN03768434	Homo sapiens	SRP059327	2018-06-11 00:00:00 UTC	PRJNA286307	102	173	public	9606.0
SRR2058720	ChIP-Seq	public	SRX1055101	Illumina HiSeq 2500	ILLUMINA	SRS957813	SAMN03768434	Homo sapiens	SRP059327	2018-06-11 00:00:00 UTC	PRJNA286307	120	204	public	9606.0
SRR2058721	ChIP-Seq	public	SRX1055101	Illumina HiSeq 2500	ILLUMINA	SRS957813	SAMN03768434	Homo sapiens	SRP059327	2018-06-11 00:00:00 UTC	PRJNA286307	119	204	public	9606.0
SRR2058722	ChIP-Seq	public	SRX1055101	Illumina HiSeq 2500	ILLUMINA	SRS957813	SAMN03768434	Homo sapiens	SRP059327	2018-06-11 00:00:00 UTC	PRJNA286307	119	204	public	9606.0
SRR2058723	ChIP-Seq	public	SRX1055102	Illumina HiSeq 2500	ILLUMINA	SRS957812	SAMN03768435	Homo sapiens	SRP059327	2018-06-11 00:00:00 UTC	PRJNA286307	120	204	public	9606.0
SRR2058724	ChIP-Seq	public	SRX1055102	Illumina HiSeq 2500	ILLUMINA	SRS957812	SAMN03768435	Homo sapiens	SRP059327	2018-06-11 00:00:00 UTC	PRJNA286307	121	204	public	9606.0
SRR2058725	ChIP-Seq	public	SRX1055102	Illumina HiSeq 2500	ILLUMINA	SRS957812	SAMN03768435	Homo sapiens	SRP059327	2018-06-11 00:00:00 UTC	PRJNA286307	120	204	public	9606.0
SRR2058726	ChIP-Seq	public	SRX1055102	Illumina HiSeq 2500	ILLUMINA	SRS957812	SAMN03768435	Homo sapiens	SRP059327	2018-06-11 00:00:00 UTC	PRJNA286307	105	178	public	9606.0
SRR2058727	ChIP-Seq	public	SRX1055102	Illumina HiSeq 2500	ILLUMINA	SRS957812	SAMN03768435	Homo sapiens	SRP059327	2018-06-11 00:00:00 UTC	PRJNA286307	120	204	public	9606.0
SRR2058728	ChIP-Seq	public	SRX1055102	Illumina HiSeq 2500	ILLUMINA	SRS957812	SAMN03768435	Homo sapiens	SRP059327	2018-06-11 00:00:00 UTC	PRJNA286307	119	204	public	9606.0
SRR2058729	ChIP-Seq	public	SRX1055102	Illumina HiSeq 2500	ILLUMINA	SRS957812	SAMN03768435	Homo sapiens	SRP059327	2018-06-11 00:00:00 UTC	PRJNA286307	121	204	public	9606.0
SRR2058730	ChIP-Seq	public	SRX1055102	Illumina HiSeq 2500	ILLUMINA	SRS957812	SAMN03768435	Homo sapiens	SRP059327	2018-06-11 00:00:00 UTC	PRJNA286307	120	204	public	9606.0
SRR2058731	ChIP-Seq	public	SRX1055102	Illumina HiSeq 2500	ILLUMINA	SRS957812	SAMN03768435	Homo sapiens	SRP059327	2018-06-11 00:00:00 UTC	PRJNA286307	85	144	public	9606.0
SRR2058732	ChIP-Seq	public	SRX1055102	Illumina HiSeq 2500	ILLUMINA	SRS957812	SAMN03768435	Homo sapiens	SRP059327	2018-06-11 00:00:00 UTC	PRJNA286307	120	204	public	9606.0
SRR2058733	ChIP-Seq	public	SRX1055102	Illumina HiSeq 2500	ILLUMINA	SRS957812	SAMN03768435	Homo sapiens	SRP059327	2018-06-11 00:00:00 UTC	PRJNA286307	120	204	public	9606.0
SRR2058734	ChIP-Seq	public	SRX1055102	Illumina HiSeq 2500	ILLUMINA	SRS957812	SAMN03768435	Homo sapiens	SRP059327	2018-06-11 00:00:00 UTC	PRJNA286307	119	204	public	9606.0
SRR2058735	ChIP-Seq	public	SRX1055103	Illumina HiSeq 2500	ILLUMINA	SRS957811	SAMN03768436	Homo sapiens	SRP059327	2018-06-11 00:00:00 UTC	PRJNA286307	119	204	public	9606.0
SRR2058736	ChIP-Seq	public	SRX1055103	Illumina HiSeq 2500	ILLUMINA	SRS957811	SAMN03768436	Homo sapiens	SRP059327	2018-06-11 00:00:00 UTC	PRJNA286307	119	204	public	9606.0
SRR2058737	ChIP-Seq	public	SRX1055103	Illumina HiSeq 2500	ILLUMINA	SRS957811	SAMN03768436	Homo sapiens	SRP059327	2018-06-11 00:00:00 UTC	PRJNA286307	118	204	public	9606.0
SRR2058738	ChIP-Seq	public	SRX1055103	Illumina HiSeq 2500	ILLUMINA	SRS957811	SAMN03768436	Homo sapiens	SRP059327	2018-06-11 00:00:00 UTC	PRJNA286307	114	196	public	9606.0
SRR2058739	ChIP-Seq	public	SRX1055103	Illumina HiSeq 2500	ILLUMINA	SRS957811	SAMN03768436	Homo sapiens	SRP059327	2018-06-11 00:00:00 UTC	PRJNA286307	119	204	public	9606.0
SRR2058740	ChIP-Seq	public	SRX1055103	Illumina HiSeq 2500	ILLUMINA	SRS957811	SAMN03768436	Homo sapiens	SRP059327	2018-06-11 00:00:00 UTC	PRJNA286307	118	204	public	9606.0
SRR2058741	ChIP-Seq	public	SRX1055103	Illumina HiSeq 2500	ILLUMINA	SRS957811	SAMN03768436	Homo sapiens	SRP059327	2018-06-11 00:00:00 UTC	PRJNA286307	120	204	public	9606.0
SRR2058742	ChIP-Seq	public	SRX1055103	Illumina HiSeq 2500	ILLUMINA	SRS957811	SAMN03768436	Homo sapiens	SRP059327	2018-06-11 00:00:00 UTC	PRJNA286307	119	204	public	9606.0
SRR2058743	ChIP-Seq	public	SRX1055103	Illumina HiSeq 2500	ILLUMINA	SRS957811	SAMN03768436	Homo sapiens	SRP059327	2018-06-11 00:00:00 UTC	PRJNA286307	88	149	public	9606.0
SRR2058744	ChIP-Seq	public	SRX1055103	Illumina HiSeq 2500	ILLUMINA	SRS957811	SAMN03768436	Homo sapiens	SRP059327	2018-06-11 00:00:00 UTC	PRJNA286307	119	204	public	9606.0
SRR2058745	ChIP-Seq	public	SRX1055103	Illumina HiSeq 2500	ILLUMINA	SRS957811	SAMN03768436	Homo sapiens	SRP059327	2018-06-11 00:00:00 UTC	PRJNA286307	118	204	public	9606.0
SRR2058746	ChIP-Seq	public	SRX1055103	Illumina HiSeq 2500	ILLUMINA	SRS957811	SAMN03768436	Homo sapiens	SRP059327	2018-06-11 00:00:00 UTC	PRJNA286307	117	204	public	9606.0
SRR2058747	ChIP-Seq	public	SRX1055104	Illumina HiSeq 2500	ILLUMINA	SRS957810	SAMN03768437	Homo sapiens	SRP059327	2018-06-11 00:00:00 UTC	PRJNA286307	119	204	public	9606.0
SRR2058748	ChIP-Seq	public	SRX1055104	Illumina HiSeq 2500	ILLUMINA	SRS957810	SAMN03768437	Homo sapiens	SRP059327	2018-06-11 00:00:00 UTC	PRJNA286307	119	204	public	9606.0
SRR2058749	ChIP-Seq	public	SRX1055104	Illumina HiSeq 2500	ILLUMINA	SRS957810	SAMN03768437	Homo sapiens	SRP059327	2018-06-11 00:00:00 UTC	PRJNA286307	119	204	public	9606.0
SRR2058750	ChIP-Seq	public	SRX1055104	Illumina HiSeq 2500	ILLUMINA	SRS957810	SAMN03768437	Homo sapiens	SRP059327	2018-06-11 00:00:00 UTC	PRJNA286307	118	204	public	9606.0
SRR2058751	ChIP-Seq	public	SRX1055104	Illumina HiSeq 2500	ILLUMINA	SRS957810	SAMN03768437	Homo sapiens	SRP059327	2018-06-11 00:00:00 UTC	PRJNA286307	22	36	public	9606.0
SRR2058752	ChIP-Seq	public	SRX1055104	Illumina HiSeq 2500	ILLUMINA	SRS957810	SAMN03768437	Homo sapiens	SRP059327	2018-06-11 00:00:00 UTC	PRJNA286307	119	204	public	9606.0
SRR2058753	ChIP-Seq	public	SRX1055104	Illumina HiSeq 2500	ILLUMINA	SRS957810	SAMN03768437	Homo sapiens	SRP059327	2018-06-11 00:00:00 UTC	PRJNA286307	118	204	public	9606.0
SRR2058754	ChIP-Seq	public	SRX1055104	Illumina HiSeq 2500	ILLUMINA	SRS957810	SAMN03768437	Homo sapiens	SRP059327	2018-06-11 00:00:00 UTC	PRJNA286307	120	204	public	9606.0
SRR2058755	ChIP-Seq	public	SRX1055104	Illumina HiSeq 2500	ILLUMINA	SRS957810	SAMN03768437	Homo sapiens	SRP059327	2018-06-11 00:00:00 UTC	PRJNA286307	119	204	public	9606.0
SRR2058756	ChIP-Seq	public	SRX1055104	Illumina HiSeq 2500	ILLUMINA	SRS957810	SAMN03768437	Homo sapiens	SRP059327	2018-06-11 00:00:00 UTC	PRJNA286307	109	187	public	9606.0
SRR2058757	ChIP-Seq	public	SRX1055104	Illumina HiSeq 2500	ILLUMINA	SRS957810	SAMN03768437	Homo sapiens	SRP059327	2018-06-11 00:00:00 UTC	PRJNA286307	119	204	public	9606.0
SRR2058758	ChIP-Seq	public	SRX1055104	Illumina HiSeq 2500	ILLUMINA	SRS957810	SAMN03768437	Homo sapiens	SRP059327	2018-06-11 00:00:00 UTC	PRJNA286307	118	204	public	9606.0
SRR2058759	ChIP-Seq	public	SRX1055104	Illumina HiSeq 2500	ILLUMINA	SRS957810	SAMN03768437	Homo sapiens	SRP059327	2018-06-11 00:00:00 UTC	PRJNA286307	117	204	public	9606.0
SRR2099775	RNA-Seq	public	SRX1094466	Illumina HiSeq 2000	ILLUMINA	SRS989853	SAMN02691287	Escherichia coli	SRP061026	2015-07-14 00:00:00 UTC	PRJNA241973	1687	3064	public	562.0
SRR2339125	WGS	public	SRX1219304	Illumina HiSeq 2500	ILLUMINA	SRS1063315	SAMN04033046	Bacillus anthracis	SRP051684	2016-02-17 00:00:00 UTC	PRJNA264742	301	384	public	1392.0
SRR2339184	WGS	public	SRX1219320	Illumina HiSeq 2500	ILLUMINA	SRS1063313	SAMN04033047	Bacillus anthracis	SRP051684	2016-02-17 00:00:00 UTC	PRJNA264742	647	964	public	1392.0
SRR2339213	WGS	public	SRX1219349	Illumina Genome Analyzer IIx	ILLUMINA	SRS1063319	SAMN04033056	Bacillus anthracis	SRP051684	2016-02-17 00:00:00 UTC	PRJNA264742	401	611	public	1392.0
SRR2339241	WGS	public	SRX1219363	Illumina HiSeq 2500	ILLUMINA	SRS1063317	SAMN04033146	Bacillus anthracis	SRP051684	2016-02-17 00:00:00 UTC	PRJNA264742	176	258	public	1392.0
SRR2339291	WGS	public	SRX1219384	Illumina HiSeq 2500	ILLUMINA	SRS1063324	SAMN04033147	Bacillus anthracis	SRP051684	2016-02-17 00:00:00 UTC	PRJNA264742	184	272	public	1392.0
SRR2339356	WGS	public	SRX1219406	Illumina HiSeq 2500	ILLUMINA	SRS1063329	SAMN04033148	Bacillus anthracis	SRP051684	2016-02-17 00:00:00 UTC	PRJNA264742	220	369	public	1392.0
SRR2339381	WGS	public	SRX1219411	Illumina HiSeq 2500	ILLUMINA	SRS1063327	SAMN04033149	Bacillus anthracis	SRP051684	2016-02-17 00:00:00 UTC	PRJNA264742	325	562	public	1392.0
SRR2339406	WGS	public	SRX1219417	Illumina HiSeq 2500	ILLUMINA	SRS1063335	SAMN04033150	Bacillus anthracis	SRP051684	2016-02-17 00:00:00 UTC	PRJNA264742	240	419	public	1392.0
SRR2339493	WGS	public	SRX1219449	Illumina HiSeq 2500	ILLUMINA	SRS1063332	SAMN04033151	Bacillus anthracis	SRP051684	2016-02-17 00:00:00 UTC	PRJNA264742	323	549	public	1392.0
SRR2339516	WGS	public	SRX1219469	Illumina HiSeq 2500	ILLUMINA	SRS1063339	SAMN04033152	Bacillus anthracis	SRP051684	2016-02-17 00:00:00 UTC	PRJNA264742	214	305	public	1392.0
SRR2339549	WGS	public	SRX1219470	Illumina HiSeq 2500	ILLUMINA	SRS1063338	SAMN04033153	Bacillus anthracis	SRP051684	2016-02-17 00:00:00 UTC	PRJNA264742	184	261	public	1392.0
SRR2339584	WGS	public	SRX1219502	Illumina HiSeq 2500	ILLUMINA	SRS1063341	SAMN04033154	Bacillus anthracis	SRP051684	2016-02-17 00:00:00 UTC	PRJNA264742	437	710	public	1392.0
SRR2339613	WGS	public	SRX1219503	Illumina HiSeq 2500	ILLUMINA	SRS1063340	SAMN04033155	Bacillus anthracis	SRP051684	2016-02-17 00:00:00 UTC	PRJNA264742	305	487	public	1392.0
SRR2339614	WGS	public	SRX1219504	Illumina Genome Analyzer IIx	ILLUMINA	SRS1063342	SAMN04033057	Bacillus anthracis	SRP051684	2016-02-17 00:00:00 UTC	PRJNA264742	852	1264	public	1392.0
SRR2339615	WGS	public	SRX1219505	Illumina HiSeq 2500	ILLUMINA	SRS1063343	SAMN04033156	Bacillus anthracis	SRP051684	2016-02-17 00:00:00 UTC	PRJNA264742	412	673	public	1392.0
SRR2339616	WGS	public	SRX1219506	Illumina HiSeq 2500	ILLUMINA	SRS1063345	SAMN04033157	Bacillus anthracis	SRP051684	2016-02-17 00:00:00 UTC	PRJNA264742	387	625	public	1392.0
SRR2339617	WGS	public	SRX1219507	Illumina HiSeq 2500	ILLUMINA	SRS1063344	SAMN04033158	Bacillus anthracis	SRP051684	2016-02-17 00:00:00 UTC	PRJNA264742	205	292	public	1392.0
SRR2339618	WGS	public	SRX1219508	Illumina HiSeq 2500	ILLUMINA	SRS1063347	SAMN04033159	Bacillus anthracis	SRP051684	2016-02-17 00:00:00 UTC	PRJNA264742	489	873	public	1392.0
SRR2339619	WGS	public	SRX1219509	Illumina HiSeq 2500	ILLUMINA	SRS1063346	SAMN04033160	Bacillus anthracis	SRP051684	2016-02-17 00:00:00 UTC	PRJNA264742	207	314	public	1392.0
SRR2339620	WGS	public	SRX1219510	Illumina HiSeq 2500	ILLUMINA	SRS1063348	SAMN04033058	Bacillus anthracis	SRP051684	2016-02-17 00:00:00 UTC	PRJNA264742	497	709	public	1392.0
SRR2339621	WGS	public	SRX1219511	Illumina HiSeq 2500	ILLUMINA	SRS1063350	SAMN04033059	Bacillus anthracis	SRP051684	2016-02-17 00:00:00 UTC	PRJNA264742	502	715	public	1392.0
SRR2339622	WGS	public	SRX1219512	Illumina HiSeq 2500	ILLUMINA	SRS1063349	SAMN04033060	Bacillus anthracis	SRP051684	2016-02-17 00:00:00 UTC	PRJNA264742	701	1018	public	1392.0
SRR2339623	WGS	public	SRX1219513	Illumina Genome Analyzer IIx	ILLUMINA	SRS1063351	SAMN04033061	Bacillus anthracis	SRP051684	2016-02-17 00:00:00 UTC	PRJNA264742	676	1023	public	1392.0
SRR2339624	WGS	public	SRX1219514	Illumina HiSeq 2500	ILLUMINA	SRS1063352	SAMN04033062	Bacillus anthracis	SRP051684	2016-02-17 00:00:00 UTC	PRJNA264742	499	715	public	1392.0
SRR2339625	WGS	public	SRX1219515	Illumina Genome Analyzer IIx	ILLUMINA	SRS1063353	SAMN04033063	Bacillus anthracis	SRP051684	2016-02-17 00:00:00 UTC	PRJNA264742	1951	3206	public	1392.0
SRR2339626	WGS	public	SRX1219516	Illumina Genome Analyzer IIx	ILLUMINA	SRS1063354	SAMN04033064	Bacillus anthracis	SRP051684	2016-02-17 00:00:00 UTC	PRJNA264742	502	743	public	1392.0
SRR2339627	WGS	public	SRX1219517	Illumina HiSeq 2500	ILLUMINA	SRS1063355	SAMN04033065	Bacillus anthracis	SRP051684	2016-02-17 00:00:00 UTC	PRJNA264742	983	1424	public	1392.0
SRR2339629	WGS	public	SRX1219519	Illumina Genome Analyzer IIx	ILLUMINA	SRS1063357	SAMN04033066	Bacillus anthracis	SRP051684	2016-02-17 00:00:00 UTC	PRJNA264742	760	1158	public	1392.0
SRR2339630	WGS	public	SRX1219520	Illumina Genome Analyzer IIx	ILLUMINA	SRS1063358	SAMN04033067	Bacillus anthracis	SRP051684	2016-02-17 00:00:00 UTC	PRJNA264742	610	925	public	1392.0
SRR2339631	WGS	public	SRX1219521	Illumina Genome Analyzer IIx	ILLUMINA	SRS1063359	SAMN04033068	Bacillus anthracis	SRP051684	2016-02-17 00:00:00 UTC	PRJNA264742	873	1348	public	1392.0
SRR2339632	WGS	public	SRX1219522	Illumina HiSeq 2500	ILLUMINA	SRS1063360	SAMN04033069	Bacillus anthracis	SRP051684	2016-02-17 00:00:00 UTC	PRJNA264742	363	582	public	1392.0
SRR2339633	WGS	public	SRX1219523	Illumina HiSeq 2500	ILLUMINA	SRS1063361	SAMN04033070	Bacillus anthracis	SRP051684	2016-02-17 00:00:00 UTC	PRJNA264742	279	448	public	1392.0
SRR2339634	WGS	public	SRX1219524	Illumina HiSeq 2500	ILLUMINA	SRS1063362	SAMN04033071	Bacillus anthracis	SRP051684	2016-02-17 00:00:00 UTC	PRJNA264742	309	501	public	1392.0
SRR2339635	WGS	public	SRX1219525	Illumina HiSeq 2500	ILLUMINA	SRS1063363	SAMN04033072	Bacillus anthracis	SRP051684	2016-02-17 00:00:00 UTC	PRJNA264742	296	479	public	1392.0
SRR2339636	WGS	public	SRX1219526	Illumina HiSeq 2500	ILLUMINA	SRS1063364	SAMN04033073	Bacillus anthracis	SRP051684	2016-02-17 00:00:00 UTC	PRJNA264742	644	954	public	1392.0
SRR2339637	WGS	public	SRX1219527	Illumina HiSeq 2500	ILLUMINA	SRS1063365	SAMN04033074	Bacillus anthracis	SRP051684	2016-02-17 00:00:00 UTC	PRJNA264742	453	673	public	1392.0
SRR2339638	WGS	public	SRX1219528	Illumina HiSeq 2500	ILLUMINA	SRS1063366	SAMN04033075	Bacillus anthracis	SRP051684	2016-02-17 00:00:00 UTC	PRJNA264742	689	1026	public	1392.0
SRR2339639	WGS	public	SRX1219529	Illumina HiSeq 2500	ILLUMINA	SRS1063367	SAMN04033049	Bacillus anthracis	SRP051684	2016-02-17 00:00:00 UTC	PRJNA264742	1035	1521	public	1392.0
SRR2339640	WGS	public	SRX1219530	Illumina HiSeq 2500	ILLUMINA	SRS1063368	SAMN04033076	Bacillus anthracis	SRP051684	2016-02-17 00:00:00 UTC	PRJNA264742	514	759	public	1392.0
SRR2339641	WGS	public	SRX1219531	Illumina HiSeq 2500	ILLUMINA	SRS1063370	SAMN04033077	Bacillus anthracis	SRP051684	2016-02-17 00:00:00 UTC	PRJNA264742	585	874	public	1392.0
SRR2339642	WGS	public	SRX1219532	Illumina HiSeq 2500	ILLUMINA	SRS1063369	SAMN04033078	Bacillus anthracis	SRP051684	2016-02-17 00:00:00 UTC	PRJNA264742	539	807	public	1392.0
SRR2339643	WGS	public	SRX1219533	Illumina HiSeq 2500	ILLUMINA	SRS1063371	SAMN04033079	Bacillus anthracis	SRP051684	2016-02-17 00:00:00 UTC	PRJNA264742	702	1055	public	1392.0
SRR2339644	WGS	public	SRX1219534	Illumina HiSeq 2500	ILLUMINA	SRS1063372	SAMN04033080	Bacillus anthracis	SRP051684	2016-02-17 00:00:00 UTC	PRJNA264742	816	1217	public	1392.0
SRR2339645	WGS	public	SRX1219535	Illumina HiSeq 2500	ILLUMINA	SRS1063373	SAMN04033081	Bacillus anthracis	SRP051684	2016-02-17 00:00:00 UTC	PRJNA264742	273	410	public	1392.0
SRR2339647	WGS	public	SRX1219536	Illumina HiSeq 2500	ILLUMINA	SRS1063374	SAMN04033082	Bacillus anthracis	SRP051684	2016-02-17 00:00:00 UTC	PRJNA264742	1051	1586	public	1392.0
SRR2339648	WGS	public	SRX1219537	Illumina HiSeq 2500	ILLUMINA	SRS1063375	SAMN04033083	Bacillus anthracis	SRP051684	2016-02-17 00:00:00 UTC	PRJNA264742	1033	1553	public	1392.0
SRR2339651	WGS	public	SRX1219540	Illumina HiSeq 2500	ILLUMINA	SRS1063378	SAMN04033084	Bacillus anthracis	SRP051684	2016-02-17 00:00:00 UTC	PRJNA264742	860	1302	public	1392.0
SRR2339652	WGS	public	SRX1219541	Illumina HiSeq 2500	ILLUMINA	SRS1063381	SAMN04033085	Bacillus anthracis	SRP051684	2016-02-17 00:00:00 UTC	PRJNA264742	1270	1946	public	1392.0
SRR2339653	WGS	public	SRX1219543	Illumina Genome Analyzer IIx	ILLUMINA	SRS1063380	SAMN04033050	Bacillus anthracis	SRP051684	2016-02-17 00:00:00 UTC	PRJNA264742	538	827	public	1392.0
SRR2339676	WGS	public	SRX1219563	Illumina HiSeq 2500	ILLUMINA	SRS1063384	SAMN04033086	Bacillus anthracis	SRP051684	2016-02-17 00:00:00 UTC	PRJNA264742	1467	2230	public	1392.0
SRR2339728	WGS	public	SRX1219583	Illumina HiSeq 2500	ILLUMINA	SRS1063387	SAMN04033087	Bacillus anthracis	SRP051684	2016-02-17 00:00:00 UTC	PRJNA264742	775	1114	public	1392.0
SRR2339757	WGS	public	SRX1219607	Illumina HiSeq 2500	ILLUMINA	SRS1063398	SAMN04033088	Bacillus anthracis	SRP051684	2016-02-17 00:00:00 UTC	PRJNA264742	616	880	public	1392.0
SRR2339823	WGS	public	SRX1219633	Illumina HiSeq 2500	ILLUMINA	SRS1063390	SAMN04033089	Bacillus anthracis	SRP051684	2016-02-17 00:00:00 UTC	PRJNA264742	383	547	public	1392.0
SRR2339898	WGS	public	SRX1219669	Illumina HiSeq 2500	ILLUMINA	SRS1063402	SAMN04033090	Bacillus anthracis	SRP051684	2016-02-17 00:00:00 UTC	PRJNA264742	600	854	public	1392.0
SRR2339940	WGS	public	SRX1219670	Illumina HiSeq 2500	ILLUMINA	SRS1063401	SAMN04033091	Bacillus anthracis	SRP051684	2016-02-17 00:00:00 UTC	PRJNA264742	526	753	public	1392.0
SRR2339961	WGS	public	SRX1219684	Illumina HiSeq 2500	ILLUMINA	SRS1063411	SAMN04033092	Bacillus anthracis	SRP051684	2016-02-17 00:00:00 UTC	PRJNA264742	564	811	public	1392.0
SRR2340010	WGS	public	SRX1219705	Illumina HiSeq 2500	ILLUMINA	SRS1063406	SAMN04033093	Bacillus anthracis	SRP051684	2016-02-17 00:00:00 UTC	PRJNA264742	691	1053	public	1392.0
SRR2340041	WGS	public	SRX1219736	Illumina HiSeq 2500	ILLUMINA	SRS1063415	SAMN04033094	Bacillus anthracis	SRP051684	2016-02-17 00:00:00 UTC	PRJNA264742	198	302	public	1392.0
SRR2340073	WGS	public	SRX1219743	Illumina HiSeq 2500	ILLUMINA	SRS1063425	SAMN04033095	Bacillus anthracis	SRP051684	2016-02-17 00:00:00 UTC	PRJNA264742	465	690	public	1392.0
SRR2340119	WGS	public	SRX1219744	Illumina HiSeq 2500	ILLUMINA	SRS1063424	SAMN04033051	Bacillus anthracis	SRP051684	2016-02-17 00:00:00 UTC	PRJNA264742	578	826	public	1392.0
SRR2340171	WGS	public	SRX1219754	Illumina HiSeq 2500	ILLUMINA	SRS1063428	SAMN04033096	Bacillus anthracis	SRP051684	2016-02-17 00:00:00 UTC	PRJNA264742	622	918	public	1392.0
SRR2340230	WGS	public	SRX1219784	Illumina HiSeq 2500	ILLUMINA	SRS1063433	SAMN04033097	Bacillus anthracis	SRP051684	2016-02-17 00:00:00 UTC	PRJNA264742	636	942	public	1392.0
SRR2340252	WGS	public	SRX1219804	Illumina HiSeq 2500	ILLUMINA	SRS1063430	SAMN04033098	Bacillus anthracis	SRP051684	2016-02-17 00:00:00 UTC	PRJNA264742	466	671	public	1392.0
SRR2340304	WGS	public	SRX1219808	Illumina HiSeq 2500	ILLUMINA	SRS1063435	SAMN04033099	Bacillus anthracis	SRP051684	2016-02-17 00:00:00 UTC	PRJNA264742	170	269	public	1392.0
SRR2340305	WGS	public	SRX1219809	Illumina HiSeq 2500	ILLUMINA	SRS1063434	SAMN04033100	Bacillus anthracis	SRP051684	2016-02-17 00:00:00 UTC	PRJNA264742	209	334	public	1392.0
SRR2340349	WGS	public	SRX1219830	Illumina HiSeq 2500	ILLUMINA	SRS1063436	SAMN04033101	Bacillus anthracis	SRP051684	2016-02-17 00:00:00 UTC	PRJNA264742	654	978	public	1392.0
SRR2340350	WGS	public	SRX1219846	Illumina HiSeq 2500	ILLUMINA	SRS1063443	SAMN04033102	Bacillus anthracis	SRP051684	2016-02-17 00:00:00 UTC	PRJNA264742	733	1107	public	1392.0
SRR2340435	WGS	public	SRX1219866	Illumina HiSeq 2500	ILLUMINA	SRS1063440	SAMN04033103	Bacillus anthracis	SRP051684	2016-02-17 00:00:00 UTC	PRJNA264742	620	923	public	1392.0
SRR2340460	WGS	public	SRX1219881	Illumina HiSeq 2500	ILLUMINA	SRS1063446	SAMN04033104	Bacillus anthracis	SRP051684	2016-02-17 00:00:00 UTC	PRJNA264742	250	396	public	1392.0
SRR2340461	WGS	public	SRX1219882	Illumina HiSeq 2500	ILLUMINA	SRS1063445	SAMN04033105	Bacillus anthracis	SRP051684	2016-02-17 00:00:00 UTC	PRJNA264742	423	672	public	1392.0
SRR2340462	WGS	public	SRX1219883	Illumina Genome Analyzer IIx	ILLUMINA	SRS1063449	SAMN04033052	Bacillus anthracis	SRP051684	2016-02-17 00:00:00 UTC	PRJNA264742	767	1186	public	1392.0
SRR2340463	WGS	public	SRX1219884	Illumina HiSeq 2500	ILLUMINA	SRS1063448	SAMN04033106	Bacillus anthracis	SRP051684	2016-02-17 00:00:00 UTC	PRJNA264742	527	820	public	1392.0
SRR2340464	WGS	public	SRX1219885	Illumina HiSeq 2500	ILLUMINA	SRS1063450	SAMN04033107	Bacillus anthracis	SRP051684	2016-02-17 00:00:00 UTC	PRJNA264742	178	287	public	1392.0
SRR2340465	WGS	public	SRX1219886	Illumina HiSeq 2500	ILLUMINA	SRS1063451	SAMN04033108	Bacillus anthracis	SRP051684	2016-02-17 00:00:00 UTC	PRJNA264742	697	1078	public	1392.0
SRR2340466	WGS	public	SRX1219887	Illumina HiSeq 2500	ILLUMINA	SRS1063453	SAMN04033109	Bacillus anthracis	SRP051684	2016-02-17 00:00:00 UTC	PRJNA264742	463	725	public	1392.0
SRR2340467	WGS	public	SRX1219888	Illumina HiSeq 2500	ILLUMINA	SRS1063452	SAMN04033110	Bacillus anthracis	SRP051684	2016-02-17 00:00:00 UTC	PRJNA264742	559	864	public	1392.0
SRR2340468	WGS	public	SRX1219889	Illumina HiSeq 2500	ILLUMINA	SRS1063454	SAMN04033111	Bacillus anthracis	SRP051684	2016-02-17 00:00:00 UTC	PRJNA264742	481	747	public	1392.0
SRR2340469	WGS	public	SRX1219890	Illumina HiSeq 2500	ILLUMINA	SRS1063456	SAMN04033112	Bacillus anthracis	SRP051684	2016-02-17 00:00:00 UTC	PRJNA264742	735	1157	public	1392.0
SRR2340470	WGS	public	SRX1219891	Illumina HiSeq 2500	ILLUMINA	SRS1063455	SAMN04033113	Bacillus anthracis	SRP051684	2016-02-17 00:00:00 UTC	PRJNA264742	704	1109	public	1392.0
SRR2340471	WGS	public	SRX1219892	Illumina HiSeq 2500	ILLUMINA	SRS1063457	SAMN04033114	Bacillus anthracis	SRP051684	2016-02-17 00:00:00 UTC	PRJNA264742	868	1365	public	1392.0
SRR2340472	WGS	public	SRX1219893	Illumina HiSeq 2500	ILLUMINA	SRS1063458	SAMN04033115	Bacillus anthracis	SRP051684	2016-02-17 00:00:00 UTC	PRJNA264742	1203	1890	public	1392.0
SRR2340474	WGS	public	SRX1219895	Illumina HiSeq 2500	ILLUMINA	SRS1063460	SAMN04033116	Bacillus anthracis	SRP051684	2016-02-17 00:00:00 UTC	PRJNA264742	384	614	public	1392.0
SRR2340475	WGS	public	SRX1219896	Illumina HiSeq 2500	ILLUMINA	SRS1063461	SAMN04033117	Bacillus anthracis	SRP051684	2016-02-17 00:00:00 UTC	PRJNA264742	613	963	public	1392.0
SRR2340476	WGS	public	SRX1219897	Illumina HiSeq 2500	ILLUMINA	SRS1063462	SAMN04033118	Bacillus anthracis	SRP051684	2016-02-17 00:00:00 UTC	PRJNA264742	567	892	public	1392.0
SRR2340477	WGS	public	SRX1219898	Illumina HiSeq 2500	ILLUMINA	SRS1063463	SAMN04033119	Bacillus anthracis	SRP051684	2016-02-17 00:00:00 UTC	PRJNA264742	673	995	public	1392.0
SRR2340478	WGS	public	SRX1219899	Illumina HiSeq 2500	ILLUMINA	SRS1063464	SAMN04033120	Bacillus anthracis	SRP051684	2016-02-17 00:00:00 UTC	PRJNA264742	179	266	public	1392.0
SRR2340479	WGS	public	SRX1219900	Illumina HiSeq 2500	ILLUMINA	SRS1063465	SAMN04033121	Bacillus anthracis	SRP051684	2016-02-17 00:00:00 UTC	PRJNA264742	252	386	public	1392.0
SRR2340480	WGS	public	SRX1219902	Illumina HiSeq 2500	ILLUMINA	SRS1063466	SAMN04033122	Bacillus anthracis	SRP051684	2016-02-17 00:00:00 UTC	PRJNA264742	440	657	public	1392.0
SRR2340481	WGS	public	SRX1219903	Illumina HiSeq 2500	ILLUMINA	SRS1063468	SAMN04033123	Bacillus anthracis	SRP051684	2016-02-17 00:00:00 UTC	PRJNA264742	496	735	public	1392.0
SRR2340482	WGS	public	SRX1219904	Illumina HiSeq 2500	ILLUMINA	SRS1063469	SAMN04033124	Bacillus anthracis	SRP051684	2016-02-17 00:00:00 UTC	PRJNA264742	333	530	public	1392.0
SRR2340483	WGS	public	SRX1219905	Illumina HiSeq 2500	ILLUMINA	SRS1063470	SAMN04033125	Bacillus anthracis	SRP051684	2016-02-17 00:00:00 UTC	PRJNA264742	389	609	public	1392.0
SRR2340484	WGS	public	SRX1219906	Illumina HiSeq 2500	ILLUMINA	SRS1063471	SAMN04033054	Bacillus anthracis	SRP051684	2016-02-17 00:00:00 UTC	PRJNA264742	665	954	public	1392.0
SRR2340485	WGS	public	SRX1219907	Illumina HiSeq 2500	ILLUMINA	SRS1063472	SAMN04033126	Bacillus anthracis	SRP051684	2016-02-17 00:00:00 UTC	PRJNA264742	59	98	public	1392.0
SRR2340486	WGS	public	SRX1219908	Illumina HiSeq 2500	ILLUMINA	SRS1063473	SAMN04033127	Bacillus anthracis	SRP051684	2016-02-17 00:00:00 UTC	PRJNA264742	455	751	public	1392.0
SRR2340487	WGS	public	SRX1219909	Illumina HiSeq 2500	ILLUMINA	SRS1063475	SAMN04033128	Bacillus anthracis	SRP051684	2016-02-17 00:00:00 UTC	PRJNA264742	474	749	public	1392.0
SRR2340488	WGS	public	SRX1219910	Illumina HiSeq 2500	ILLUMINA	SRS1063474	SAMN04033129	Bacillus anthracis	SRP051684	2016-02-17 00:00:00 UTC	PRJNA264742	504	786	public	1392.0
SRR2340489	WGS	public	SRX1219911	Illumina HiSeq 2500	ILLUMINA	SRS1063477	SAMN04033130	Bacillus anthracis	SRP051684	2016-02-17 00:00:00 UTC	PRJNA264742	528	827	public	1392.0
SRR2340490	WGS	public	SRX1219912	Illumina HiSeq 2500	ILLUMINA	SRS1063476	SAMN04033131	Bacillus anthracis	SRP051684	2016-02-17 00:00:00 UTC	PRJNA264742	223	345	public	1392.0
SRR2340491	WGS	public	SRX1219913	Illumina HiSeq 2500	ILLUMINA	SRS1063478	SAMN04033132	Bacillus anthracis	SRP051684	2016-02-17 00:00:00 UTC	PRJNA264742	729	1088	public	1392.0
SRR2340492	WGS	public	SRX1219914	Illumina HiSeq 2500	ILLUMINA	SRS1063479	SAMN04033133	Bacillus anthracis	SRP051684	2016-02-17 00:00:00 UTC	PRJNA264742	198	293	public	1392.0
SRR2340505	WGS	public	SRX1219934	Illumina HiSeq 2500	ILLUMINA	SRS1063480	SAMN04033134	Bacillus anthracis	SRP051684	2016-02-17 00:00:00 UTC	PRJNA264742	204	305	public	1392.0
SRR2340513	WGS	public	SRX1219935	Illumina HiSeq 2500	ILLUMINA	SRS1063505	SAMN04033135	Bacillus anthracis	SRP051684	2016-02-17 00:00:00 UTC	PRJNA264742	356	619	public	1392.0
SRR2340514	WGS	public	SRX1219939	Illumina Genome Analyzer IIx	ILLUMINA	SRS1063503	SAMN04033055	Bacillus anthracis	SRP051684	2016-02-17 00:00:00 UTC	PRJNA264742	679	1006	public	1392.0
SRR2340624	WGS	public	SRX1220006	Illumina HiSeq 2500	ILLUMINA	SRS1063506	SAMN04033136	Bacillus anthracis	SRP051684	2016-02-17 00:00:00 UTC	PRJNA264742	375	651	public	1392.0
SRR2340670	WGS	public	SRX1220024	Illumina HiSeq 2500	ILLUMINA	SRS1063531	SAMN04033137	Bacillus anthracis	SRP051684	2016-02-17 00:00:00 UTC	PRJNA264742	183	275	public	1392.0
SRR2340697	WGS	public	SRX1220025	Illumina HiSeq 2500	ILLUMINA	SRS1063530	SAMN04033138	Bacillus anthracis	SRP051684	2016-02-17 00:00:00 UTC	PRJNA264742	170	257	public	1392.0
SRR2340730	WGS	public	SRX1220059	Illumina HiSeq 2500	ILLUMINA	SRS1063540	SAMN04033139	Bacillus anthracis	SRP051684	2016-02-17 00:00:00 UTC	PRJNA264742	214	322	public	1392.0
SRR2340803	WGS	public	SRX1220083	Illumina HiSeq 2500	ILLUMINA	SRS1063546	SAMN04033140	Bacillus anthracis	SRP051684	2016-02-17 00:00:00 UTC	PRJNA264742	378	645	public	1392.0
SRR2340857	WGS	public	SRX1220101	Illumina HiSeq 2500	ILLUMINA	SRS1063543	SAMN04033141	Bacillus anthracis	SRP051684	2016-02-17 00:00:00 UTC	PRJNA264742	191	282	public	1392.0
SRR2340858	WGS	public	SRX1220106	Illumina HiSeq 2500	ILLUMINA	SRS1063552	SAMN04033142	Bacillus anthracis	SRP051684	2016-02-17 00:00:00 UTC	PRJNA264742	185	274	public	1392.0
SRR2340910	WGS	public	SRX1220138	Illumina HiSeq 2500	ILLUMINA	SRS1063548	SAMN04033143	Bacillus anthracis	SRP051684	2016-02-17 00:00:00 UTC	PRJNA264742	174	254	public	1392.0
SRR2340969	WGS	public	SRX1220154	Illumina HiSeq 2500	ILLUMINA	SRS1063582	SAMN04033144	Bacillus anthracis	SRP051684	2016-02-17 00:00:00 UTC	PRJNA264742	194	290	public	1392.0
SRR2340986	WGS	public	SRX1220178	Illumina HiSeq 2500	ILLUMINA	SRS1063562	SAMN04033145	Bacillus anthracis	SRP051684	2016-02-17 00:00:00 UTC	PRJNA264742	181	268	public	1392.0
SRR2598319	RNA-Seq	public	SRX1321209	Illumina Genome Analyzer II	ILLUMINA	SRS1109530	SAMN04092684	Oncorhynchus mykiss	SRP064638	2017-10-05 00:00:00 UTC	PRJNA295899	1613	2587	public	8022.0
SRR2598320	RNA-Seq	public	SRX1321209	Illumina Genome Analyzer II	ILLUMINA	SRS1109530	SAMN04092684	Oncorhynchus mykiss	SRP064638	2017-10-05 00:00:00 UTC	PRJNA295899	1754	2805	public	8022.0
SRR2598324	RNA-Seq	public	SRX1321397	Illumina Genome Analyzer II	ILLUMINA	SRS1109565	SAMN04157997	Oncorhynchus mykiss	SRP064638	2017-10-05 00:00:00 UTC	PRJNA295899	1696	2722	public	8022.0
SRR2598325	RNA-Seq	public	SRX1321397	Illumina Genome Analyzer II	ILLUMINA	SRS1109565	SAMN04157997	Oncorhynchus mykiss	SRP064638	2017-10-05 00:00:00 UTC	PRJNA295899	1774	2845	public	8022.0
SRR2598327	RNA-Seq	public	SRX1321400	Illumina Genome Analyzer II	ILLUMINA	SRS1109565	SAMN04157997	Oncorhynchus mykiss	SRP064638	2017-10-05 00:00:00 UTC	PRJNA295899	2078	3334	public	8022.0
SRR2598328	RNA-Seq	public	SRX1321400	Illumina Genome Analyzer II	ILLUMINA	SRS1109565	SAMN04157997	Oncorhynchus mykiss	SRP064638	2017-10-05 00:00:00 UTC	PRJNA295899	1760	2818	public	8022.0
SRR2890886	WGS	public	SRX1410234	Illumina HiSeq 2500	ILLUMINA	SRS1145020	SAMN04218066	Glycera americana	SRP065663	2016-11-02 00:00:00 UTC	PRJNA299738	356	477	public	37469.0
SRR2891095	WGS	public	SRX1410454	Illumina HiSeq 2500	ILLUMINA	SRS1145238	SAMN04218067	Glycera americana	SRP065663	2016-11-02 00:00:00 UTC	PRJNA299738	1210	1637	public	37469.0
SRR2891096	WGS	public	SRX1410455	Illumina HiSeq 2500	ILLUMINA	SRS1145239	SAMN04218068	Glycera americana	SRP065663	2016-11-02 00:00:00 UTC	PRJNA299738	1540	2076	public	37469.0
SRR2891116	WGS	public	SRX1410466	Illumina HiSeq 2500	ILLUMINA	SRS1145250	SAMN04218069	Glycera capitata	SRP065663	2016-11-02 00:00:00 UTC	PRJNA299738	1522	2068	public	529148.0
SRR2891122	WGS	public	SRX1410480	Illumina HiSeq 2500	ILLUMINA	SRS1145259	SAMN04218070	Glycera capitata	SRP065663	2016-11-02 00:00:00 UTC	PRJNA299738	1292	1767	public	529148.0
SRR2891223	WGS	public	SRX1410576	Illumina HiSeq 2500	ILLUMINA	SRS1145261	SAMN04218071	Glycera capitata	SRP065663	2016-11-02 00:00:00 UTC	PRJNA299738	1580	2120	public	529148.0
SRR2891231	WGS	public	SRX1410590	Illumina HiSeq 2500	ILLUMINA	SRS1145275	SAMN04218072	Glycera dibranchiata	SRP065663	2016-11-02 00:00:00 UTC	PRJNA299738	2865	3934	public	6350.0
SRR2891234	WGS	public	SRX1410591	Illumina HiSeq 2500	ILLUMINA	SRS1145276	SAMN04218073	Glycera fallax	SRP065663	2016-11-02 00:00:00 UTC	PRJNA299738	1296	1753	public	1446102.0
SRR2891261	WGS	public	SRX1410629	Illumina HiSeq 2500	ILLUMINA	SRS1145296	SAMN04218074	Glycera lapidum	SRP065663	2016-11-02 00:00:00 UTC	PRJNA299738	2106	2848	public	529209.0
SRR2891263	WGS	public	SRX1410631	Illumina HiSeq 2500	ILLUMINA	SRS1145297	SAMN04218075	Glycera lapidum	SRP065663	2016-11-02 00:00:00 UTC	PRJNA299738	1497	1998	public	529209.0
SRR2891266	WGS	public	SRX1410633	Illumina HiSeq 2500	ILLUMINA	SRS1145300	SAMN04218076	Glycera nicobarica	SRP065663	2016-11-02 00:00:00 UTC	PRJNA299738	830	1113	public	529124.0
SRR2891268	WGS	public	SRX1410635	Illumina HiSeq 2500	ILLUMINA	SRS1145302	SAMN04218077	Glycera oxycephala	SRP065663	2016-11-02 00:00:00 UTC	PRJNA299738	690	927	public	529249.0
SRR2891270	WGS	public	SRX1410637	Illumina HiSeq 2500	ILLUMINA	SRS1145303	SAMN04218078	Glycera sp. SR-2015	SRP065663	2016-11-02 00:00:00 UTC	PRJNA299738	1954	2679	public	1746054.0
SRR2891284	WGS	public	SRX1410642	Illumina HiSeq 2500	ILLUMINA	SRS1145309	SAMN04218079	Glycera tesselata	SRP065663	2016-11-02 00:00:00 UTC	PRJNA299738	1329	1815	public	529286.0
SRR2891337	WGS	public	SRX1410679	Illumina HiSeq 2500	ILLUMINA	SRS1145311	SAMN04218081	Glycera tridactyla	SRP065663	2016-11-02 00:00:00 UTC	PRJNA299738	1478	2016	public	104710.0
SRR2891338	WGS	public	SRX1410680	Illumina HiSeq 2500	ILLUMINA	SRS1145312	SAMN04218082	Glycera tridactyla	SRP065663	2016-11-02 00:00:00 UTC	PRJNA299738	425	577	public	104710.0
SRR2891359	WGS	public	SRX1410687	Illumina HiSeq 2500	ILLUMINA	SRS1145319	SAMN04218083	Glycera unicornis	SRP065663	2016-11-02 00:00:00 UTC	PRJNA299738	1028	1390	public	529288.0
SRR2891464	WGS	public	SRX1410770	Illumina HiSeq 2500	ILLUMINA	SRS1145395	SAMN04218084	Glycinde armigera	SRP065663	2016-11-02 00:00:00 UTC	PRJNA299738	2257	3108	public	397552.0
SRR2891465	WGS	public	SRX1410771	Illumina HiSeq 2500	ILLUMINA	SRS1145396	SAMN04218085	Hemipodia simplex	SRP065663	2016-11-02 00:00:00 UTC	PRJNA299738	1259	1693	public	1746056.0
SRR2895252	WGS	public	SRX1410643	Illumina HiSeq 2500	ILLUMINA	SRS1145310	SAMN04218080	Glycera tridactyla	SRP065663	2016-11-02 00:00:00 UTC	PRJNA299738	252	332	public	104710.0
SRR2895253	WGS	public	SRX1410643	Illumina HiSeq 2500	ILLUMINA	SRS1145310	SAMN04218080	Glycera tridactyla	SRP065663	2016-11-02 00:00:00 UTC	PRJNA299738	1906	2568	public	104710.0
SRR3102592	RNA-Seq	public	SRX1528280	Illumina HiSeq 2500	ILLUMINA	SRS1245908	SAMN04397122	Verticillium longisporum	SRP068348	2016-01-19 00:00:00 UTC	PRJNA308558	1808	2669	public	100787.0
SRR3102593	RNA-Seq	public	SRX1531595	Illumina HiSeq 2500	ILLUMINA	SRS1245908	SAMN04397122	Verticillium longisporum	SRP068348	2016-01-19 00:00:00 UTC	PRJNA308558	1814	2687	public	100787.0
SRR3102594	RNA-Seq	public	SRX1531596	Illumina HiSeq 2500	ILLUMINA	SRS1245908	SAMN04397122	Verticillium longisporum	SRP068348	2016-01-19 00:00:00 UTC	PRJNA308558	1265	1880	public	100787.0
SRR3102595	RNA-Seq	public	SRX1531597	Illumina HiSeq 2500	ILLUMINA	SRS1245908	SAMN04397122	Verticillium longisporum	SRP068348	2016-01-19 00:00:00 UTC	PRJNA308558	1898	2820	public	100787.0
SRR3102596	RNA-Seq	public	SRX1531598	Illumina HiSeq 2500	ILLUMINA	SRS1245908	SAMN04397122	Verticillium longisporum	SRP068348	2016-01-19 00:00:00 UTC	PRJNA308558	2232	3325	public	100787.0
SRR3102597	RNA-Seq	public	SRX1531599	Illumina HiSeq 2500	ILLUMINA	SRS1245908	SAMN04397122	Verticillium longisporum	SRP068348	2016-01-19 00:00:00 UTC	PRJNA308558	2441	3636	public	100787.0
SRR3102598	RNA-Seq	public	SRX1531600	Illumina HiSeq 2500	ILLUMINA	SRS1245908	SAMN04397122	Verticillium longisporum	SRP068348	2016-01-19 00:00:00 UTC	PRJNA308558	1990	3034	public	100787.0
SRR3102599	RNA-Seq	public	SRX1531601	Illumina HiSeq 2500	ILLUMINA	SRS1245908	SAMN04397122	Verticillium longisporum	SRP068348	2016-01-19 00:00:00 UTC	PRJNA308558	2376	3543	public	100787.0
SRR3223706	AMPLICON	public	SRX553153	Illumina MiSeq	ILLUMINA	SRS620453	SAMN02799653	soil metagenome	SRP042269	2015-05-26 00:00:00 UTC	PRJNA248595	9	35	public	410658.0
SRR3223707	AMPLICON	public	SRX553153	Illumina MiSeq	ILLUMINA	SRS620453	SAMN02799653	soil metagenome	SRP042269	2015-05-26 00:00:00 UTC	PRJNA248595	7	29	public	410658.0
SRR3223708	AMPLICON	public	SRX553153	Illumina MiSeq	ILLUMINA	SRS620453	SAMN02799653	soil metagenome	SRP042269	2015-05-26 00:00:00 UTC	PRJNA248595	6	24	public	410658.0
SRR3223709	AMPLICON	public	SRX553153	Illumina MiSeq	ILLUMINA	SRS620453	SAMN02799653	soil metagenome	SRP042269	2015-05-26 00:00:00 UTC	PRJNA248595	4	16	public	410658.0
SRR3223710	AMPLICON	public	SRX553153	Illumina MiSeq	ILLUMINA	SRS620453	SAMN02799653	soil metagenome	SRP042269	2015-05-26 00:00:00 UTC	PRJNA248595	6	24	public	410658.0
SRR3223711	AMPLICON	public	SRX553153	Illumina MiSeq	ILLUMINA	SRS620453	SAMN02799653	soil metagenome	SRP042269	2015-05-26 00:00:00 UTC	PRJNA248595	4	18	public	410658.0
SRR3223712	AMPLICON	public	SRX553153	Illumina MiSeq	ILLUMINA	SRS620453	SAMN02799653	soil metagenome	SRP042269	2015-05-26 00:00:00 UTC	PRJNA248595	3	14	public	410658.0
SRR3223713	AMPLICON	public	SRX553153	Illumina MiSeq	ILLUMINA	SRS620453	SAMN02799653	soil metagenome	SRP042269	2015-05-26 00:00:00 UTC	PRJNA248595	8	31	public	410658.0
SRR3223714	AMPLICON	public	SRX553153	Illumina MiSeq	ILLUMINA	SRS620453	SAMN02799653	soil metagenome	SRP042269	2015-05-26 00:00:00 UTC	PRJNA248595	6	26	public	410658.0
SRR3223715	AMPLICON	public	SRX553153	Illumina MiSeq	ILLUMINA	SRS620453	SAMN02799653	soil metagenome	SRP042269	2015-05-26 00:00:00 UTC	PRJNA248595	6	24	public	410658.0
SRR3223716	AMPLICON	public	SRX553153	Illumina MiSeq	ILLUMINA	SRS620453	SAMN02799653	soil metagenome	SRP042269	2015-05-26 00:00:00 UTC	PRJNA248595	8	31	public	410658.0
SRR392268	WGS	public	SRX055461	454 GS FLX Titanium	LS454	SRS184392	SAMN00255259	Leptospira santarosai str. 2000030832	SRP006345	2012-01-03 00:00:00 UTC	PRJNA63715	181	76	public	996805.0
SRR392269	WGS	public	SRX055461	454 GS FLX Titanium	LS454	SRS184392	SAMN00255259	Leptospira santarosai str. 2000030832	SRP006345	2011-12-22 00:00:00 UTC	PRJNA63715	174	72	public	996805.0
SRR3943812	WGS	public	SRX1969784	Illumina HiSeq 2000	ILLUMINA	SRS1578984	SAMN02440791	Burkholderia sp. WSM2232	SRP079277	2016-07-21 00:00:00 UTC	PRJNA182741	1143	1836	public	944436.0
SRR403918	WGS	public	SRX118322	Illumina Genome Analyzer II	ILLUMINA	SRS290988	SAMN00780051	Leptospira santarosai str. 2000030832	SRP006345	2012-02-01 00:00:00 UTC	PRJNA63715	341	550	public	996805.0
SRR4176633	WGS	public	SRX2141241	Illumina HiSeq 2500	ILLUMINA	SRS1673081	SAMN05445867	Aspergillus nidulans	SRP086820	2016-09-06 00:00:00 UTC	PRJNA332771	721	1524	public	162425.0
SRR4176634	WGS	public	SRX2141242	NextSeq 500	ILLUMINA	SRS1673081	SAMN05445867	Aspergillus nidulans	SRP086820	2016-09-06 00:00:00 UTC	PRJNA332771	2011	4662	public	162425.0
SRR4176635	WGS	public	SRX2141243	Illumina HiSeq 2500	ILLUMINA	SRS1673081	SAMN05445867	Aspergillus nidulans	SRP086820	2016-09-06 00:00:00 UTC	PRJNA332771	630	1317	public	162425.0
SRR4176636	WGS	public	SRX2141244	Illumina HiSeq 2500	ILLUMINA	SRS1673081	SAMN05445867	Aspergillus nidulans	SRP086820	2016-09-06 00:00:00 UTC	PRJNA332771	1193	2665	public	162425.0
SRR4291602	ChIP-Seq	public	SRX2187101	Illumina HiSeq 2500	ILLUMINA	SRS1709939	SAMN05806610	Mus musculus	SRP090331	2017-02-01 00:00:00 UTC	PRJNA343971	1196	3068	public	10090.0
SRR4291603	ChIP-Seq	public	SRX2187102	Illumina HiSeq 2500	ILLUMINA	SRS1709940	SAMN05806621	Mus musculus	SRP090331	2017-02-01 00:00:00 UTC	PRJNA343971	1322	3425	public	10090.0
SRR4291604	ChIP-Seq	public	SRX2187103	Illumina HiSeq 2500	ILLUMINA	SRS1709941	SAMN05806620	Mus musculus	SRP090331	2017-02-01 00:00:00 UTC	PRJNA343971	846	2224	public	10090.0
SRR4291605	ChIP-Seq	public	SRX2187104	Illumina HiSeq 2500	ILLUMINA	SRS1709942	SAMN05806619	Mus musculus	SRP090331	2017-02-01 00:00:00 UTC	PRJNA343971	850	2237	public	10090.0
SRR4291606	ChIP-Seq	public	SRX2187105	Illumina HiSeq 2500	ILLUMINA	SRS1709943	SAMN05806618	Mus musculus	SRP090331	2017-02-01 00:00:00 UTC	PRJNA343971	804	2117	public	10090.0
SRR489379	WGS	public	SRX143465	Illumina HiSeq 2000	ILLUMINA	SRS309880	SAMN00860248	Chlamydia psittaci C1/97	SRP012346	2012-04-19 00:00:00 UTC	PRJNA77069	896	1350	public	1112248.0
SRR5117438	WGS	public	SRX2432907	Illumina HiSeq 2500	ILLUMINA	SRS1868449	SAMN06161404	Canis lupus familiaris	SRP095269	2017-01-10 00:00:00 UTC	PRJNA357866	27802	59781	public	9615.0
SRR5117439	WXS	public	SRX2432908	Illumina HiSeq 2000	ILLUMINA	SRS1868450	SAMN06161403	Canis lupus familiaris	SRP095269	2017-01-10 00:00:00 UTC	PRJNA357866	2843	7118	public	9615.0
SRR5117440	WXS	public	SRX2432909	Illumina HiSeq 2000	ILLUMINA	SRS1868451	SAMN06161402	Canis lupus familiaris	SRP095269	2017-01-10 00:00:00 UTC	PRJNA357866	4457	11137	public	9615.0
SRR5167047	RNA-Seq	public	SRX2484008	Illumina HiSeq 2500	ILLUMINA	SRS1914462	SAMN06212532	Glycera tridactyla	SRP065663	2018-02-01 00:00:00 UTC	PRJNA299738	2879	4720	public	104710.0
SRR5167048	RNA-Seq	public	SRX2484009	Illumina HiSeq 2500	ILLUMINA	SRS1914463	SAMN06212531	Glycera tridactyla	SRP065663	2018-02-01 00:00:00 UTC	PRJNA299738	3747	6033	public	104710.0
SRR5167049	RNA-Seq	public	SRX2484010	Illumina HiSeq 2500	ILLUMINA	SRS1914464	SAMN06212530	Glycera tridactyla	SRP065663	2018-02-01 00:00:00 UTC	PRJNA299738	3496	5750	public	104710.0
SRR5167050	RNA-Seq	public	SRX2484011	Illumina HiSeq 2500	ILLUMINA	SRS1914465	SAMN06212529	Glycera tridactyla	SRP065663	2018-02-01 00:00:00 UTC	PRJNA299738	2839	4612	public	104710.0
SRR5167051	RNA-Seq	public	SRX2484012	Illumina HiSeq 2500	ILLUMINA	SRS1914466	SAMN06212528	Glycera tridactyla	SRP065663	2018-02-01 00:00:00 UTC	PRJNA299738	3206	4952	public	104710.0
SRR5167052	RNA-Seq	public	SRX2484013	Illumina HiSeq 2500	ILLUMINA	SRS1914467	SAMN06212527	Glycera tridactyla	SRP065663	2018-02-01 00:00:00 UTC	PRJNA299738	2866	4504	public	104710.0
SRR5242110	AMPLICON	public	SRX2548869	Illumina MiSeq	ILLUMINA	SRS1967381	SAMN06318648	Mus musculus	SRP099170	2017-02-15 00:00:00 UTC	PRJNA373919	18	54	public	10090.0
SRR5242111	AMPLICON	public	SRX2548869	Illumina MiSeq	ILLUMINA	SRS1967381	SAMN06318648	Mus musculus	SRP099170	2017-02-15 00:00:00 UTC	PRJNA373919	6	14	public	10090.0
SRR5342596	AMPLICON	public	SRX2639272	Illumina MiSeq	ILLUMINA	SRS2047249	SAMN06564602	coal metagenome	SRP101861	2017-08-28 00:00:00 UTC	PRJNA379128	146	229	public	1260732.0
SRR5342597	AMPLICON	public	SRX2639273	Illumina MiSeq	ILLUMINA	SRS2047249	SAMN06564602	coal metagenome	SRP101861	2017-08-28 00:00:00 UTC	PRJNA379128	41	65	public	1260732.0
SRR5342598	AMPLICON	public	SRX2639274	Illumina MiSeq	ILLUMINA	SRS2047249	SAMN06564602	coal metagenome	SRP101861	2017-08-28 00:00:00 UTC	PRJNA379128	44	71	public	1260732.0
SRR5342599	AMPLICON	public	SRX2639275	Illumina MiSeq	ILLUMINA	SRS2047249	SAMN06564602	coal metagenome	SRP101861	2017-08-28 00:00:00 UTC	PRJNA379128	0	0	public	1260732.0
SRR5342600	AMPLICON	public	SRX2639276	Illumina MiSeq	ILLUMINA	SRS2047249	SAMN06564602	coal metagenome	SRP101861	2017-08-28 00:00:00 UTC	PRJNA379128	132	208	public	1260732.0
SRR5342601	AMPLICON	public	SRX2639277	Illumina MiSeq	ILLUMINA	SRS2047249	SAMN06564602	coal metagenome	SRP101861	2017-08-28 00:00:00 UTC	PRJNA379128	90	141	public	1260732.0
SRR5342602	AMPLICON	public	SRX2639278	Illumina MiSeq	ILLUMINA	SRS2047249	SAMN06564602	coal metagenome	SRP101861	2017-08-28 00:00:00 UTC	PRJNA379128	26	42	public	1260732.0
SRR5342603	AMPLICON	public	SRX2639279	Illumina MiSeq	ILLUMINA	SRS2047249	SAMN06564602	coal metagenome	SRP101861	2017-08-28 00:00:00 UTC	PRJNA379128	55	87	public	1260732.0
SRR5342604	AMPLICON	public	SRX2639280	Illumina MiSeq	ILLUMINA	SRS2047249	SAMN06564602	coal metagenome	SRP101861	2017-08-28 00:00:00 UTC	PRJNA379128	150	237	public	1260732.0
SRR5342605	AMPLICON	public	SRX2639281	Illumina MiSeq	ILLUMINA	SRS2047249	SAMN06564602	coal metagenome	SRP101861	2017-08-28 00:00:00 UTC	PRJNA379128	132	208	public	1260732.0
SRR5342606	AMPLICON	public	SRX2639282	Illumina MiSeq	ILLUMINA	SRS2047249	SAMN06564602	coal metagenome	SRP101861	2017-08-28 00:00:00 UTC	PRJNA379128	88	139	public	1260732.0
SRR5342607	AMPLICON	public	SRX2639283	Illumina MiSeq	ILLUMINA	SRS2047249	SAMN06564602	coal metagenome	SRP101861	2017-08-28 00:00:00 UTC	PRJNA379128	70	109	public	1260732.0
SRR5342608	AMPLICON	public	SRX2639284	Illumina MiSeq	ILLUMINA	SRS2047249	SAMN06564602	coal metagenome	SRP101861	2017-08-28 00:00:00 UTC	PRJNA379128	220	344	public	1260732.0
SRR5342609	AMPLICON	public	SRX2639285	Illumina MiSeq	ILLUMINA	SRS2047249	SAMN06564602	coal metagenome	SRP101861	2017-08-28 00:00:00 UTC	PRJNA379128	210	327	public	1260732.0
SRR5342610	AMPLICON	public	SRX2639286	Illumina MiSeq	ILLUMINA	SRS2047249	SAMN06564602	coal metagenome	SRP101861	2017-08-28 00:00:00 UTC	PRJNA379128	63	100	public	1260732.0
SRR5342611	AMPLICON	public	SRX2639287	Illumina MiSeq	ILLUMINA	SRS2047249	SAMN06564602	coal metagenome	SRP101861	2017-08-28 00:00:00 UTC	PRJNA379128	30	46	public	1260732.0
SRR5342612	AMPLICON	public	SRX2639288	Illumina MiSeq	ILLUMINA	SRS2047249	SAMN06564602	coal metagenome	SRP101861	2017-08-28 00:00:00 UTC	PRJNA379128	27	42	public	1260732.0
SRR5342613	AMPLICON	public	SRX2639289	Illumina MiSeq	ILLUMINA	SRS2047249	SAMN06564602	coal metagenome	SRP101861	2017-08-28 00:00:00 UTC	PRJNA379128	288	449	public	1260732.0
SRR5353239	RNA-Seq	public	SRX2649464	NextSeq 500	ILLUMINA	SRS2054674	SAMN06614859	Homo sapiens	SRP102087	2017-08-03 00:00:00 UTC	PRJNA379611	799	2358	public	9606.0
SRR5353240	RNA-Seq	public	SRX2649465	NextSeq 500	ILLUMINA	SRS2054675	SAMN06614858	Homo sapiens	SRP102087	2017-08-03 00:00:00 UTC	PRJNA379611	1524	4486	public	9606.0
SRR5353241	RNA-Seq	public	SRX2649466	NextSeq 500	ILLUMINA	SRS2054676	SAMN06614857	Homo sapiens	SRP102087	2017-08-03 00:00:00 UTC	PRJNA379611	610	1767	public	9606.0
SRR5353242	RNA-Seq	public	SRX2649467	NextSeq 500	ILLUMINA	SRS2054677	SAMN06614856	Homo sapiens	SRP102087	2017-08-03 00:00:00 UTC	PRJNA379611	1265	3733	public	9606.0
SRR5353243	RNA-Seq	public	SRX2649468	NextSeq 500	ILLUMINA	SRS2054678	SAMN06614855	Homo sapiens	SRP102087	2017-08-03 00:00:00 UTC	PRJNA379611	1181	3512	public	9606.0
SRR5353244	RNA-Seq	public	SRX2649469	NextSeq 500	ILLUMINA	SRS2054679	SAMN06614854	Homo sapiens	SRP102087	2017-08-03 00:00:00 UTC	PRJNA379611	977	2868	public	9606.0
SRR5353245	RNA-Seq	public	SRX2649470	NextSeq 500	ILLUMINA	SRS2054680	SAMN06614853	Homo sapiens	SRP102087	2017-08-03 00:00:00 UTC	PRJNA379611	1394	4176	public	9606.0
SRR5353246	RNA-Seq	public	SRX2649471	NextSeq 500	ILLUMINA	SRS2054681	SAMN06614852	Homo sapiens	SRP102087	2017-08-03 00:00:00 UTC	PRJNA379611	822	2429	public	9606.0
SRR5576258	WXS	public	SRX2834504	Illumina HiSeq 2500	ILLUMINA	SRS2208852	SAMN07142133	Homo sapiens	SRP107365	2017-05-19 00:00:00 UTC	PRJNA387217	11131	31248	public	9606.0
SRR5576259	WXS	public	SRX2834503	Illumina HiSeq 2500	ILLUMINA	SRS2208851	SAMN07142132	Homo sapiens	SRP107365	2017-05-19 00:00:00 UTC	PRJNA387217	9469	26560	public	9606.0
SRR5576260	WXS	public	SRX2834502	Illumina HiSeq 2500	ILLUMINA	SRS2208850	SAMN07142135	Homo sapiens	SRP107365	2017-05-19 00:00:00 UTC	PRJNA387217	9395	25989	public	9606.0
SRR5576261	WXS	public	SRX2834501	Illumina HiSeq 2500	ILLUMINA	SRS2208849	SAMN07142134	Homo sapiens	SRP107365	2017-05-19 00:00:00 UTC	PRJNA387217	10127	28128	public	9606.0
SRR5578483	RNA-Seq	public	SRX2836685	Illumina HiSeq 2500	ILLUMINA	SRS2210862	SAMN06313428	Brachypodium distachyon	SRP107428	2017-05-19 00:00:00 UTC	PRJNA373545	2015	4845	public	15368.0
SRR5693747	WGS	public	SRX2926126	PacBio RS	PACBIO_SMRT	SRS2290982	SAMN05444670	Pilobolus umbonatus	SRP109562	2017-06-16 00:00:00 UTC	PRJNA331830	91	139	public	101123.0
SRR5693748	WGS	public	SRX2926125	PacBio RS	PACBIO_SMRT	SRS2290982	SAMN05444670	Pilobolus umbonatus	SRP109562	2017-06-16 00:00:00 UTC	PRJNA331830	99	149	public	101123.0
SRR5693749	WGS	public	SRX2926124	PacBio RS	PACBIO_SMRT	SRS2290982	SAMN05444670	Pilobolus umbonatus	SRP109562	2017-06-16 00:00:00 UTC	PRJNA331830	57	87	public	101123.0
SRR5693750	WGS	public	SRX2926123	PacBio RS	PACBIO_SMRT	SRS2290982	SAMN05444670	Pilobolus umbonatus	SRP109562	2017-06-16 00:00:00 UTC	PRJNA331830	90	138	public	101123.0
SRR5693751	WGS	public	SRX2926122	PacBio RS	PACBIO_SMRT	SRS2290982	SAMN05444670	Pilobolus umbonatus	SRP109562	2017-06-16 00:00:00 UTC	PRJNA331830	448	695	public	101123.0
SRR5693752	WGS	public	SRX2926121	PacBio RS	PACBIO_SMRT	SRS2290982	SAMN05444670	Pilobolus umbonatus	SRP109562	2017-06-16 00:00:00 UTC	PRJNA331830	538	831	public	101123.0
SRR5693753	WGS	public	SRX2926120	PacBio RS	PACBIO_SMRT	SRS2290982	SAMN05444670	Pilobolus umbonatus	SRP109562	2017-06-16 00:00:00 UTC	PRJNA331830	68	103	public	101123.0
SRR5693754	WGS	public	SRX2926119	PacBio RS	PACBIO_SMRT	SRS2290982	SAMN05444670	Pilobolus umbonatus	SRP109562	2017-06-16 00:00:00 UTC	PRJNA331830	69	106	public	101123.0
SRR5693755	WGS	public	SRX2926118	PacBio RS	PACBIO_SMRT	SRS2290982	SAMN05444670	Pilobolus umbonatus	SRP109562	2017-06-16 00:00:00 UTC	PRJNA331830	763	1170	public	101123.0
SRR5693756	WGS	public	SRX2926117	PacBio RS	PACBIO_SMRT	SRS2290982	SAMN05444670	Pilobolus umbonatus	SRP109562	2017-06-16 00:00:00 UTC	PRJNA331830	693	1053	public	101123.0
SRR5693757	WGS	public	SRX2926116	PacBio RS	PACBIO_SMRT	SRS2290982	SAMN05444670	Pilobolus umbonatus	SRP109562	2017-06-16 00:00:00 UTC	PRJNA331830	650	1005	public	101123.0
SRR5693758	WGS	public	SRX2926115	PacBio RS	PACBIO_SMRT	SRS2290982	SAMN05444670	Pilobolus umbonatus	SRP109562	2017-06-16 00:00:00 UTC	PRJNA331830	579	878	public	101123.0
SRR5693759	WGS	public	SRX2926114	PacBio RS	PACBIO_SMRT	SRS2290982	SAMN05444670	Pilobolus umbonatus	SRP109562	2017-06-16 00:00:00 UTC	PRJNA331830	637	974	public	101123.0
SRR5693760	WGS	public	SRX2926113	PacBio RS	PACBIO_SMRT	SRS2290982	SAMN05444670	Pilobolus umbonatus	SRP109562	2017-06-16 00:00:00 UTC	PRJNA331830	802	1230	public	101123.0
SRR5693761	WGS	public	SRX2926112	PacBio RS	PACBIO_SMRT	SRS2290982	SAMN05444670	Pilobolus umbonatus	SRP109562	2017-06-16 00:00:00 UTC	PRJNA331830	868	1321	public	101123.0
SRR5693762	WGS	public	SRX2926111	PacBio RS	PACBIO_SMRT	SRS2290982	SAMN05444670	Pilobolus umbonatus	SRP109562	2017-06-16 00:00:00 UTC	PRJNA331830	909	1391	public	101123.0
SRR5693763	WGS	public	SRX2926110	PacBio RS	PACBIO_SMRT	SRS2290982	SAMN05444670	Pilobolus umbonatus	SRP109562	2017-06-16 00:00:00 UTC	PRJNA331830	867	1326	public	101123.0
SRR5693764	WGS	public	SRX2926109	PacBio RS	PACBIO_SMRT	SRS2290982	SAMN05444670	Pilobolus umbonatus	SRP109562	2017-06-16 00:00:00 UTC	PRJNA331830	1091	1649	public	101123.0
SRR5693765	WGS	public	SRX2926108	PacBio RS	PACBIO_SMRT	SRS2290982	SAMN05444670	Pilobolus umbonatus	SRP109562	2017-06-16 00:00:00 UTC	PRJNA331830	894	1375	public	101123.0
SRR5693766	WGS	public	SRX2926107	PacBio RS	PACBIO_SMRT	SRS2290982	SAMN05444670	Pilobolus umbonatus	SRP109562	2017-06-16 00:00:00 UTC	PRJNA331830	1237	1874	public	101123.0
SRR5693767	WGS	public	SRX2926106	PacBio RS	PACBIO_SMRT	SRS2290982	SAMN05444670	Pilobolus umbonatus	SRP109562	2017-06-16 00:00:00 UTC	PRJNA331830	890	1363	public	101123.0
SRR5693768	WGS	public	SRX2926105	PacBio RS	PACBIO_SMRT	SRS2290982	SAMN05444670	Pilobolus umbonatus	SRP109562	2017-06-16 00:00:00 UTC	PRJNA331830	66	101	public	101123.0
SRR5723796	WGS	public	SRX2939882	NextSeq 500	ILLUMINA	SRS2301417	SAMN07259860	human metagenome	SRP109960	2018-05-01 00:00:00 UTC	PRJNA384716	602	1453	public	646099.0
SRR5723797	WGS	public	SRX2939881	NextSeq 500	ILLUMINA	SRS2301416	SAMN07259861	human metagenome	SRP109960	2018-05-01 00:00:00 UTC	PRJNA384716	771	1847	public	646099.0
SRR5723798	WGS	public	SRX2939880	NextSeq 500	ILLUMINA	SRS2301418	SAMN07259858	human metagenome	SRP109960	2018-05-01 00:00:00 UTC	PRJNA384716	745	1738	public	646099.0
SRR5723799	WGS	public	SRX2939879	NextSeq 500	ILLUMINA	SRS2301415	SAMN07259859	human metagenome	SRP109960	2018-05-01 00:00:00 UTC	PRJNA384716	747	1766	public	646099.0
SRR5723800	WGS	public	SRX2939878	NextSeq 500	ILLUMINA	SRS2301413	SAMN07259852	human metagenome	SRP109960	2018-05-01 00:00:00 UTC	PRJNA384716	786	1924	public	646099.0
SRR5723801	WGS	public	SRX2939877	NextSeq 500	ILLUMINA	SRS2301414	SAMN07259853	human metagenome	SRP109960	2018-05-01 00:00:00 UTC	PRJNA384716	846	2080	public	646099.0
SRR5723802	WGS	public	SRX2939876	NextSeq 500	ILLUMINA	SRS2301412	SAMN07259862	human metagenome	SRP109960	2018-05-01 00:00:00 UTC	PRJNA384716	55	153	public	646099.0
SRR5723803	WGS	public	SRX2939875	NextSeq 500	ILLUMINA	SRS2301411	SAMN07259863	human metagenome	SRP109960	2018-05-01 00:00:00 UTC	PRJNA384716	65	187	public	646099.0
SRR5723804	WGS	public	SRX2939874	NextSeq 500	ILLUMINA	SRS2301410	SAMN07259854	human metagenome	SRP109960	2018-05-01 00:00:00 UTC	PRJNA384716	574	1390	public	646099.0
SRR5723805	WGS	public	SRX2939873	NextSeq 500	ILLUMINA	SRS2301409	SAMN07259855	human metagenome	SRP109960	2018-05-01 00:00:00 UTC	PRJNA384716	760	1859	public	646099.0
SRR5723806	WGS	public	SRX2939872	NextSeq 500	ILLUMINA	SRS2301408	SAMN07259884	human metagenome	SRP109960	2018-05-01 00:00:00 UTC	PRJNA384716	716	1763	public	646099.0
SRR5723807	WGS	public	SRX2939871	NextSeq 500	ILLUMINA	SRS2301407	SAMN07259885	human metagenome	SRP109960	2018-05-01 00:00:00 UTC	PRJNA384716	751	1829	public	646099.0
SRR5723808	WGS	public	SRX2939870	NextSeq 500	ILLUMINA	SRS2301406	SAMN07259830	human metagenome	SRP109960	2018-05-01 00:00:00 UTC	PRJNA384716	611	1454	public	646099.0
SRR5723809	WGS	public	SRX2939869	NextSeq 500	ILLUMINA	SRS2301405	SAMN07259831	human metagenome	SRP109960	2018-05-01 00:00:00 UTC	PRJNA384716	757	1931	public	646099.0
SRR5723810	WGS	public	SRX2939868	NextSeq 500	ILLUMINA	SRS2301404	SAMN07259828	human metagenome	SRP109960	2018-05-01 00:00:00 UTC	PRJNA384716	747	1747	public	646099.0
SRR5723811	WGS	public	SRX2939867	NextSeq 500	ILLUMINA	SRS2301403	SAMN07259829	human metagenome	SRP109960	2018-05-01 00:00:00 UTC	PRJNA384716	737	1754	public	646099.0
SRR5723812	WGS	public	SRX2939866	NextSeq 500	ILLUMINA	SRS2301402	SAMN07259882	human metagenome	SRP109960	2018-05-01 00:00:00 UTC	PRJNA384716	859	2127	public	646099.0
SRR5723813	WGS	public	SRX2939865	NextSeq 500	ILLUMINA	SRS2301401	SAMN07259883	human metagenome	SRP109960	2018-05-01 00:00:00 UTC	PRJNA384716	850	2051	public	646099.0
SRR5723814	WGS	public	SRX2939864	NextSeq 500	ILLUMINA	SRS2301400	SAMN07259832	human metagenome	SRP109960	2018-05-01 00:00:00 UTC	PRJNA384716	47	136	public	646099.0
SRR5723815	WGS	public	SRX2939863	NextSeq 500	ILLUMINA	SRS2301399	SAMN07259833	human metagenome	SRP109960	2018-05-01 00:00:00 UTC	PRJNA384716	62	165	public	646099.0
SRR5723816	WGS	public	SRX2939862	NextSeq 500	ILLUMINA	SRS2301398	SAMN07259869	human metagenome	SRP109960	2018-05-01 00:00:00 UTC	PRJNA384716	46	128	public	646099.0
SRR5723817	WGS	public	SRX2939861	NextSeq 500	ILLUMINA	SRS2301397	SAMN07259868	human metagenome	SRP109960	2018-05-01 00:00:00 UTC	PRJNA384716	46	124	public	646099.0
SRR5723818	WGS	public	SRX2939860	NextSeq 500	ILLUMINA	SRS2301396	SAMN07259865	human metagenome	SRP109960	2018-05-01 00:00:00 UTC	PRJNA384716	762	1805	public	646099.0
SRR5723819	WGS	public	SRX2939859	NextSeq 500	ILLUMINA	SRS2301395	SAMN07259864	human metagenome	SRP109960	2018-05-01 00:00:00 UTC	PRJNA384716	777	1846	public	646099.0
SRR5723820	WGS	public	SRX2939858	NextSeq 500	ILLUMINA	SRS2301394	SAMN07259867	human metagenome	SRP109960	2018-05-01 00:00:00 UTC	PRJNA384716	253	624	public	646099.0
SRR5723821	WGS	public	SRX2939857	NextSeq 500	ILLUMINA	SRS2301393	SAMN07259866	human metagenome	SRP109960	2018-05-01 00:00:00 UTC	PRJNA384716	691	1646	public	646099.0
SRR5723822	WGS	public	SRX2939856	NextSeq 500	ILLUMINA	SRS2301392	SAMN07259873	human metagenome	SRP109960	2018-05-01 00:00:00 UTC	PRJNA384716	811	1885	public	646099.0
SRR5723823	WGS	public	SRX2939855	NextSeq 500	ILLUMINA	SRS2301391	SAMN07259872	human metagenome	SRP109960	2018-05-01 00:00:00 UTC	PRJNA384716	739	1852	public	646099.0
SRR5723824	WGS	public	SRX2939854	NextSeq 500	ILLUMINA	SRS2301390	SAMN07259875	human metagenome	SRP109960	2018-05-01 00:00:00 UTC	PRJNA384716	73	193	public	646099.0
SRR5723825	WGS	public	SRX2939853	NextSeq 500	ILLUMINA	SRS2301389	SAMN07259874	human metagenome	SRP109960	2018-05-01 00:00:00 UTC	PRJNA384716	75	204	public	646099.0
SRR5723826	WGS	public	SRX2939852	NextSeq 500	ILLUMINA	SRS2301388	SAMN07259888	human metagenome	SRP109960	2018-05-01 00:00:00 UTC	PRJNA384716	850	2109	public	646099.0
SRR5723827	WGS	public	SRX2939851	NextSeq 500	ILLUMINA	SRS2301387	SAMN07259889	human metagenome	SRP109960	2018-05-01 00:00:00 UTC	PRJNA384716	666	1615	public	646099.0
SRR5723828	WGS	public	SRX2939850	NextSeq 500	ILLUMINA	SRS2301386	SAMN07259890	human metagenome	SRP109960	2018-05-01 00:00:00 UTC	PRJNA384716	807	2036	public	646099.0
SRR5723829	WGS	public	SRX2939849	NextSeq 500	ILLUMINA	SRS2301385	SAMN07259891	human metagenome	SRP109960	2018-05-01 00:00:00 UTC	PRJNA384716	863	2141	public	646099.0
SRR5723830	WGS	public	SRX2939848	NextSeq 500	ILLUMINA	SRS2301384	SAMN07259892	human metagenome	SRP109960	2018-05-01 00:00:00 UTC	PRJNA384716	45	123	public	646099.0
SRR5723831	WGS	public	SRX2939847	NextSeq 500	ILLUMINA	SRS2301383	SAMN07259893	human metagenome	SRP109960	2018-05-01 00:00:00 UTC	PRJNA384716	58	162	public	646099.0
SRR5723832	WGS	public	SRX2939846	NextSeq 500	ILLUMINA	SRS2301382	SAMN07259870	human metagenome	SRP109960	2018-05-01 00:00:00 UTC	PRJNA384716	703	1722	public	646099.0
SRR5723833	WGS	public	SRX2939845	NextSeq 500	ILLUMINA	SRS2301381	SAMN07259871	human metagenome	SRP109960	2018-05-01 00:00:00 UTC	PRJNA384716	903	2214	public	646099.0
SRR5723834	WGS	public	SRX2939844	NextSeq 500	ILLUMINA	SRS2301380	SAMN07259886	human metagenome	SRP109960	2018-05-01 00:00:00 UTC	PRJNA384716	53	152	public	646099.0
SRR5723835	WGS	public	SRX2939843	NextSeq 500	ILLUMINA	SRS2301378	SAMN07259887	human metagenome	SRP109960	2018-05-01 00:00:00 UTC	PRJNA384716	62	177	public	646099.0
SRR5723836	WGS	public	SRX2939842	NextSeq 500	ILLUMINA	SRS2301379	SAMN07259876	human metagenome	SRP109960	2018-05-01 00:00:00 UTC	PRJNA384716	768	1828	public	646099.0
SRR5723837	WGS	public	SRX2939841	NextSeq 500	ILLUMINA	SRS2301377	SAMN07259877	human metagenome	SRP109960	2018-05-01 00:00:00 UTC	PRJNA384716	796	1937	public	646099.0
SRR5723838	WGS	public	SRX2939840	NextSeq 500	ILLUMINA	SRS2301376	SAMN07259878	human metagenome	SRP109960	2018-05-01 00:00:00 UTC	PRJNA384716	743	1774	public	646099.0
SRR5723839	WGS	public	SRX2939839	NextSeq 500	ILLUMINA	SRS2301375	SAMN07259879	human metagenome	SRP109960	2018-05-01 00:00:00 UTC	PRJNA384716	649	1552	public	646099.0
SRR5723840	WGS	public	SRX2939838	NextSeq 500	ILLUMINA	SRS2301374	SAMN07259880	human metagenome	SRP109960	2018-05-01 00:00:00 UTC	PRJNA384716	63	177	public	646099.0
SRR5723841	WGS	public	SRX2939837	NextSeq 500	ILLUMINA	SRS2301373	SAMN07259881	human metagenome	SRP109960	2018-05-01 00:00:00 UTC	PRJNA384716	48	134	public	646099.0
SRR5723842	WGS	public	SRX2939836	NextSeq 500	ILLUMINA	SRS2301372	SAMN07259900	human metagenome	SRP109960	2018-05-01 00:00:00 UTC	PRJNA384716	656	1551	public	646099.0
SRR5723843	WGS	public	SRX2939835	NextSeq 500	ILLUMINA	SRS2301371	SAMN07259901	human metagenome	SRP109960	2018-05-01 00:00:00 UTC	PRJNA384716	1251	3161	public	646099.0
SRR5723844	WGS	public	SRX2939834	NextSeq 500	ILLUMINA	SRS2301370	SAMN07259910	human metagenome	SRP109960	2018-05-01 00:00:00 UTC	PRJNA384716	43	123	public	646099.0
SRR5723845	WGS	public	SRX2939833	NextSeq 500	ILLUMINA	SRS2301369	SAMN07259911	human metagenome	SRP109960	2018-05-01 00:00:00 UTC	PRJNA384716	55	151	public	646099.0
SRR5723846	WGS	public	SRX2939832	NextSeq 500	ILLUMINA	SRS2301368	SAMN07259908	human metagenome	SRP109960	2018-05-01 00:00:00 UTC	PRJNA384716	727	1739	public	646099.0
SRR5723847	WGS	public	SRX2939831	NextSeq 500	ILLUMINA	SRS2301367	SAMN07259909	human metagenome	SRP109960	2018-05-01 00:00:00 UTC	PRJNA384716	1247	3183	public	646099.0
SRR5723848	WGS	public	SRX2939830	NextSeq 500	ILLUMINA	SRS2301366	SAMN07259906	human metagenome	SRP109960	2018-05-01 00:00:00 UTC	PRJNA384716	653	1556	public	646099.0
SRR5723849	WGS	public	SRX2939829	NextSeq 500	ILLUMINA	SRS2301365	SAMN07259907	human metagenome	SRP109960	2018-05-01 00:00:00 UTC	PRJNA384716	726	1743	public	646099.0
SRR5723850	WGS	public	SRX2939828	NextSeq 500	ILLUMINA	SRS2301363	SAMN07259916	human metagenome	SRP109960	2018-05-01 00:00:00 UTC	PRJNA384716	128	302	public	646099.0
SRR5723851	WGS	public	SRX2939827	NextSeq 500	ILLUMINA	SRS2301364	SAMN07259917	human metagenome	SRP109960	2018-05-01 00:00:00 UTC	PRJNA384716	66	187	public	646099.0
SRR5723852	WGS	public	SRX2939826	NextSeq 500	ILLUMINA	SRS2301362	SAMN07259905	human metagenome	SRP109960	2018-05-01 00:00:00 UTC	PRJNA384716	62	177	public	646099.0
SRR5723853	WGS	public	SRX2939825	NextSeq 500	ILLUMINA	SRS2301361	SAMN07259904	human metagenome	SRP109960	2018-05-01 00:00:00 UTC	PRJNA384716	67	195	public	646099.0
SRR5723854	WGS	public	SRX2939824	NextSeq 500	ILLUMINA	SRS2301360	SAMN07259903	human metagenome	SRP109960	2018-05-01 00:00:00 UTC	PRJNA384716	737	1801	public	646099.0
SRR5723855	WGS	public	SRX2939823	NextSeq 500	ILLUMINA	SRS2301359	SAMN07259902	human metagenome	SRP109960	2018-05-01 00:00:00 UTC	PRJNA384716	1097	2772	public	646099.0
SRR5723856	WGS	public	SRX2939822	NextSeq 500	ILLUMINA	SRS2301358	SAMN07259897	human metagenome	SRP109960	2018-05-01 00:00:00 UTC	PRJNA384716	817	1909	public	646099.0
SRR5723857	WGS	public	SRX2939821	NextSeq 500	ILLUMINA	SRS2301357	SAMN07259896	human metagenome	SRP109960	2018-05-01 00:00:00 UTC	PRJNA384716	746	1819	public	646099.0
SRR5723858	WGS	public	SRX2939820	NextSeq 500	ILLUMINA	SRS2301356	SAMN07259895	human metagenome	SRP109960	2018-05-01 00:00:00 UTC	PRJNA384716	966	2237	public	646099.0
SRR5723859	WGS	public	SRX2939819	NextSeq 500	ILLUMINA	SRS2301355	SAMN07259894	human metagenome	SRP109960	2018-05-01 00:00:00 UTC	PRJNA384716	759	1815	public	646099.0
SRR5723860	WGS	public	SRX2939818	NextSeq 500	ILLUMINA	SRS2301354	SAMN07259899	human metagenome	SRP109960	2018-05-01 00:00:00 UTC	PRJNA384716	40	116	public	646099.0
SRR5723861	WGS	public	SRX2939817	NextSeq 500	ILLUMINA	SRS2301353	SAMN07259898	human metagenome	SRP109960	2018-05-01 00:00:00 UTC	PRJNA384716	61	183	public	646099.0
SRR5723862	WGS	public	SRX2939816	NextSeq 500	ILLUMINA	SRS2301352	SAMN07259915	human metagenome	SRP109960	2018-05-01 00:00:00 UTC	PRJNA384716	718	1732	public	646099.0
SRR5723863	WGS	public	SRX2939815	NextSeq 500	ILLUMINA	SRS2301351	SAMN07259914	human metagenome	SRP109960	2018-05-01 00:00:00 UTC	PRJNA384716	704	1711	public	646099.0
SRR5723864	WGS	public	SRX2939814	NextSeq 500	ILLUMINA	SRS2301350	SAMN07259919	human metagenome	SRP109960	2018-05-01 00:00:00 UTC	PRJNA384716	768	1820	public	646099.0
SRR5723865	WGS	public	SRX2939813	NextSeq 500	ILLUMINA	SRS2301349	SAMN07259918	human metagenome	SRP109960	2018-05-01 00:00:00 UTC	PRJNA384716	828	2011	public	646099.0
SRR5723866	WGS	public	SRX2939812	NextSeq 500	ILLUMINA	SRS2301348	SAMN07259921	human metagenome	SRP109960	2018-05-01 00:00:00 UTC	PRJNA384716	717	1705	public	646099.0
SRR5723867	WGS	public	SRX2939811	NextSeq 500	ILLUMINA	SRS2301347	SAMN07259920	human metagenome	SRP109960	2018-05-01 00:00:00 UTC	PRJNA384716	836	1942	public	646099.0
SRR5723868	WGS	public	SRX2939810	NextSeq 500	ILLUMINA	SRS2301346	SAMN07259923	human metagenome	SRP109960	2018-05-01 00:00:00 UTC	PRJNA384716	50	144	public	646099.0
SRR5723869	WGS	public	SRX2939809	NextSeq 500	ILLUMINA	SRS2301345	SAMN07259922	human metagenome	SRP109960	2018-05-01 00:00:00 UTC	PRJNA384716	62	177	public	646099.0
SRR5723870	WGS	public	SRX2939808	NextSeq 500	ILLUMINA	SRS2301344	SAMN07259913	human metagenome	SRP109960	2018-05-01 00:00:00 UTC	PRJNA384716	788	1889	public	646099.0
SRR5723871	WGS	public	SRX2939807	NextSeq 500	ILLUMINA	SRS2301343	SAMN07259912	human metagenome	SRP109960	2018-05-01 00:00:00 UTC	PRJNA384716	830	2049	public	646099.0
SRR5723872	WGS	public	SRX2939806	NextSeq 500	ILLUMINA	SRS2301341	SAMN07259834	human metagenome	SRP109960	2018-05-01 00:00:00 UTC	PRJNA384716	615	1482	public	646099.0
SRR5723873	WGS	public	SRX2939805	NextSeq 500	ILLUMINA	SRS2301342	SAMN07259835	human metagenome	SRP109960	2018-05-01 00:00:00 UTC	PRJNA384716	989	2502	public	646099.0
SRR5723874	WGS	public	SRX2939804	NextSeq 500	ILLUMINA	SRS2301340	SAMN07259836	human metagenome	SRP109960	2018-05-01 00:00:00 UTC	PRJNA384716	808	1981	public	646099.0
SRR5723875	WGS	public	SRX2939803	NextSeq 500	ILLUMINA	SRS2301339	SAMN07259837	human metagenome	SRP109960	2018-05-01 00:00:00 UTC	PRJNA384716	584	1406	public	646099.0
SRR5723876	WGS	public	SRX2939802	NextSeq 500	ILLUMINA	SRS2301338	SAMN07259842	human metagenome	SRP109960	2018-05-01 00:00:00 UTC	PRJNA384716	582	1451	public	646099.0
SRR5723877	WGS	public	SRX2939801	NextSeq 500	ILLUMINA	SRS2301337	SAMN07259843	human metagenome	SRP109960	2018-05-01 00:00:00 UTC	PRJNA384716	1553	3652	public	646099.0
SRR5723878	WGS	public	SRX2939800	NextSeq 500	ILLUMINA	SRS2301336	SAMN07259844	human metagenome	SRP109960	2018-05-01 00:00:00 UTC	PRJNA384716	51	146	public	646099.0
SRR5723879	WGS	public	SRX2939799	NextSeq 500	ILLUMINA	SRS2301334	SAMN07259845	human metagenome	SRP109960	2018-05-01 00:00:00 UTC	PRJNA384716	48	134	public	646099.0
SRR5723880	WGS	public	SRX2939798	NextSeq 500	ILLUMINA	SRS2301335	SAMN07259838	human metagenome	SRP109960	2018-05-01 00:00:00 UTC	PRJNA384716	45	133	public	646099.0
SRR5723881	WGS	public	SRX2939797	NextSeq 500	ILLUMINA	SRS2301333	SAMN07259839	human metagenome	SRP109960	2018-05-01 00:00:00 UTC	PRJNA384716	54	154	public	646099.0
SRR5723882	WGS	public	SRX2939796	NextSeq 500	ILLUMINA	SRS2301332	SAMN07259851	human metagenome	SRP109960	2018-05-01 00:00:00 UTC	PRJNA384716	56	155	public	646099.0
SRR5723883	WGS	public	SRX2939795	NextSeq 500	ILLUMINA	SRS2301331	SAMN07259850	human metagenome	SRP109960	2018-05-01 00:00:00 UTC	PRJNA384716	55	150	public	646099.0
SRR5723884	WGS	public	SRX2939794	NextSeq 500	ILLUMINA	SRS2301330	SAMN07259849	human metagenome	SRP109960	2018-05-01 00:00:00 UTC	PRJNA384716	651	1571	public	646099.0
SRR5723885	WGS	public	SRX2939793	NextSeq 500	ILLUMINA	SRS2301329	SAMN07259848	human metagenome	SRP109960	2018-05-01 00:00:00 UTC	PRJNA384716	735	1702	public	646099.0
SRR5723886	WGS	public	SRX2939792	NextSeq 500	ILLUMINA	SRS2301327	SAMN07259847	human metagenome	SRP109960	2018-05-01 00:00:00 UTC	PRJNA384716	944	2352	public	646099.0
SRR5723887	WGS	public	SRX2939791	NextSeq 500	ILLUMINA	SRS2301328	SAMN07259846	human metagenome	SRP109960	2018-05-01 00:00:00 UTC	PRJNA384716	715	1744	public	646099.0
SRR5723888	WGS	public	SRX2939790	NextSeq 500	ILLUMINA	SRS2301326	SAMN07259857	human metagenome	SRP109960	2018-05-01 00:00:00 UTC	PRJNA384716	42	113	public	646099.0
SRR5723889	WGS	public	SRX2939789	NextSeq 500	ILLUMINA	SRS2301324	SAMN07259856	human metagenome	SRP109960	2018-05-01 00:00:00 UTC	PRJNA384716	48	134	public	646099.0
SRR5723890	WGS	public	SRX2939788	NextSeq 500	ILLUMINA	SRS2301325	SAMN07259841	human metagenome	SRP109960	2018-05-01 00:00:00 UTC	PRJNA384716	695	1680	public	646099.0
SRR5723891	WGS	public	SRX2939787	NextSeq 500	ILLUMINA	SRS2301323	SAMN07259840	human metagenome	SRP109960	2018-05-01 00:00:00 UTC	PRJNA384716	642	1561	public	646099.0
SRR5803923	WGS	public	SRX2978600	Illumina HiSeq 4000	ILLUMINA	SRS2332514	SAMN07303043	Auricularia polytricha	SRP110942	2017-09-20 00:00:00 UTC	PRJNA392540	4656	12289	public	29893.0
SRR5803924	WGS	public	SRX2978600	Illumina HiSeq 4000	ILLUMINA	SRS2332514	SAMN07303043	Auricularia polytricha	SRP110942	2017-09-20 00:00:00 UTC	PRJNA392540	9889	24368	public	29893.0
SRR5810950	WGS	public	SRX2989803	Illumina Genome Analyzer IIx	ILLUMINA	SRS2341726	SAMN07332904	Bacillus anthracis	SRP051684	2017-07-07 00:00:00 UTC	PRJNA264742	304	507	public	1392.0
SRR5810951	WGS	public	SRX2989802	Illumina Genome Analyzer IIx	ILLUMINA	SRS2341724	SAMN07332901	Bacillus anthracis	SRP051684	2017-07-07 00:00:00 UTC	PRJNA264742	225	371	public	1392.0
SRR5810952	WGS	public	SRX2989801	Illumina Genome Analyzer IIx	ILLUMINA	SRS2341723	SAMN07332902	Bacillus anthracis	SRP051684	2017-07-07 00:00:00 UTC	PRJNA264742	187	313	public	1392.0
SRR5810953	WGS	public	SRX2989800	Illumina Genome Analyzer IIx	ILLUMINA	SRS2341722	SAMN07332899	Bacillus anthracis	SRP051684	2017-07-07 00:00:00 UTC	PRJNA264742	221	366	public	1392.0
SRR5810954	WGS	public	SRX2989799	Illumina Genome Analyzer IIx	ILLUMINA	SRS2341721	SAMN07332900	Bacillus anthracis	SRP051684	2017-07-07 00:00:00 UTC	PRJNA264742	189	314	public	1392.0
SRR5810955	WGS	public	SRX2989798	Illumina Genome Analyzer IIx	ILLUMINA	SRS2341720	SAMN07333153	Bacillus anthracis	SRP051684	2017-07-07 00:00:00 UTC	PRJNA264742	542	887	public	1392.0
SRR5810956	WGS	public	SRX2989797	Illumina Genome Analyzer IIx	ILLUMINA	SRS2341719	SAMN07332898	Bacillus anthracis	SRP051684	2017-07-07 00:00:00 UTC	PRJNA264742	280	463	public	1392.0
SRR5810957	WGS	public	SRX2989796	Illumina Genome Analyzer IIx	ILLUMINA	SRS2341718	SAMN07332895	Bacillus anthracis	SRP051684	2017-07-07 00:00:00 UTC	PRJNA264742	582	1051	public	1392.0
SRR5810958	WGS	public	SRX2989795	Illumina Genome Analyzer IIx	ILLUMINA	SRS2341717	SAMN07332896	Bacillus anthracis	SRP051684	2017-07-07 00:00:00 UTC	PRJNA264742	468	821	public	1392.0
SRR5810959	WGS	public	SRX2989794	Illumina Genome Analyzer IIx	ILLUMINA	SRS2341716	SAMN07332963	Bacillus anthracis	SRP051684	2017-07-07 00:00:00 UTC	PRJNA264742	528	853	public	1392.0
SRR5810960	WGS	public	SRX2989793	Illumina Genome Analyzer IIx	ILLUMINA	SRS2341715	SAMN07333154	Bacillus anthracis	SRP051684	2017-07-07 00:00:00 UTC	PRJNA264742	696	1139	public	1392.0
SRR5810961	WGS	public	SRX2989792	Illumina Genome Analyzer IIx	ILLUMINA	SRS2341713	SAMN07333136	Bacillus anthracis	SRP051684	2017-07-07 00:00:00 UTC	PRJNA264742	190	314	public	1392.0
SRR5810962	WGS	public	SRX2989791	Illumina Genome Analyzer IIx	ILLUMINA	SRS2341714	SAMN07332961	Bacillus anthracis	SRP051684	2017-07-07 00:00:00 UTC	PRJNA264742	624	1013	public	1392.0
SRR5810963	WGS	public	SRX2989790	Illumina Genome Analyzer IIx	ILLUMINA	SRS2341725	SAMN07332962	Bacillus anthracis	SRP051684	2017-07-07 00:00:00 UTC	PRJNA264742	493	792	public	1392.0
SRR5810964	WGS	public	SRX2989789	Illumina Genome Analyzer IIx	ILLUMINA	SRS2341711	SAMN07332983	Bacillus anthracis	SRP051684	2017-07-07 00:00:00 UTC	PRJNA264742	605	974	public	1392.0
SRR5810965	WGS	public	SRX2989788	Illumina Genome Analyzer IIx	ILLUMINA	SRS2341712	SAMN07332984	Bacillus anthracis	SRP051684	2017-07-07 00:00:00 UTC	PRJNA264742	555	883	public	1392.0
SRR5810966	WGS	public	SRX2989787	Illumina Genome Analyzer IIx	ILLUMINA	SRS2341710	SAMN07332975	Bacillus anthracis	SRP051684	2017-07-07 00:00:00 UTC	PRJNA264742	645	1047	public	1392.0
SRR5810967	WGS	public	SRX2989786	Illumina Genome Analyzer IIx	ILLUMINA	SRS2341709	SAMN07332976	Bacillus anthracis	SRP051684	2017-07-07 00:00:00 UTC	PRJNA264742	579	977	public	1392.0
SRR5810968	WGS	public	SRX2989785	Illumina Genome Analyzer IIx	ILLUMINA	SRS2341708	SAMN07332977	Bacillus anthracis	SRP051684	2017-07-07 00:00:00 UTC	PRJNA264742	718	1160	public	1392.0
SRR5810969	WGS	public	SRX2989784	Illumina Genome Analyzer IIx	ILLUMINA	SRS2341707	SAMN07332978	Bacillus anthracis	SRP051684	2017-07-07 00:00:00 UTC	PRJNA264742	607	984	public	1392.0
SRR5810970	WGS	public	SRX2989783	Illumina Genome Analyzer IIx	ILLUMINA	SRS2341706	SAMN07332979	Bacillus anthracis	SRP051684	2017-07-07 00:00:00 UTC	PRJNA264742	719	1154	public	1392.0
SRR5810971	WGS	public	SRX2989782	Illumina Genome Analyzer IIx	ILLUMINA	SRS2341705	SAMN07332980	Bacillus anthracis	SRP051684	2017-07-07 00:00:00 UTC	PRJNA264742	547	885	public	1392.0
SRR5810972	WGS	public	SRX2989781	Illumina Genome Analyzer IIx	ILLUMINA	SRS2341704	SAMN07332981	Bacillus anthracis	SRP051684	2017-07-07 00:00:00 UTC	PRJNA264742	538	860	public	1392.0
SRR5810973	WGS	public	SRX2989780	Illumina Genome Analyzer IIx	ILLUMINA	SRS2341703	SAMN07332982	Bacillus anthracis	SRP051684	2017-07-07 00:00:00 UTC	PRJNA264742	903	1551	public	1392.0
SRR5810974	WGS	public	SRX2989779	Illumina Genome Analyzer IIx	ILLUMINA	SRS2341701	SAMN07333091	Bacillus anthracis	SRP051684	2017-07-07 00:00:00 UTC	PRJNA264742	620	1000	public	1392.0
SRR5810975	WGS	public	SRX2989778	Illumina Genome Analyzer IIx	ILLUMINA	SRS2341702	SAMN07333092	Bacillus anthracis	SRP051684	2017-07-07 00:00:00 UTC	PRJNA264742	1245	1891	public	1392.0
SRR5810976	WGS	public	SRX2989777	Illumina Genome Analyzer IIx	ILLUMINA	SRS2341700	SAMN07333089	Bacillus anthracis	SRP051684	2017-07-07 00:00:00 UTC	PRJNA264742	171	272	public	1392.0
SRR5810977	WGS	public	SRX2989776	Illumina Genome Analyzer IIx	ILLUMINA	SRS2341699	SAMN07333090	Bacillus anthracis	SRP051684	2017-07-07 00:00:00 UTC	PRJNA264742	763	1146	public	1392.0
SRR5810978	WGS	public	SRX2989775	Illumina Genome Analyzer IIx	ILLUMINA	SRS2341698	SAMN07333087	Bacillus anthracis	SRP051684	2017-07-07 00:00:00 UTC	PRJNA264742	256	419	public	1392.0
SRR5810979	WGS	public	SRX2989774	Illumina Genome Analyzer IIx	ILLUMINA	SRS2341697	SAMN07333088	Bacillus anthracis	SRP051684	2017-07-07 00:00:00 UTC	PRJNA264742	878	1299	public	1392.0
SRR5810980	WGS	public	SRX2989773	Illumina Genome Analyzer IIx	ILLUMINA	SRS2341696	SAMN07333085	Bacillus anthracis	SRP051684	2017-07-07 00:00:00 UTC	PRJNA264742	290	434	public	1392.0
SRR5810981	WGS	public	SRX2989772	Illumina Genome Analyzer IIx	ILLUMINA	SRS2341695	SAMN07333086	Bacillus anthracis	SRP051684	2017-07-07 00:00:00 UTC	PRJNA264742	204	338	public	1392.0
SRR5810982	WGS	public	SRX2989771	Illumina Genome Analyzer IIx	ILLUMINA	SRS2341694	SAMN07333073	Bacillus anthracis	SRP051684	2017-07-07 00:00:00 UTC	PRJNA264742	979	1456	public	1392.0
SRR5810983	WGS	public	SRX2989770	Illumina Genome Analyzer IIx	ILLUMINA	SRS2341693	SAMN07332870	Bacillus anthracis	SRP051684	2017-07-07 00:00:00 UTC	PRJNA264742	227	370	public	1392.0
SRR5810984	WGS	public	SRX2989769	Illumina Genome Analyzer IIx	ILLUMINA	SRS2341691	SAMN07333093	Bacillus anthracis	SRP051684	2017-07-07 00:00:00 UTC	PRJNA264742	157	262	public	1392.0
SRR5810985	WGS	public	SRX2989768	Illumina Genome Analyzer IIx	ILLUMINA	SRS2341692	SAMN07333094	Bacillus anthracis	SRP051684	2017-07-07 00:00:00 UTC	PRJNA264742	910	1375	public	1392.0
SRR5810986	WGS	public	SRX2989767	Illumina Genome Analyzer IIx	ILLUMINA	SRS2341690	SAMN07333074	Bacillus anthracis	SRP051684	2017-07-11 00:00:00 UTC	PRJNA264742	336	584	public	1392.0
SRR5810987	WGS	public	SRX2989766	Illumina Genome Analyzer IIx	ILLUMINA	SRS2341688	SAMN07332913	Bacillus anthracis	SRP051684	2017-07-07 00:00:00 UTC	PRJNA264742	288	483	public	1392.0
SRR5810988	WGS	public	SRX2989765	Illumina Genome Analyzer IIx	ILLUMINA	SRS2341689	SAMN07332908	Bacillus anthracis	SRP051684	2017-07-07 00:00:00 UTC	PRJNA264742	735	1189	public	1392.0
SRR5810989	WGS	public	SRX2989764	Illumina Genome Analyzer IIx	ILLUMINA	SRS2341687	SAMN07332907	Bacillus anthracis	SRP051684	2017-07-07 00:00:00 UTC	PRJNA264742	298	506	public	1392.0
SRR5810991	WGS	public	SRX2989762	Illumina Genome Analyzer IIx	ILLUMINA	SRS2341685	SAMN07332905	Bacillus anthracis	SRP051684	2017-07-07 00:00:00 UTC	PRJNA264742	343	578	public	1392.0
SRR5810992	WGS	public	SRX2989761	Illumina Genome Analyzer IIx	ILLUMINA	SRS2341684	SAMN07332897	Bacillus anthracis	SRP051684	2017-07-07 00:00:00 UTC	PRJNA264742	232	387	public	1392.0
SRR5810993	WGS	public	SRX2989760	Illumina Genome Analyzer IIx	ILLUMINA	SRS2341683	SAMN07332911	Bacillus anthracis	SRP051684	2017-07-07 00:00:00 UTC	PRJNA264742	306	512	public	1392.0
SRR5810994	WGS	public	SRX2989759	Illumina Genome Analyzer IIx	ILLUMINA	SRS2341682	SAMN07332910	Bacillus anthracis	SRP051684	2017-07-07 00:00:00 UTC	PRJNA264742	229	386	public	1392.0
SRR5810995	WGS	public	SRX2989758	Illumina Genome Analyzer IIx	ILLUMINA	SRS2341681	SAMN07332909	Bacillus anthracis	SRP051684	2017-07-07 00:00:00 UTC	PRJNA264742	304	508	public	1392.0
SRR5810996	WGS	public	SRX2989757	Illumina Genome Analyzer IIx	ILLUMINA	SRS2341680	SAMN07332933	Bacillus anthracis	SRP051684	2017-07-07 00:00:00 UTC	PRJNA264742	733	1163	public	1392.0
SRR5810997	WGS	public	SRX2989756	Illumina Genome Analyzer IIx	ILLUMINA	SRS2341679	SAMN07332972	Bacillus anthracis	SRP051684	2017-07-07 00:00:00 UTC	PRJNA264742	531	855	public	1392.0
SRR5810998	WGS	public	SRX2989755	Illumina Genome Analyzer IIx	ILLUMINA	SRS2341678	SAMN07332971	Bacillus anthracis	SRP051684	2017-07-07 00:00:00 UTC	PRJNA264742	546	879	public	1392.0
SRR5810999	WGS	public	SRX2989754	Illumina Genome Analyzer IIx	ILLUMINA	SRS2341677	SAMN07332970	Bacillus anthracis	SRP051684	2017-07-07 00:00:00 UTC	PRJNA264742	981	1465	public	1392.0
SRR5811000	WGS	public	SRX2989753	Illumina Genome Analyzer IIx	ILLUMINA	SRS2341676	SAMN07332969	Bacillus anthracis	SRP051684	2017-07-07 00:00:00 UTC	PRJNA264742	663	1056	public	1392.0
SRR5811001	WGS	public	SRX2989752	Illumina Genome Analyzer IIx	ILLUMINA	SRS2341675	SAMN07332968	Bacillus anthracis	SRP051684	2017-07-07 00:00:00 UTC	PRJNA264742	843	1346	public	1392.0
SRR5811002	WGS	public	SRX2989751	Illumina Genome Analyzer IIx	ILLUMINA	SRS2341674	SAMN07332967	Bacillus anthracis	SRP051684	2017-07-07 00:00:00 UTC	PRJNA264742	963	1563	public	1392.0
SRR5811003	WGS	public	SRX2989750	Illumina Genome Analyzer IIx	ILLUMINA	SRS2341673	SAMN07332966	Bacillus anthracis	SRP051684	2017-07-07 00:00:00 UTC	PRJNA264742	650	1053	public	1392.0
SRR5811004	WGS	public	SRX2989749	Illumina Genome Analyzer IIx	ILLUMINA	SRS2341672	SAMN07332965	Bacillus anthracis	SRP051684	2017-07-07 00:00:00 UTC	PRJNA264742	646	1048	public	1392.0
SRR5811005	WGS	public	SRX2989748	Illumina Genome Analyzer IIx	ILLUMINA	SRS2341671	SAMN07332893	Bacillus anthracis	SRP051684	2017-07-07 00:00:00 UTC	PRJNA264742	753	1224	public	1392.0
SRR5811006	WGS	public	SRX2989747	Illumina Genome Analyzer IIx	ILLUMINA	SRS2341670	SAMN07332974	Bacillus anthracis	SRP051684	2017-07-07 00:00:00 UTC	PRJNA264742	545	883	public	1392.0
SRR5811007	WGS	public	SRX2989746	Illumina Genome Analyzer IIx	ILLUMINA	SRS2341669	SAMN07332973	Bacillus anthracis	SRP051684	2017-07-07 00:00:00 UTC	PRJNA264742	572	926	public	1392.0
SRR5811008	WGS	public	SRX2989745	Illumina Genome Analyzer IIx	ILLUMINA	SRS2341668	SAMN07333100	Bacillus anthracis	SRP051684	2017-07-07 00:00:00 UTC	PRJNA264742	145	228	public	1392.0
SRR5811009	WGS	public	SRX2989744	Illumina Genome Analyzer IIx	ILLUMINA	SRS2341667	SAMN07333099	Bacillus anthracis	SRP051684	2017-07-07 00:00:00 UTC	PRJNA264742	106	163	public	1392.0
SRR5811010	WGS	public	SRX2989743	Illumina Genome Analyzer IIx	ILLUMINA	SRS2341666	SAMN07333102	Bacillus anthracis	SRP051684	2017-07-07 00:00:00 UTC	PRJNA264742	856	1399	public	1392.0
SRR5811011	WGS	public	SRX2989742	Illumina Genome Analyzer IIx	ILLUMINA	SRS2341665	SAMN07333101	Bacillus anthracis	SRP051684	2017-07-07 00:00:00 UTC	PRJNA264742	106	165	public	1392.0
SRR5811012	WGS	public	SRX2989741	Illumina Genome Analyzer IIx	ILLUMINA	SRS2341664	SAMN07333096	Bacillus anthracis	SRP051684	2017-07-07 00:00:00 UTC	PRJNA264742	229	386	public	1392.0
SRR5811013	WGS	public	SRX2989740	Illumina Genome Analyzer IIx	ILLUMINA	SRS2341663	SAMN07333095	Bacillus anthracis	SRP051684	2017-07-07 00:00:00 UTC	PRJNA264742	600	911	public	1392.0
SRR5811014	WGS	public	SRX2989739	Illumina Genome Analyzer IIx	ILLUMINA	SRS2341661	SAMN07333054	Bacillus anthracis	SRP051684	2017-07-07 00:00:00 UTC	PRJNA264742	342	574	public	1392.0
SRR5811015	WGS	public	SRX2989738	Illumina Genome Analyzer IIx	ILLUMINA	SRS2341662	SAMN07333053	Bacillus anthracis	SRP051684	2017-07-07 00:00:00 UTC	PRJNA264742	250	419	public	1392.0
SRR5811016	WGS	public	SRX2989737	Illumina Genome Analyzer IIx	ILLUMINA	SRS2341659	SAMN07333052	Bacillus anthracis	SRP051684	2017-07-07 00:00:00 UTC	PRJNA264742	560	947	public	1392.0
SRR5811017	WGS	public	SRX2989736	Illumina Genome Analyzer IIx	ILLUMINA	SRS2341660	SAMN07333051	Bacillus anthracis	SRP051684	2017-07-07 00:00:00 UTC	PRJNA264742	609	982	public	1392.0
SRR5811018	WGS	public	SRX2989735	Illumina Genome Analyzer IIx	ILLUMINA	SRS2341658	SAMN07333050	Bacillus anthracis	SRP051684	2017-07-07 00:00:00 UTC	PRJNA264742	292	495	public	1392.0
SRR5811019	WGS	public	SRX2989734	Illumina Genome Analyzer IIx	ILLUMINA	SRS2341657	SAMN07333049	Bacillus anthracis	SRP051684	2017-07-07 00:00:00 UTC	PRJNA264742	1019	1648	public	1392.0
SRR5811020	WGS	public	SRX2989733	Illumina Genome Analyzer IIx	ILLUMINA	SRS2341656	SAMN07333048	Bacillus anthracis	SRP051684	2017-07-07 00:00:00 UTC	PRJNA264742	299	485	public	1392.0
SRR5811021	WGS	public	SRX2989732	Illumina Genome Analyzer IIx	ILLUMINA	SRS2341655	SAMN07333047	Bacillus anthracis	SRP051684	2017-07-07 00:00:00 UTC	PRJNA264742	639	1074	public	1392.0
SRR5811022	WGS	public	SRX2989731	Illumina Genome Analyzer IIx	ILLUMINA	SRS2341653	SAMN07333046	Bacillus anthracis	SRP051684	2017-07-07 00:00:00 UTC	PRJNA264742	289	470	public	1392.0
SRR5811023	WGS	public	SRX2989730	Illumina Genome Analyzer IIx	ILLUMINA	SRS2341652	SAMN07333045	Bacillus anthracis	SRP051684	2017-07-07 00:00:00 UTC	PRJNA264742	468	721	public	1392.0
SRR5811024	WGS	public	SRX2989729	Illumina Genome Analyzer IIx	ILLUMINA	SRS2341651	SAMN07332919	Bacillus anthracis	SRP051684	2017-07-07 00:00:00 UTC	PRJNA264742	672	1086	public	1392.0
SRR5811025	WGS	public	SRX2989728	Illumina Genome Analyzer IIx	ILLUMINA	SRS2341654	SAMN07332920	Bacillus anthracis	SRP051684	2017-07-07 00:00:00 UTC	PRJNA264742	618	996	public	1392.0
SRR5811026	WGS	public	SRX2989727	Illumina Genome Analyzer IIx	ILLUMINA	SRS2341650	SAMN07332921	Bacillus anthracis	SRP051684	2017-07-07 00:00:00 UTC	PRJNA264742	606	976	public	1392.0
SRR5811027	WGS	public	SRX2989726	Illumina Genome Analyzer IIx	ILLUMINA	SRS2341649	SAMN07332922	Bacillus anthracis	SRP051684	2017-07-07 00:00:00 UTC	PRJNA264742	555	903	public	1392.0
SRR5811028	WGS	public	SRX2989725	Illumina Genome Analyzer IIx	ILLUMINA	SRS2341647	SAMN07332915	Bacillus anthracis	SRP051684	2017-07-07 00:00:00 UTC	PRJNA264742	867	1399	public	1392.0
SRR5811029	WGS	public	SRX2989724	Illumina Genome Analyzer IIx	ILLUMINA	SRS2341648	SAMN07332916	Bacillus anthracis	SRP051684	2017-07-07 00:00:00 UTC	PRJNA264742	285	461	public	1392.0
SRR5811030	WGS	public	SRX2989723	Illumina Genome Analyzer IIx	ILLUMINA	SRS2341645	SAMN07332917	Bacillus anthracis	SRP051684	2017-07-07 00:00:00 UTC	PRJNA264742	590	943	public	1392.0
SRR5811031	WGS	public	SRX2989722	Illumina Genome Analyzer IIx	ILLUMINA	SRS2341646	SAMN07332918	Bacillus anthracis	SRP051684	2017-07-07 00:00:00 UTC	PRJNA264742	618	993	public	1392.0
SRR5811032	WGS	public	SRX2989721	Illumina Genome Analyzer IIx	ILLUMINA	SRS2341643	SAMN07332914	Bacillus anthracis	SRP051684	2017-07-07 00:00:00 UTC	PRJNA264742	252	408	public	1392.0
SRR5811033	WGS	public	SRX2989720	Illumina Genome Analyzer IIx	ILLUMINA	SRS2341644	SAMN07332923	Bacillus anthracis	SRP051684	2017-07-07 00:00:00 UTC	PRJNA264742	771	1215	public	1392.0
SRR5811034	WGS	public	SRX2989719	Illumina Genome Analyzer IIx	ILLUMINA	SRS2341641	SAMN07332924	Bacillus anthracis	SRP051684	2017-07-07 00:00:00 UTC	PRJNA264742	680	1106	public	1392.0
SRR5811035	WGS	public	SRX2989718	Illumina Genome Analyzer IIx	ILLUMINA	SRS2341642	SAMN07332947	Bacillus anthracis	SRP051684	2017-07-07 00:00:00 UTC	PRJNA264742	1394	2106	public	1392.0
SRR5811036	WGS	public	SRX2989717	Illumina Genome Analyzer IIx	ILLUMINA	SRS2341640	SAMN07333142	Bacillus anthracis	SRP051684	2017-07-07 00:00:00 UTC	PRJNA264742	194	343	public	1392.0
SRR5811037	WGS	public	SRX2989716	Illumina Genome Analyzer IIx	ILLUMINA	SRS2341639	SAMN07332894	Bacillus anthracis	SRP051684	2017-07-07 00:00:00 UTC	PRJNA264742	526	784	public	1392.0
SRR5811038	WGS	public	SRX2989715	Illumina Genome Analyzer IIx	ILLUMINA	SRS2341637	SAMN07332945	Bacillus anthracis	SRP051684	2017-07-07 00:00:00 UTC	PRJNA264742	506	831	public	1392.0
SRR5811039	WGS	public	SRX2989714	Illumina Genome Analyzer IIx	ILLUMINA	SRS2341638	SAMN07332997	Bacillus anthracis	SRP051684	2017-07-07 00:00:00 UTC	PRJNA264742	290	479	public	1392.0
SRR5811040	WGS	public	SRX2989713	Illumina Genome Analyzer IIx	ILLUMINA	SRS2341635	SAMN07332998	Bacillus anthracis	SRP051684	2017-07-07 00:00:00 UTC	PRJNA264742	588	952	public	1392.0
SRR5811041	WGS	public	SRX2989712	Illumina Genome Analyzer IIx	ILLUMINA	SRS2341634	SAMN07332995	Bacillus anthracis	SRP051684	2017-07-07 00:00:00 UTC	PRJNA264742	510	809	public	1392.0
SRR5811042	WGS	public	SRX2989711	Illumina Genome Analyzer IIx	ILLUMINA	SRS2341636	SAMN07332996	Bacillus anthracis	SRP051684	2017-07-07 00:00:00 UTC	PRJNA264742	231	383	public	1392.0
SRR5811043	WGS	public	SRX2989710	Illumina Genome Analyzer IIx	ILLUMINA	SRS2341633	SAMN07333001	Bacillus anthracis	SRP051684	2017-07-07 00:00:00 UTC	PRJNA264742	278	460	public	1392.0
SRR5811044	WGS	public	SRX2989709	Illumina Genome Analyzer IIx	ILLUMINA	SRS2341630	SAMN07333002	Bacillus anthracis	SRP051684	2017-07-07 00:00:00 UTC	PRJNA264742	266	442	public	1392.0
SRR5811045	WGS	public	SRX2989708	Illumina Genome Analyzer IIx	ILLUMINA	SRS2341631	SAMN07332999	Bacillus anthracis	SRP051684	2017-07-07 00:00:00 UTC	PRJNA264742	256	422	public	1392.0
SRR5811046	WGS	public	SRX2989707	Illumina Genome Analyzer IIx	ILLUMINA	SRS2341629	SAMN07333000	Bacillus anthracis	SRP051684	2017-07-07 00:00:00 UTC	PRJNA264742	640	1023	public	1392.0
SRR5811047	WGS	public	SRX2989706	Illumina Genome Analyzer IIx	ILLUMINA	SRS2341632	SAMN07332932	Bacillus anthracis	SRP051684	2017-07-07 00:00:00 UTC	PRJNA264742	630	1003	public	1392.0
SRR5811048	WGS	public	SRX2989705	Illumina Genome Analyzer IIx	ILLUMINA	SRS2341626	SAMN07333003	Bacillus anthracis	SRP051684	2017-07-07 00:00:00 UTC	PRJNA264742	773	1243	public	1392.0
SRR5811049	WGS	public	SRX2989704	Illumina Genome Analyzer IIx	ILLUMINA	SRS2341627	SAMN07333004	Bacillus anthracis	SRP051684	2017-07-07 00:00:00 UTC	PRJNA264742	486	790	public	1392.0
SRR5811050	WGS	public	SRX2989703	Illumina Genome Analyzer IIx	ILLUMINA	SRS2341624	SAMN07332964	Bacillus anthracis	SRP051684	2017-07-07 00:00:00 UTC	PRJNA264742	718	1170	public	1392.0
SRR5811051	WGS	public	SRX2989702	Illumina Genome Analyzer IIx	ILLUMINA	SRS2341625	SAMN07333105	Bacillus anthracis	SRP051684	2017-07-07 00:00:00 UTC	PRJNA264742	278	473	public	1392.0
SRR5811052	WGS	public	SRX2989701	Illumina Genome Analyzer IIx	ILLUMINA	SRS2341628	SAMN07333106	Bacillus anthracis	SRP051684	2017-07-07 00:00:00 UTC	PRJNA264742	257	438	public	1392.0
SRR5811053	WGS	public	SRX2989700	Illumina Genome Analyzer IIx	ILLUMINA	SRS2341623	SAMN07333107	Bacillus anthracis	SRP051684	2017-07-07 00:00:00 UTC	PRJNA264742	658	1171	public	1392.0
SRR5811054	WGS	public	SRX2989699	Illumina Genome Analyzer IIx	ILLUMINA	SRS2341622	SAMN07333108	Bacillus anthracis	SRP051684	2017-07-07 00:00:00 UTC	PRJNA264742	657	1177	public	1392.0
SRR5811055	WGS	public	SRX2989698	Illumina Genome Analyzer IIx	ILLUMINA	SRS2341620	SAMN07333109	Bacillus anthracis	SRP051684	2017-07-07 00:00:00 UTC	PRJNA264742	1750	3110	public	1392.0
SRR5811056	WGS	public	SRX2989697	Illumina Genome Analyzer IIx	ILLUMINA	SRS2341621	SAMN07333110	Bacillus anthracis	SRP051684	2017-07-07 00:00:00 UTC	PRJNA264742	781	1387	public	1392.0
SRR5811057	WGS	public	SRX2989696	Illumina Genome Analyzer IIx	ILLUMINA	SRS2341617	SAMN07333111	Bacillus anthracis	SRP051684	2017-07-07 00:00:00 UTC	PRJNA264742	848	1516	public	1392.0
SRR5811058	WGS	public	SRX2989695	Illumina Genome Analyzer IIx	ILLUMINA	SRS2341619	SAMN07333112	Bacillus anthracis	SRP051684	2017-07-07 00:00:00 UTC	PRJNA264742	536	855	public	1392.0
SRR5811059	WGS	public	SRX2989694	Illumina Genome Analyzer IIx	ILLUMINA	SRS2341618	SAMN07333113	Bacillus anthracis	SRP051684	2017-07-07 00:00:00 UTC	PRJNA264742	1410	2185	public	1392.0
SRR5811060	WGS	public	SRX2989693	Illumina Genome Analyzer IIx	ILLUMINA	SRS2341615	SAMN07333114	Bacillus anthracis	SRP051684	2017-07-07 00:00:00 UTC	PRJNA264742	945	1468	public	1392.0
SRR5811061	WGS	public	SRX2989692	Illumina Genome Analyzer IIx	ILLUMINA	SRS2341614	SAMN07332889	Bacillus anthracis	SRP051684	2017-07-07 00:00:00 UTC	PRJNA264742	247	400	public	1392.0
SRR5811062	WGS	public	SRX2989691	Illumina Genome Analyzer IIx	ILLUMINA	SRS2341613	SAMN07332946	Bacillus anthracis	SRP051684	2017-07-07 00:00:00 UTC	PRJNA264742	591	959	public	1392.0
SRR5811063	WGS	public	SRX2989690	Illumina Genome Analyzer IIx	ILLUMINA	SRS2341612	SAMN07332958	Bacillus anthracis	SRP051684	2017-07-07 00:00:00 UTC	PRJNA264742	681	1118	public	1392.0
SRR5811064	WGS	public	SRX2989689	Illumina Genome Analyzer IIx	ILLUMINA	SRS2341616	SAMN07332926	Bacillus anthracis	SRP051684	2017-07-07 00:00:00 UTC	PRJNA264742	611	990	public	1392.0
SRR5811065	WGS	public	SRX2989688	Illumina Genome Analyzer IIx	ILLUMINA	SRS2341611	SAMN07332925	Bacillus anthracis	SRP051684	2017-07-07 00:00:00 UTC	PRJNA264742	831	1349	public	1392.0
SRR5811066	WGS	public	SRX2989687	Illumina Genome Analyzer IIx	ILLUMINA	SRS2341610	SAMN07332928	Bacillus anthracis	SRP051684	2017-07-07 00:00:00 UTC	PRJNA264742	689	1093	public	1392.0
SRR5811067	WGS	public	SRX2989686	Illumina Genome Analyzer IIx	ILLUMINA	SRS2341607	SAMN07332927	Bacillus anthracis	SRP051684	2017-07-07 00:00:00 UTC	PRJNA264742	530	844	public	1392.0
SRR5811068	WGS	public	SRX2989685	Illumina Genome Analyzer IIx	ILLUMINA	SRS2341608	SAMN07332930	Bacillus anthracis	SRP051684	2017-07-07 00:00:00 UTC	PRJNA264742	563	890	public	1392.0
SRR5811069	WGS	public	SRX2989684	Illumina Genome Analyzer IIx	ILLUMINA	SRS2341606	SAMN07332929	Bacillus anthracis	SRP051684	2017-07-07 00:00:00 UTC	PRJNA264742	646	1046	public	1392.0
SRR5811070	WGS	public	SRX2989683	Illumina Genome Analyzer IIx	ILLUMINA	SRS2341605	SAMN07332890	Bacillus anthracis	SRP051684	2017-07-07 00:00:00 UTC	PRJNA264742	196	317	public	1392.0
SRR5811071	WGS	public	SRX2989682	Illumina Genome Analyzer IIx	ILLUMINA	SRS2341609	SAMN07332931	Bacillus anthracis	SRP051684	2017-07-07 00:00:00 UTC	PRJNA264742	838	1346	public	1392.0
SRR5811072	WGS	public	SRX2989681	Illumina Genome Analyzer IIx	ILLUMINA	SRS2341604	SAMN07333098	Bacillus anthracis	SRP051684	2017-07-07 00:00:00 UTC	PRJNA264742	181	302	public	1392.0
SRR5811073	WGS	public	SRX2989680	Illumina Genome Analyzer IIx	ILLUMINA	SRS2341603	SAMN07332912	Bacillus anthracis	SRP051684	2017-07-07 00:00:00 UTC	PRJNA264742	288	483	public	1392.0
SRR5811074	WGS	public	SRX2989679	Illumina Genome Analyzer IIx	ILLUMINA	SRS2341602	SAMN07333097	Bacillus anthracis	SRP051684	2017-07-07 00:00:00 UTC	PRJNA264742	217	362	public	1392.0
SRR5811075	WGS	public	SRX2989678	Illumina Genome Analyzer IIx	ILLUMINA	SRS2341600	SAMN07332952	Bacillus anthracis	SRP051684	2017-07-07 00:00:00 UTC	PRJNA264742	304	620	public	1392.0
SRR5811076	WGS	public	SRX2989677	Illumina Genome Analyzer IIx	ILLUMINA	SRS2341599	SAMN07332959	Bacillus anthracis	SRP051684	2017-07-07 00:00:00 UTC	PRJNA264742	599	972	public	1392.0
SRR5811077	WGS	public	SRX2989676	Illumina Genome Analyzer IIx	ILLUMINA	SRS2341598	SAMN07332986	Bacillus anthracis	SRP051684	2017-07-07 00:00:00 UTC	PRJNA264742	609	974	public	1392.0
SRR5811078	WGS	public	SRX2989675	Illumina Genome Analyzer IIx	ILLUMINA	SRS2341601	SAMN07332985	Bacillus anthracis	SRP051684	2017-07-07 00:00:00 UTC	PRJNA264742	760	1216	public	1392.0
SRR5811079	WGS	public	SRX2989674	Illumina Genome Analyzer IIx	ILLUMINA	SRS2341597	SAMN07332988	Bacillus anthracis	SRP051684	2017-07-07 00:00:00 UTC	PRJNA264742	533	865	public	1392.0
SRR5811080	WGS	public	SRX2989673	Illumina Genome Analyzer IIx	ILLUMINA	SRS2341596	SAMN07332987	Bacillus anthracis	SRP051684	2017-07-07 00:00:00 UTC	PRJNA264742	755	1214	public	1392.0
SRR5811081	WGS	public	SRX2989672	Illumina Genome Analyzer IIx	ILLUMINA	SRS2341595	SAMN07332990	Bacillus anthracis	SRP051684	2017-07-07 00:00:00 UTC	PRJNA264742	603	961	public	1392.0
SRR5811082	WGS	public	SRX2989671	Illumina Genome Analyzer IIx	ILLUMINA	SRS2341594	SAMN07332989	Bacillus anthracis	SRP051684	2017-07-07 00:00:00 UTC	PRJNA264742	794	1266	public	1392.0
SRR5811083	WGS	public	SRX2989670	Illumina Genome Analyzer IIx	ILLUMINA	SRS2341593	SAMN07332992	Bacillus anthracis	SRP051684	2017-07-07 00:00:00 UTC	PRJNA264742	634	1018	public	1392.0
SRR5811084	WGS	public	SRX2989669	Illumina Genome Analyzer IIx	ILLUMINA	SRS2341592	SAMN07332991	Bacillus anthracis	SRP051684	2017-07-07 00:00:00 UTC	PRJNA264742	654	1050	public	1392.0
SRR5811085	WGS	public	SRX2989668	Illumina Genome Analyzer IIx	ILLUMINA	SRS2341591	SAMN07332994	Bacillus anthracis	SRP051684	2017-07-07 00:00:00 UTC	PRJNA264742	573	935	public	1392.0
SRR5811086	WGS	public	SRX2989667	Illumina Genome Analyzer IIx	ILLUMINA	SRS2341590	SAMN07332993	Bacillus anthracis	SRP051684	2017-07-07 00:00:00 UTC	PRJNA264742	739	1188	public	1392.0
SRR5811087	WGS	public	SRX2989666	Illumina Genome Analyzer IIx	ILLUMINA	SRS2341587	SAMN07333120	Bacillus anthracis	SRP051684	2017-07-07 00:00:00 UTC	PRJNA264742	1100	1798	public	1392.0
SRR5811088	WGS	public	SRX2989665	Illumina Genome Analyzer IIx	ILLUMINA	SRS2341588	SAMN07333119	Bacillus anthracis	SRP051684	2017-07-07 00:00:00 UTC	PRJNA264742	1040	1601	public	1392.0
SRR5811089	WGS	public	SRX2989664	Illumina Genome Analyzer IIx	ILLUMINA	SRS2341589	SAMN07333104	Bacillus anthracis	SRP051684	2017-07-07 00:00:00 UTC	PRJNA264742	271	464	public	1392.0
SRR5811090	WGS	public	SRX2989663	Illumina Genome Analyzer IIx	ILLUMINA	SRS2341585	SAMN07333117	Bacillus anthracis	SRP051684	2017-07-07 00:00:00 UTC	PRJNA264742	667	1057	public	1392.0
SRR5811091	WGS	public	SRX2989662	Illumina Genome Analyzer IIx	ILLUMINA	SRS2341586	SAMN07333116	Bacillus anthracis	SRP051684	2017-07-07 00:00:00 UTC	PRJNA264742	605	1014	public	1392.0
SRR5811092	WGS	public	SRX2989661	Illumina Genome Analyzer IIx	ILLUMINA	SRS2341584	SAMN07333115	Bacillus anthracis	SRP051684	2017-07-07 00:00:00 UTC	PRJNA264742	724	1299	public	1392.0
SRR5811093	WGS	public	SRX2989660	Illumina Genome Analyzer IIx	ILLUMINA	SRS2341583	SAMN07332951	Bacillus anthracis	SRP051684	2017-07-07 00:00:00 UTC	PRJNA264742	321	653	public	1392.0
SRR5811094	WGS	public	SRX2989659	Illumina Genome Analyzer IIx	ILLUMINA	SRS2341582	SAMN07333103	Bacillus anthracis	SRP051684	2017-07-07 00:00:00 UTC	PRJNA264742	102	163	public	1392.0
SRR5811095	WGS	public	SRX2989658	Illumina Genome Analyzer IIx	ILLUMINA	SRS2341581	SAMN07332949	Bacillus anthracis	SRP051684	2017-07-07 00:00:00 UTC	PRJNA264742	479	770	public	1392.0
SRR5811096	WGS	public	SRX2989657	Illumina Genome Analyzer IIx	ILLUMINA	SRS2341579	SAMN07332960	Bacillus anthracis	SRP051684	2017-07-07 00:00:00 UTC	PRJNA264742	678	1110	public	1392.0
SRR5811097	WGS	public	SRX2989656	Illumina Genome Analyzer IIx	ILLUMINA	SRS2341580	SAMN07332937	Bacillus anthracis	SRP051684	2017-07-07 00:00:00 UTC	PRJNA264742	584	955	public	1392.0
SRR5811098	WGS	public	SRX2989655	Illumina Genome Analyzer IIx	ILLUMINA	SRS2341577	SAMN07332938	Bacillus anthracis	SRP051684	2017-07-07 00:00:00 UTC	PRJNA264742	555	890	public	1392.0
SRR5811099	WGS	public	SRX2989654	Illumina Genome Analyzer IIx	ILLUMINA	SRS2341578	SAMN07332935	Bacillus anthracis	SRP051684	2017-07-07 00:00:00 UTC	PRJNA264742	241	391	public	1392.0
SRR5811100	WGS	public	SRX2989653	Illumina Genome Analyzer IIx	ILLUMINA	SRS2341576	SAMN07332936	Bacillus anthracis	SRP051684	2017-07-07 00:00:00 UTC	PRJNA264742	255	414	public	1392.0
SRR5811101	WGS	public	SRX2989652	Illumina Genome Analyzer IIx	ILLUMINA	SRS2341573	SAMN07332941	Bacillus anthracis	SRP051684	2017-07-07 00:00:00 UTC	PRJNA264742	244	404	public	1392.0
SRR5811102	WGS	public	SRX2989651	Illumina Genome Analyzer IIx	ILLUMINA	SRS2341574	SAMN07332942	Bacillus anthracis	SRP051684	2017-07-07 00:00:00 UTC	PRJNA264742	609	995	public	1392.0
SRR5811103	WGS	public	SRX2989650	Illumina Genome Analyzer IIx	ILLUMINA	SRS2341575	SAMN07332939	Bacillus anthracis	SRP051684	2017-07-07 00:00:00 UTC	PRJNA264742	229	369	public	1392.0
SRR5811104	WGS	public	SRX2989649	Illumina Genome Analyzer IIx	ILLUMINA	SRS2341572	SAMN07332940	Bacillus anthracis	SRP051684	2017-07-07 00:00:00 UTC	PRJNA264742	227	366	public	1392.0
SRR5811105	WGS	public	SRX2989648	Illumina Genome Analyzer IIx	ILLUMINA	SRS2341571	SAMN07332943	Bacillus anthracis	SRP051684	2017-07-07 00:00:00 UTC	PRJNA264742	343	676	public	1392.0
SRR5811106	WGS	public	SRX2989647	Illumina Genome Analyzer IIx	ILLUMINA	SRS2341570	SAMN07332944	Bacillus anthracis	SRP051684	2017-07-07 00:00:00 UTC	PRJNA264742	441	738	public	1392.0
SRR5811107	WGS	public	SRX2989646	Illumina Genome Analyzer IIx	ILLUMINA	SRS2341569	SAMN07333121	Bacillus anthracis	SRP051684	2017-07-07 00:00:00 UTC	PRJNA264742	735	1235	public	1392.0
SRR5811108	WGS	public	SRX2989645	Illumina Genome Analyzer IIx	ILLUMINA	SRS2341567	SAMN07332934	Bacillus anthracis	SRP051684	2017-07-07 00:00:00 UTC	PRJNA264742	244	392	public	1392.0
SRR5811109	WGS	public	SRX2989644	Illumina Genome Analyzer IIx	ILLUMINA	SRS2341566	SAMN07332950	Bacillus anthracis	SRP051684	2017-07-07 00:00:00 UTC	PRJNA264742	557	862	public	1392.0
SRR5811110	WGS	public	SRX2989643	Illumina Genome Analyzer IIx	ILLUMINA	SRS2341568	SAMN07333133	Bacillus anthracis	SRP051684	2017-07-07 00:00:00 UTC	PRJNA264742	210	368	public	1392.0
SRR5811111	WGS	public	SRX2989642	Illumina Genome Analyzer IIx	ILLUMINA	SRS2341565	SAMN07333134	Bacillus anthracis	SRP051684	2017-07-07 00:00:00 UTC	PRJNA264742	206	359	public	1392.0
SRR5811112	WGS	public	SRX2989641	Illumina Genome Analyzer IIx	ILLUMINA	SRS2341564	SAMN07333127	Bacillus anthracis	SRP051684	2017-07-07 00:00:00 UTC	PRJNA264742	1220	2172	public	1392.0
SRR5811113	WGS	public	SRX2989640	Illumina Genome Analyzer IIx	ILLUMINA	SRS2341563	SAMN07333128	Bacillus anthracis	SRP051684	2017-07-07 00:00:00 UTC	PRJNA264742	910	1619	public	1392.0
SRR5811114	WGS	public	SRX2989639	Illumina Genome Analyzer IIx	ILLUMINA	SRS2341562	SAMN07333125	Bacillus anthracis	SRP051684	2017-07-07 00:00:00 UTC	PRJNA264742	759	1269	public	1392.0
SRR5811115	WGS	public	SRX2989638	Illumina Genome Analyzer IIx	ILLUMINA	SRS2341560	SAMN07333126	Bacillus anthracis	SRP051684	2017-07-07 00:00:00 UTC	PRJNA264742	339	545	public	1392.0
SRR5811116	WGS	public	SRX2989637	Illumina Genome Analyzer IIx	ILLUMINA	SRS2341561	SAMN07333131	Bacillus anthracis	SRP051684	2017-07-07 00:00:00 UTC	PRJNA264742	516	872	public	1392.0
SRR5811117	WGS	public	SRX2989636	Illumina Genome Analyzer IIx	ILLUMINA	SRS2341559	SAMN07333132	Bacillus anthracis	SRP051684	2017-07-07 00:00:00 UTC	PRJNA264742	547	988	public	1392.0
SRR5811118	WGS	public	SRX2989635	Illumina Genome Analyzer IIx	ILLUMINA	SRS2341558	SAMN07333129	Bacillus anthracis	SRP051684	2017-07-07 00:00:00 UTC	PRJNA264742	566	946	public	1392.0
SRR5811119	WGS	public	SRX2989634	Illumina Genome Analyzer IIx	ILLUMINA	SRS2341556	SAMN07333130	Bacillus anthracis	SRP051684	2017-07-11 00:00:00 UTC	PRJNA264742	328	559	public	1392.0
SRR5811120	WGS	public	SRX2989633	Illumina Genome Analyzer IIx	ILLUMINA	SRS2341557	SAMN07333019	Bacillus anthracis	SRP051684	2017-07-07 00:00:00 UTC	PRJNA264742	596	950	public	1392.0
SRR5811121	WGS	public	SRX2989632	Illumina Genome Analyzer IIx	ILLUMINA	SRS2341555	SAMN07333020	Bacillus anthracis	SRP051684	2017-07-07 00:00:00 UTC	PRJNA264742	537	854	public	1392.0
SRR5811122	WGS	public	SRX2989631	Illumina Genome Analyzer IIx	ILLUMINA	SRS2341554	SAMN07333021	Bacillus anthracis	SRP051684	2017-07-07 00:00:00 UTC	PRJNA264742	542	890	public	1392.0
SRR5811123	WGS	public	SRX2989630	Illumina Genome Analyzer IIx	ILLUMINA	SRS2341553	SAMN07333022	Bacillus anthracis	SRP051684	2017-07-07 00:00:00 UTC	PRJNA264742	538	874	public	1392.0
SRR5811124	WGS	public	SRX2989629	Illumina Genome Analyzer IIx	ILLUMINA	SRS2341552	SAMN07333015	Bacillus anthracis	SRP051684	2017-07-07 00:00:00 UTC	PRJNA264742	530	841	public	1392.0
SRR5811125	WGS	public	SRX2989628	Illumina Genome Analyzer IIx	ILLUMINA	SRS2341550	SAMN07333016	Bacillus anthracis	SRP051684	2017-07-07 00:00:00 UTC	PRJNA264742	585	938	public	1392.0
SRR5811126	WGS	public	SRX2989627	Illumina Genome Analyzer IIx	ILLUMINA	SRS2341551	SAMN07333017	Bacillus anthracis	SRP051684	2017-07-07 00:00:00 UTC	PRJNA264742	693	1192	public	1392.0
SRR5811127	WGS	public	SRX2989626	Illumina Genome Analyzer IIx	ILLUMINA	SRS2341549	SAMN07333018	Bacillus anthracis	SRP051684	2017-07-07 00:00:00 UTC	PRJNA264742	288	480	public	1392.0
SRR5811128	WGS	public	SRX2989625	Illumina Genome Analyzer IIx	ILLUMINA	SRS2341548	SAMN07333023	Bacillus anthracis	SRP051684	2017-07-07 00:00:00 UTC	PRJNA264742	606	994	public	1392.0
SRR5811129	WGS	public	SRX2989624	Illumina Genome Analyzer IIx	ILLUMINA	SRS2341547	SAMN07333024	Bacillus anthracis	SRP051684	2017-07-07 00:00:00 UTC	PRJNA264742	486	787	public	1392.0
SRR5811130	WGS	public	SRX2989623	Illumina Genome Analyzer IIx	ILLUMINA	SRS2341545	SAMN07332948	Bacillus anthracis	SRP051684	2017-07-07 00:00:00 UTC	PRJNA264742	710	1153	public	1392.0
SRR5811131	WGS	public	SRX2989622	Illumina Genome Analyzer IIx	ILLUMINA	SRS2341546	SAMN07333162	Bacillus anthracis	SRP051684	2017-07-07 00:00:00 UTC	PRJNA264742	171	341	public	1392.0
SRR5811132	WGS	public	SRX2989621	Illumina Genome Analyzer IIx	ILLUMINA	SRS2341544	SAMN07333144	Bacillus anthracis	SRP051684	2017-07-07 00:00:00 UTC	PRJNA264742	202	335	public	1392.0
SRR5811133	WGS	public	SRX2989620	Illumina Genome Analyzer IIx	ILLUMINA	SRS2341543	SAMN07333143	Bacillus anthracis	SRP051684	2017-07-07 00:00:00 UTC	PRJNA264742	246	407	public	1392.0
SRR5811134	WGS	public	SRX2989619	Illumina Genome Analyzer IIx	ILLUMINA	SRS2341542	SAMN07333161	Bacillus anthracis	SRP051684	2017-07-07 00:00:00 UTC	PRJNA264742	558	938	public	1392.0
SRR5811135	WGS	public	SRX2989618	Illumina Genome Analyzer IIx	ILLUMINA	SRS2341541	SAMN07332954	Bacillus anthracis	SRP051684	2017-07-07 00:00:00 UTC	PRJNA264742	813	1287	public	1392.0
SRR5811136	WGS	public	SRX2989617	Illumina Genome Analyzer IIx	ILLUMINA	SRS2341540	SAMN07332953	Bacillus anthracis	SRP051684	2017-07-07 00:00:00 UTC	PRJNA264742	1353	2045	public	1392.0
SRR5811137	WGS	public	SRX2989616	Illumina Genome Analyzer IIx	ILLUMINA	SRS2341539	SAMN07333124	Bacillus anthracis	SRP051684	2017-07-07 00:00:00 UTC	PRJNA264742	917	1496	public	1392.0
SRR5811138	WGS	public	SRX2989615	Illumina Genome Analyzer IIx	ILLUMINA	SRS2341538	SAMN07333135	Bacillus anthracis	SRP051684	2017-07-07 00:00:00 UTC	PRJNA264742	192	332	public	1392.0
SRR5811139	WGS	public	SRX2989614	Illumina Genome Analyzer IIx	ILLUMINA	SRS2341537	SAMN07333138	Bacillus anthracis	SRP051684	2017-07-07 00:00:00 UTC	PRJNA264742	1083	1708	public	1392.0
SRR5811140	WGS	public	SRX2989613	Illumina Genome Analyzer IIx	ILLUMINA	SRS2341533	SAMN07333137	Bacillus anthracis	SRP051684	2017-07-07 00:00:00 UTC	PRJNA264742	206	340	public	1392.0
SRR5811142	WGS	public	SRX2989611	Illumina Genome Analyzer IIx	ILLUMINA	SRS2341536	SAMN07333139	Bacillus anthracis	SRP051684	2017-07-07 00:00:00 UTC	PRJNA264742	734	1199	public	1392.0
SRR5811143	WGS	public	SRX2989610	Illumina Genome Analyzer IIx	ILLUMINA	SRS2341532	SAMN07333123	Bacillus anthracis	SRP051684	2017-07-07 00:00:00 UTC	PRJNA264742	1343	2135	public	1392.0
SRR5811145	WGS	public	SRX2989608	Illumina Genome Analyzer IIx	ILLUMINA	SRS2341531	SAMN07333008	Bacillus anthracis	SRP051684	2017-07-07 00:00:00 UTC	PRJNA264742	655	1086	public	1392.0
SRR5811146	WGS	public	SRX2989607	Illumina Genome Analyzer IIx	ILLUMINA	SRS2341530	SAMN07333007	Bacillus anthracis	SRP051684	2017-07-07 00:00:00 UTC	PRJNA264742	511	834	public	1392.0
SRR5811147	WGS	public	SRX2989606	Illumina Genome Analyzer IIx	ILLUMINA	SRS2341529	SAMN07333006	Bacillus anthracis	SRP051684	2017-07-07 00:00:00 UTC	PRJNA264742	541	889	public	1392.0
SRR5811148	WGS	public	SRX2989605	Illumina Genome Analyzer IIx	ILLUMINA	SRS2341528	SAMN07333005	Bacillus anthracis	SRP051684	2017-07-07 00:00:00 UTC	PRJNA264742	311	643	public	1392.0
SRR5811149	WGS	public	SRX2989604	Illumina Genome Analyzer IIx	ILLUMINA	SRS2341527	SAMN07333012	Bacillus anthracis	SRP051684	2017-07-07 00:00:00 UTC	PRJNA264742	243	503	public	1392.0
SRR5811150	WGS	public	SRX2989603	Illumina Genome Analyzer IIx	ILLUMINA	SRS2341526	SAMN07333011	Bacillus anthracis	SRP051684	2017-07-07 00:00:00 UTC	PRJNA264742	519	826	public	1392.0
SRR5811151	WGS	public	SRX2989602	Illumina Genome Analyzer IIx	ILLUMINA	SRS2341525	SAMN07333010	Bacillus anthracis	SRP051684	2017-07-07 00:00:00 UTC	PRJNA264742	556	890	public	1392.0
SRR5811152	WGS	public	SRX2989601	Illumina Genome Analyzer IIx	ILLUMINA	SRS2341524	SAMN07333009	Bacillus anthracis	SRP051684	2017-07-07 00:00:00 UTC	PRJNA264742	324	679	public	1392.0
SRR5811153	WGS	public	SRX2989600	Illumina Genome Analyzer IIx	ILLUMINA	SRS2341523	SAMN07333014	Bacillus anthracis	SRP051684	2017-07-07 00:00:00 UTC	PRJNA264742	595	953	public	1392.0
SRR5811154	WGS	public	SRX2989599	Illumina Genome Analyzer IIx	ILLUMINA	SRS2341522	SAMN07333013	Bacillus anthracis	SRP051684	2017-07-07 00:00:00 UTC	PRJNA264742	588	945	public	1392.0
SRR5811155	WGS	public	SRX2989598	Illumina Genome Analyzer IIx	ILLUMINA	SRS2341521	SAMN07332873	Bacillus anthracis	SRP051684	2017-07-07 00:00:00 UTC	PRJNA264742	527	860	public	1392.0
SRR5811156	WGS	public	SRX2989597	Illumina Genome Analyzer IIx	ILLUMINA	SRS2341520	SAMN07333163	Bacillus anthracis	SRP051684	2017-07-07 00:00:00 UTC	PRJNA264742	314	652	public	1392.0
SRR5811157	WGS	public	SRX2989596	Illumina Genome Analyzer IIx	ILLUMINA	SRS2341519	SAMN07333148	Bacillus anthracis	SRP051684	2017-07-07 00:00:00 UTC	PRJNA264742	212	351	public	1392.0
SRR5811158	WGS	public	SRX2989595	Illumina Genome Analyzer IIx	ILLUMINA	SRS2341518	SAMN07333118	Bacillus anthracis	SRP051684	2017-07-07 00:00:00 UTC	PRJNA264742	629	996	public	1392.0
SRR5811159	WGS	public	SRX2989594	Illumina Genome Analyzer IIx	ILLUMINA	SRS2341517	SAMN07332875	Bacillus anthracis	SRP051684	2017-07-07 00:00:00 UTC	PRJNA264742	537	872	public	1392.0
SRR5811160	WGS	public	SRX2989593	Illumina Genome Analyzer IIx	ILLUMINA	SRS2341516	SAMN07332876	Bacillus anthracis	SRP051684	2017-07-14 00:00:00 UTC	PRJNA264742	643	1051	public	1392.0
SRR5811161	WGS	public	SRX2989592	Illumina Genome Analyzer IIx	ILLUMINA	SRS2341515	SAMN07332877	Bacillus anthracis	SRP051684	2017-07-07 00:00:00 UTC	PRJNA264742	241	400	public	1392.0
SRR5811162	WGS	public	SRX2989591	Illumina Genome Analyzer IIx	ILLUMINA	SRS2341514	SAMN07332878	Bacillus anthracis	SRP051684	2017-07-07 00:00:00 UTC	PRJNA264742	265	438	public	1392.0
SRR5811163	WGS	public	SRX2989590	Illumina Genome Analyzer IIx	ILLUMINA	SRS2341512	SAMN07332879	Bacillus anthracis	SRP051684	2017-07-07 00:00:00 UTC	PRJNA264742	850	1339	public	1392.0
SRR5811164	WGS	public	SRX2989589	Illumina Genome Analyzer IIx	ILLUMINA	SRS2341511	SAMN07332880	Bacillus anthracis	SRP051684	2017-07-14 00:00:00 UTC	PRJNA264742	819	1198	public	1392.0
SRR5811165	WGS	public	SRX2989588	Illumina Genome Analyzer IIx	ILLUMINA	SRS2341509	SAMN07332881	Bacillus anthracis	SRP051684	2017-07-07 00:00:00 UTC	PRJNA264742	214	346	public	1392.0
SRR5811166	WGS	public	SRX2989587	Illumina Genome Analyzer IIx	ILLUMINA	SRS2341513	SAMN07332882	Bacillus anthracis	SRP051684	2017-07-07 00:00:00 UTC	PRJNA264742	305	493	public	1392.0
SRR5811167	WGS	public	SRX2989586	Illumina Genome Analyzer IIx	ILLUMINA	SRS2341507	SAMN07332883	Bacillus anthracis	SRP051684	2017-07-07 00:00:00 UTC	PRJNA264742	264	427	public	1392.0
SRR5811168	WGS	public	SRX2989585	Illumina Genome Analyzer IIx	ILLUMINA	SRS2341508	SAMN07332884	Bacillus anthracis	SRP051684	2017-07-07 00:00:00 UTC	PRJNA264742	230	370	public	1392.0
SRR5811169	WGS	public	SRX2989584	Illumina Genome Analyzer IIx	ILLUMINA	SRS2341510	SAMN07332874	Bacillus anthracis	SRP051684	2017-07-07 00:00:00 UTC	PRJNA264742	261	438	public	1392.0
SRR5811170	WGS	public	SRX2989583	Illumina Genome Analyzer IIx	ILLUMINA	SRS2341506	SAMN07333122	Bacillus anthracis	SRP051684	2017-07-07 00:00:00 UTC	PRJNA264742	803	1235	public	1392.0
SRR5811171	WGS	public	SRX2989582	Illumina Genome Analyzer IIx	ILLUMINA	SRS2341505	SAMN07333149	Bacillus anthracis	SRP051684	2017-07-07 00:00:00 UTC	PRJNA264742	274	443	public	1392.0
SRR5811172	WGS	public	SRX2989581	Illumina Genome Analyzer IIx	ILLUMINA	SRS2341504	SAMN07333150	Bacillus anthracis	SRP051684	2017-07-07 00:00:00 UTC	PRJNA264742	636	1062	public	1392.0
SRR5811173	WGS	public	SRX2989580	Illumina Genome Analyzer IIx	ILLUMINA	SRS2341503	SAMN07333151	Bacillus anthracis	SRP051684	2017-07-07 00:00:00 UTC	PRJNA264742	553	921	public	1392.0
SRR5811174	WGS	public	SRX2989579	Illumina Genome Analyzer IIx	ILLUMINA	SRS2341502	SAMN07333152	Bacillus anthracis	SRP051684	2017-07-07 00:00:00 UTC	PRJNA264742	693	1151	public	1392.0
SRR5811175	WGS	public	SRX2989578	Illumina Genome Analyzer IIx	ILLUMINA	SRS2341501	SAMN07333145	Bacillus anthracis	SRP051684	2017-07-07 00:00:00 UTC	PRJNA264742	277	457	public	1392.0
SRR5811176	WGS	public	SRX2989577	Illumina Genome Analyzer IIx	ILLUMINA	SRS2341500	SAMN07333146	Bacillus anthracis	SRP051684	2017-07-07 00:00:00 UTC	PRJNA264742	203	340	public	1392.0
SRR5811177	WGS	public	SRX2989576	Illumina Genome Analyzer IIx	ILLUMINA	SRS2341498	SAMN07333043	Bacillus anthracis	SRP051684	2017-07-07 00:00:00 UTC	PRJNA264742	320	525	public	1392.0
SRR5811178	WGS	public	SRX2989575	Illumina Genome Analyzer IIx	ILLUMINA	SRS2341496	SAMN07333044	Bacillus anthracis	SRP051684	2017-07-07 00:00:00 UTC	PRJNA264742	520	856	public	1392.0
SRR5811179	WGS	public	SRX2989574	Illumina Genome Analyzer IIx	ILLUMINA	SRS2341497	SAMN07333041	Bacillus anthracis	SRP051684	2017-07-07 00:00:00 UTC	PRJNA264742	332	564	public	1392.0
SRR5811180	WGS	public	SRX2989573	Illumina Genome Analyzer IIx	ILLUMINA	SRS2341495	SAMN07333042	Bacillus anthracis	SRP051684	2017-07-07 00:00:00 UTC	PRJNA264742	793	1373	public	1392.0
SRR5811181	WGS	public	SRX2989572	Illumina Genome Analyzer IIx	ILLUMINA	SRS2341499	SAMN07333039	Bacillus anthracis	SRP051684	2017-07-07 00:00:00 UTC	PRJNA264742	592	951	public	1392.0
SRR5811182	WGS	public	SRX2989571	Illumina Genome Analyzer IIx	ILLUMINA	SRS2341494	SAMN07333040	Bacillus anthracis	SRP051684	2017-07-07 00:00:00 UTC	PRJNA264742	563	912	public	1392.0
SRR5811183	WGS	public	SRX2989570	Illumina Genome Analyzer IIx	ILLUMINA	SRS2341493	SAMN07333037	Bacillus anthracis	SRP051684	2017-07-07 00:00:00 UTC	PRJNA264742	620	1008	public	1392.0
SRR5811184	WGS	public	SRX2989569	Illumina Genome Analyzer IIx	ILLUMINA	SRS2341492	SAMN07333038	Bacillus anthracis	SRP051684	2017-07-07 00:00:00 UTC	PRJNA264742	607	982	public	1392.0
SRR5811185	WGS	public	SRX2989568	Illumina Genome Analyzer IIx	ILLUMINA	SRS2341491	SAMN07333035	Bacillus anthracis	SRP051684	2017-07-07 00:00:00 UTC	PRJNA264742	626	1002	public	1392.0
SRR5811186	WGS	public	SRX2989567	Illumina Genome Analyzer IIx	ILLUMINA	SRS2341490	SAMN07333036	Bacillus anthracis	SRP051684	2017-07-07 00:00:00 UTC	PRJNA264742	662	1076	public	1392.0
SRR5811187	WGS	public	SRX2989566	Illumina Genome Analyzer IIx	ILLUMINA	SRS2341489	SAMN07332869	Bacillus anthracis	SRP051684	2017-07-07 00:00:00 UTC	PRJNA264742	231	380	public	1392.0
SRR5811188	WGS	public	SRX2989565	Illumina Genome Analyzer IIx	ILLUMINA	SRS2341488	SAMN07333147	Bacillus anthracis	SRP051684	2017-07-07 00:00:00 UTC	PRJNA264742	205	342	public	1392.0
SRR5811189	WGS	public	SRX2989564	Illumina Genome Analyzer IIx	ILLUMINA	SRS2341487	SAMN07332871	Bacillus anthracis	SRP051684	2017-07-07 00:00:00 UTC	PRJNA264742	421	679	public	1392.0
SRR5811190	WGS	public	SRX2989563	Illumina Genome Analyzer IIx	ILLUMINA	SRS2341486	SAMN07332872	Bacillus anthracis	SRP051684	2017-07-07 00:00:00 UTC	PRJNA264742	223	370	public	1392.0
SRR5811191	WGS	public	SRX2989562	Illumina Genome Analyzer IIx	ILLUMINA	SRS2341485	SAMN07332865	Bacillus anthracis	SRP051684	2017-07-07 00:00:00 UTC	PRJNA264742	240	399	public	1392.0
SRR5811192	WGS	public	SRX2989561	Illumina Genome Analyzer IIx	ILLUMINA	SRS2341484	SAMN07332866	Bacillus anthracis	SRP051684	2017-07-07 00:00:00 UTC	PRJNA264742	254	421	public	1392.0
SRR5811193	WGS	public	SRX2989560	Illumina Genome Analyzer IIx	ILLUMINA	SRS2341483	SAMN07332867	Bacillus anthracis	SRP051684	2017-07-14 00:00:00 UTC	PRJNA264742	387	743	public	1392.0
SRR5811194	WGS	public	SRX2989559	Illumina Genome Analyzer IIx	ILLUMINA	SRS2341482	SAMN07332868	Bacillus anthracis	SRP051684	2017-07-07 00:00:00 UTC	PRJNA264742	559	901	public	1392.0
SRR5811195	WGS	public	SRX2989558	Illumina Genome Analyzer IIx	ILLUMINA	SRS2341481	SAMN07333069	Bacillus anthracis	SRP051684	2017-07-07 00:00:00 UTC	PRJNA264742	701	1141	public	1392.0
SRR5811196	WGS	public	SRX2989557	Illumina Genome Analyzer IIx	ILLUMINA	SRS2341480	SAMN07333070	Bacillus anthracis	SRP051684	2017-07-07 00:00:00 UTC	PRJNA264742	601	969	public	1392.0
SRR5811197	WGS	public	SRX2989556	Illumina Genome Analyzer IIx	ILLUMINA	SRS2341479	SAMN07333071	Bacillus anthracis	SRP051684	2017-07-07 00:00:00 UTC	PRJNA264742	182	291	public	1392.0
SRR5811198	WGS	public	SRX2989555	Illumina Genome Analyzer IIx	ILLUMINA	SRS2341478	SAMN07333072	Bacillus anthracis	SRP051684	2017-07-07 00:00:00 UTC	PRJNA264742	846	1292	public	1392.0
SRR5811199	WGS	public	SRX2989554	Illumina Genome Analyzer IIx	ILLUMINA	SRS2341477	SAMN07333065	Bacillus anthracis	SRP051684	2017-07-07 00:00:00 UTC	PRJNA264742	738	1115	public	1392.0
SRR5811200	WGS	public	SRX2989553	Illumina Genome Analyzer IIx	ILLUMINA	SRS2341476	SAMN07333066	Bacillus anthracis	SRP051684	2017-07-07 00:00:00 UTC	PRJNA264742	1223	1969	public	1392.0
SRR5811201	WGS	public	SRX2989552	Illumina Genome Analyzer IIx	ILLUMINA	SRS2341475	SAMN07333067	Bacillus anthracis	SRP051684	2017-07-07 00:00:00 UTC	PRJNA264742	343	553	public	1392.0
SRR5811202	WGS	public	SRX2989551	Illumina Genome Analyzer IIx	ILLUMINA	SRS2341474	SAMN07333068	Bacillus anthracis	SRP051684	2017-07-07 00:00:00 UTC	PRJNA264742	481	785	public	1392.0
SRR5811203	WGS	public	SRX2989550	Illumina Genome Analyzer IIx	ILLUMINA	SRS2341473	SAMN07333055	Bacillus anthracis	SRP051684	2017-07-07 00:00:00 UTC	PRJNA264742	188	323	public	1392.0
SRR5811204	WGS	public	SRX2989549	Illumina Genome Analyzer IIx	ILLUMINA	SRS2341472	SAMN07333056	Bacillus anthracis	SRP051684	2017-07-07 00:00:00 UTC	PRJNA264742	280	470	public	1392.0
SRR5811205	WGS	public	SRX2989548	Illumina Genome Analyzer IIx	ILLUMINA	SRS2341471	SAMN07333057	Bacillus anthracis	SRP051684	2017-07-07 00:00:00 UTC	PRJNA264742	153	257	public	1392.0
SRR5811206	WGS	public	SRX2989547	Illumina Genome Analyzer IIx	ILLUMINA	SRS2341470	SAMN07333058	Bacillus anthracis	SRP051684	2017-07-07 00:00:00 UTC	PRJNA264742	199	334	public	1392.0
SRR5811207	WGS	public	SRX2989546	Illumina Genome Analyzer IIx	ILLUMINA	SRS2341469	SAMN07333059	Bacillus anthracis	SRP051684	2017-07-11 00:00:00 UTC	PRJNA264742	280	472	public	1392.0
SRR5811208	WGS	public	SRX2989545	Illumina Genome Analyzer IIx	ILLUMINA	SRS2341468	SAMN07333060	Bacillus anthracis	SRP051684	2017-07-11 00:00:00 UTC	PRJNA264742	292	493	public	1392.0
SRR5811209	WGS	public	SRX2989544	Illumina Genome Analyzer IIx	ILLUMINA	SRS2341467	SAMN07333061	Bacillus anthracis	SRP051684	2017-07-11 00:00:00 UTC	PRJNA264742	277	440	public	1392.0
SRR5811210	WGS	public	SRX2989543	Illumina Genome Analyzer IIx	ILLUMINA	SRS2341466	SAMN07333062	Bacillus anthracis	SRP051684	2017-07-11 00:00:00 UTC	PRJNA264742	303	514	public	1392.0
SRR5811211	WGS	public	SRX2989542	Illumina Genome Analyzer IIx	ILLUMINA	SRS2341465	SAMN07333063	Bacillus anthracis	SRP051684	2017-07-07 00:00:00 UTC	PRJNA264742	284	474	public	1392.0
SRR5811212	WGS	public	SRX2989541	Illumina Genome Analyzer IIx	ILLUMINA	SRS2341464	SAMN07333064	Bacillus anthracis	SRP051684	2017-07-07 00:00:00 UTC	PRJNA264742	1036	1590	public	1392.0
SRR5811213	WGS	public	SRX2989540	Illumina Genome Analyzer IIx	ILLUMINA	SRS2341463	SAMN07332892	Bacillus anthracis	SRP051684	2017-07-07 00:00:00 UTC	PRJNA264742	220	362	public	1392.0
SRR5811214	WGS	public	SRX2989539	Illumina Genome Analyzer IIx	ILLUMINA	SRS2341462	SAMN07332891	Bacillus anthracis	SRP051684	2017-07-07 00:00:00 UTC	PRJNA264742	668	1084	public	1392.0
SRR5811215	WGS	public	SRX2989538	Illumina Genome Analyzer IIx	ILLUMINA	SRS2341461	SAMN07332886	Bacillus anthracis	SRP051684	2017-07-07 00:00:00 UTC	PRJNA264742	247	402	public	1392.0
SRR5811216	WGS	public	SRX2989537	Illumina Genome Analyzer IIx	ILLUMINA	SRS2341460	SAMN07332885	Bacillus anthracis	SRP051684	2017-07-07 00:00:00 UTC	PRJNA264742	687	1121	public	1392.0
SRR5811217	WGS	public	SRX2989536	Illumina Genome Analyzer IIx	ILLUMINA	SRS2341459	SAMN07332888	Bacillus anthracis	SRP051684	2017-07-07 00:00:00 UTC	PRJNA264742	515	846	public	1392.0
SRR5811218	WGS	public	SRX2989535	Illumina Genome Analyzer IIx	ILLUMINA	SRS2341458	SAMN07332887	Bacillus anthracis	SRP051684	2017-07-07 00:00:00 UTC	PRJNA264742	295	478	public	1392.0
SRR5811219	WGS	public	SRX2989534	Illumina Genome Analyzer IIx	ILLUMINA	SRS2341457	SAMN07332956	Bacillus anthracis	SRP051684	2017-07-07 00:00:00 UTC	PRJNA264742	714	1167	public	1392.0
SRR5811220	WGS	public	SRX2989533	Illumina Genome Analyzer IIx	ILLUMINA	SRS2341456	SAMN07333158	Bacillus anthracis	SRP051684	2017-07-07 00:00:00 UTC	PRJNA264742	629	1038	public	1392.0
SRR5811221	WGS	public	SRX2989532	Illumina Genome Analyzer IIx	ILLUMINA	SRS2341455	SAMN07333157	Bacillus anthracis	SRP051684	2017-07-07 00:00:00 UTC	PRJNA264742	697	1154	public	1392.0
SRR5811222	WGS	public	SRX2989531	Illumina Genome Analyzer IIx	ILLUMINA	SRS2341453	SAMN07333156	Bacillus anthracis	SRP051684	2017-07-07 00:00:00 UTC	PRJNA264742	689	1147	public	1392.0
SRR5811223	WGS	public	SRX2989530	Illumina Genome Analyzer IIx	ILLUMINA	SRS2341454	SAMN07333155	Bacillus anthracis	SRP051684	2017-07-07 00:00:00 UTC	PRJNA264742	621	1024	public	1392.0
SRR5811224	WGS	public	SRX2989529	Illumina Genome Analyzer IIx	ILLUMINA	SRS2341452	SAMN07333034	Bacillus anthracis	SRP051684	2017-07-07 00:00:00 UTC	PRJNA264742	315	522	public	1392.0
SRR5811225	WGS	public	SRX2989528	Illumina Genome Analyzer IIx	ILLUMINA	SRS2341451	SAMN07333033	Bacillus anthracis	SRP051684	2017-07-07 00:00:00 UTC	PRJNA264742	636	1020	public	1392.0
SRR5811226	WGS	public	SRX2989527	Illumina Genome Analyzer IIx	ILLUMINA	SRS2341450	SAMN07333160	Bacillus anthracis	SRP051684	2017-07-07 00:00:00 UTC	PRJNA264742	566	937	public	1392.0
SRR5811227	WGS	public	SRX2989526	Illumina Genome Analyzer IIx	ILLUMINA	SRS2341449	SAMN07333159	Bacillus anthracis	SRP051684	2017-07-07 00:00:00 UTC	PRJNA264742	541	896	public	1392.0
SRR5811228	WGS	public	SRX2989525	Illumina Genome Analyzer IIx	ILLUMINA	SRS2341447	SAMN07333030	Bacillus anthracis	SRP051684	2017-07-07 00:00:00 UTC	PRJNA264742	642	1054	public	1392.0
SRR5811229	WGS	public	SRX2989524	Illumina Genome Analyzer IIx	ILLUMINA	SRS2341448	SAMN07333029	Bacillus anthracis	SRP051684	2017-07-07 00:00:00 UTC	PRJNA264742	953	1451	public	1392.0
SRR5811230	WGS	public	SRX2989523	Illumina Genome Analyzer IIx	ILLUMINA	SRS2341445	SAMN07333032	Bacillus anthracis	SRP051684	2017-07-07 00:00:00 UTC	PRJNA264742	197	328	public	1392.0
SRR5811231	WGS	public	SRX2989522	Illumina Genome Analyzer IIx	ILLUMINA	SRS2341446	SAMN07333031	Bacillus anthracis	SRP051684	2017-07-07 00:00:00 UTC	PRJNA264742	621	1029	public	1392.0
SRR5811232	WGS	public	SRX2989521	Illumina Genome Analyzer IIx	ILLUMINA	SRS2341443	SAMN07333026	Bacillus anthracis	SRP051684	2017-07-07 00:00:00 UTC	PRJNA264742	214	356	public	1392.0
SRR5811233	WGS	public	SRX2989520	Illumina Genome Analyzer IIx	ILLUMINA	SRS2341444	SAMN07333025	Bacillus anthracis	SRP051684	2017-07-07 00:00:00 UTC	PRJNA264742	1002	1654	public	1392.0
SRR5811234	WGS	public	SRX2989519	Illumina Genome Analyzer IIx	ILLUMINA	SRS2341441	SAMN07333028	Bacillus anthracis	SRP051684	2017-07-07 00:00:00 UTC	PRJNA264742	507	827	public	1392.0
SRR5811235	WGS	public	SRX2989518	Illumina Genome Analyzer IIx	ILLUMINA	SRS2341442	SAMN07333027	Bacillus anthracis	SRP051684	2017-07-07 00:00:00 UTC	PRJNA264742	263	442	public	1392.0
SRR5811236	WGS	public	SRX2989517	Illumina Genome Analyzer IIx	ILLUMINA	SRS2341440	SAMN07333084	Bacillus anthracis	SRP051684	2017-07-07 00:00:00 UTC	PRJNA264742	453	696	public	1392.0
SRR5811237	WGS	public	SRX2989516	Illumina Genome Analyzer IIx	ILLUMINA	SRS2341439	SAMN07333083	Bacillus anthracis	SRP051684	2017-07-07 00:00:00 UTC	PRJNA264742	756	1137	public	1392.0
SRR5811238	WGS	public	SRX2989515	Illumina Genome Analyzer IIx	ILLUMINA	SRS2341438	SAMN07332955	Bacillus anthracis	SRP051684	2017-07-07 00:00:00 UTC	PRJNA264742	757	1250	public	1392.0
SRR5811239	WGS	public	SRX2989514	Illumina Genome Analyzer IIx	ILLUMINA	SRS2341437	SAMN07333078	Bacillus anthracis	SRP051684	2017-07-07 00:00:00 UTC	PRJNA264742	1008	1536	public	1392.0
SRR5811240	WGS	public	SRX2989513	Illumina Genome Analyzer IIx	ILLUMINA	SRS2341436	SAMN07333077	Bacillus anthracis	SRP051684	2017-07-07 00:00:00 UTC	PRJNA264742	369	586	public	1392.0
SRR5811241	WGS	public	SRX2989512	Illumina Genome Analyzer IIx	ILLUMINA	SRS2341435	SAMN07333076	Bacillus anthracis	SRP051684	2017-07-07 00:00:00 UTC	PRJNA264742	534	792	public	1392.0
SRR5811242	WGS	public	SRX2989511	Illumina Genome Analyzer IIx	ILLUMINA	SRS2341434	SAMN07333075	Bacillus anthracis	SRP051684	2017-07-07 00:00:00 UTC	PRJNA264742	867	1379	public	1392.0
SRR5811243	WGS	public	SRX2989510	Illumina Genome Analyzer IIx	ILLUMINA	SRS2341433	SAMN07333082	Bacillus anthracis	SRP051684	2017-07-07 00:00:00 UTC	PRJNA264742	923	1398	public	1392.0
SRR5811244	WGS	public	SRX2989509	Illumina Genome Analyzer IIx	ILLUMINA	SRS2341432	SAMN07333081	Bacillus anthracis	SRP051684	2017-07-07 00:00:00 UTC	PRJNA264742	628	1012	public	1392.0
SRR5811245	WGS	public	SRX2989508	Illumina Genome Analyzer IIx	ILLUMINA	SRS2341431	SAMN07333080	Bacillus anthracis	SRP051684	2017-07-07 00:00:00 UTC	PRJNA264742	727	1083	public	1392.0
SRR5811246	WGS	public	SRX2989507	Illumina Genome Analyzer IIx	ILLUMINA	SRS2341430	SAMN07333079	Bacillus anthracis	SRP051684	2017-07-07 00:00:00 UTC	PRJNA264742	924	1375	public	1392.0
SRR5811247	WGS	public	SRX2989805	Illumina Genome Analyzer IIx	ILLUMINA	SRS2341727	SAMN07332957	Bacillus anthracis	SRP051684	2017-07-07 00:00:00 UTC	PRJNA264742	630	1024	public	1392.0
SRR5811248	WGS	public	SRX2989804	Illumina Genome Analyzer IIx	ILLUMINA	SRS2341728	SAMN07332903	Bacillus anthracis	SRP051684	2017-07-07 00:00:00 UTC	PRJNA264742	237	398	public	1392.0
SRR5947105	WGS	public	SRX3105496	Illumina Genome Analyzer IIx	ILLUMINA	SRS2440954	SAMN07521943	Bacillus anthracis	SRP051684	2017-08-19 00:00:00 UTC	PRJNA264742	670	1104	public	1392.0
SRR5947106	WGS	public	SRX3105495	Illumina Genome Analyzer IIx	ILLUMINA	SRS2440953	SAMN07521944	Bacillus anthracis	SRP051684	2017-08-19 00:00:00 UTC	PRJNA264742	1918	2841	public	1392.0
SRR6667435	RNA-Seq	public	SRX3644218	Illumina HiSeq 2000	ILLUMINA	SRS2909035	SAMN08457673	Drosophila melanogaster	SRP132078	2018-06-15 00:00:00 UTC	PRJNA432727	2045	2826	public	7227.0
SRR6667436	RNA-Seq	public	SRX3644219	Illumina HiSeq 2000	ILLUMINA	SRS2909036	SAMN08457668	Drosophila melanogaster	SRP132078	2018-06-15 00:00:00 UTC	PRJNA432727	2161	2996	public	7227.0
SRR6667437	RNA-Seq	public	SRX3644220	Illumina HiSeq 2000	ILLUMINA	SRS2909037	SAMN08457667	Drosophila melanogaster	SRP132078	2018-06-15 00:00:00 UTC	PRJNA432727	2010	2782	public	7227.0
SRR6667438	RNA-Seq	public	SRX3644221	Illumina HiSeq 2000	ILLUMINA	SRS2909044	SAMN08457672	Drosophila melanogaster	SRP132078	2018-06-15 00:00:00 UTC	PRJNA432727	2098	2905	public	7227.0
SRR6667439	RNA-Seq	public	SRX3644222	Illumina HiSeq 2000	ILLUMINA	SRS2909038	SAMN08457671	Drosophila simulans	SRP132078	2018-06-15 00:00:00 UTC	PRJNA432727	2178	3014	public	7240.0
SRR6667440	RNA-Seq	public	SRX3644223	Illumina HiSeq 2000	ILLUMINA	SRS2909039	SAMN08457670	Drosophila simulans	SRP132078	2018-06-15 00:00:00 UTC	PRJNA432727	2109	2919	public	7240.0
SRR6667441	RNA-Seq	public	SRX3644224	Illumina HiSeq 2000	ILLUMINA	SRS2909049	SAMN08457669	Drosophila simulans	SRP132078	2018-06-15 00:00:00 UTC	PRJNA432727	2290	3163	public	7240.0
SRR6667442	RNA-Seq	public	SRX3644225	Illumina HiSeq 2000	ILLUMINA	SRS2909040	SAMN08457666	Drosophila simulans	SRP132078	2018-06-15 00:00:00 UTC	PRJNA432727	2358	3261	public	7240.0
SRR6667443	miRNA-Seq	public	SRX3644226	Illumina HiSeq 2000	ILLUMINA	SRS2909041	SAMN08457665	Drosophila erecta	SRP132078	2018-06-15 00:00:00 UTC	PRJNA432727	358	509	public	7220.0
SRR6667444	miRNA-Seq	public	SRX3644227	Illumina HiSeq 2000	ILLUMINA	SRS2909042	SAMN08457664	Drosophila sechellia	SRP132078	2018-06-15 00:00:00 UTC	PRJNA432727	400	572	public	7238.0
SRR6705557	RNA-Seq	public	SRX3679678	Illumina MiSeq	ILLUMINA	SRS2940061	SAMN08516650	Homo sapiens	SRP132637	2018-02-10 00:00:00 UTC	PRJNA433736	15	39	public	9606.0
SRR6705558	RNA-Seq	public	SRX3679677	Illumina MiSeq	ILLUMINA	SRS2940060	SAMN08516648	Homo sapiens	SRP132637	2018-02-10 00:00:00 UTC	PRJNA433736	44	128	public	9606.0
SRR6705559	RNA-Seq	public	SRX3679676	Illumina MiSeq	ILLUMINA	SRS2940059	SAMN08516649	Homo sapiens	SRP132637	2018-02-10 00:00:00 UTC	PRJNA433736	127	384	public	9606.0
SRR6705560	RNA-Seq	public	SRX3679675	Illumina MiSeq	ILLUMINA	SRS2940058	SAMN08516644	Homo sapiens	SRP132637	2018-02-10 00:00:00 UTC	PRJNA433736	89	268	public	9606.0
SRR6705561	RNA-Seq	public	SRX3679674	Illumina MiSeq	ILLUMINA	SRS2940057	SAMN08516645	Homo sapiens	SRP132637	2018-02-10 00:00:00 UTC	PRJNA433736	39	113	public	9606.0
SRR6705562	RNA-Seq	public	SRX3679673	Illumina MiSeq	ILLUMINA	SRS2940056	SAMN08516642	Homo sapiens	SRP132637	2018-02-10 00:00:00 UTC	PRJNA433736	22	65	public	9606.0
SRR6705563	RNA-Seq	public	SRX3679672	Illumina MiSeq	ILLUMINA	SRS2940055	SAMN08516643	Homo sapiens	SRP132637	2018-02-10 00:00:00 UTC	PRJNA433736	32	93	public	9606.0
SRR6705564	RNA-Seq	public	SRX3679671	Illumina MiSeq	ILLUMINA	SRS2940054	SAMN08516640	Homo sapiens	SRP132637	2018-02-10 00:00:00 UTC	PRJNA433736	50	150	public	9606.0
SRR6705565	RNA-Seq	public	SRX3679670	Illumina MiSeq	ILLUMINA	SRS2940052	SAMN08516641	Homo sapiens	SRP132637	2018-02-10 00:00:00 UTC	PRJNA433736	65	195	public	9606.0
SRR6705566	RNA-Seq	public	SRX3679669	Illumina MiSeq	ILLUMINA	SRS2940053	SAMN08516638	Homo sapiens	SRP132637	2018-02-10 00:00:00 UTC	PRJNA433736	19	55	public	9606.0
SRR6705567	RNA-Seq	public	SRX3679668	Illumina MiSeq	ILLUMINA	SRS2940062	SAMN08516639	Homo sapiens	SRP132637	2018-02-10 00:00:00 UTC	PRJNA433736	30	92	public	9606.0
SRR6705568	RNA-Seq	public	SRX3679667	Illumina MiSeq	ILLUMINA	SRS2940050	SAMN08516646	Homo sapiens	SRP132637	2018-02-10 00:00:00 UTC	PRJNA433736	31	86	public	9606.0
SRR6705569	RNA-Seq	public	SRX3679666	Illumina MiSeq	ILLUMINA	SRS2940051	SAMN08516647	Homo sapiens	SRP132637	2018-02-10 00:00:00 UTC	PRJNA433736	45	131	public	9606.0
SRR6756808	RNA-Seq	public	SRX3729408	NextSeq 500	ILLUMINA	SRS2986636	SAMN08569911	Mus musculus	SRP133261	2019-05-22 00:00:00 UTC	PRJNA434781	2923	6667	public	10090.0
SRR6756809	RNA-Seq	public	SRX3729408	NextSeq 500	ILLUMINA	SRS2986636	SAMN08569911	Mus musculus	SRP133261	2019-05-22 00:00:00 UTC	PRJNA434781	3656	8122	public	10090.0
SRR6756810	RNA-Seq	public	SRX3729408	NextSeq 500	ILLUMINA	SRS2986636	SAMN08569911	Mus musculus	SRP133261	2019-05-22 00:00:00 UTC	PRJNA434781	3246	7421	public	10090.0
SRR6756811	RNA-Seq	public	SRX3729408	NextSeq 500	ILLUMINA	SRS2986636	SAMN08569911	Mus musculus	SRP133261	2019-05-22 00:00:00 UTC	PRJNA434781	6762	15287	public	10090.0
SRR6825894	RNA-Seq	public	SRX3782183	HiSeq X Ten	ILLUMINA	SRS3035565	SAMN08687186	Mus musculus	SRP134948	2019-03-13 00:00:00 UTC	PRJNA437940	2614	6634	public	10090.0
SRR6825895	RNA-Seq	public	SRX3782184	HiSeq X Ten	ILLUMINA	SRS3035566	SAMN08687194	Mus musculus	SRP134948	2019-03-13 00:00:00 UTC	PRJNA437940	2258	5708	public	10090.0
SRR6825896	RNA-Seq	public	SRX3782185	HiSeq X Ten	ILLUMINA	SRS3035568	SAMN08687193	Mus musculus	SRP134948	2019-03-13 00:00:00 UTC	PRJNA437940	2248	5329	public	10090.0
SRR6825897	RNA-Seq	public	SRX3782186	HiSeq X Ten	ILLUMINA	SRS3035567	SAMN08687192	Mus musculus	SRP134948	2019-03-13 00:00:00 UTC	PRJNA437940	2408	6038	public	10090.0
SRR6825898	RNA-Seq	public	SRX3782187	HiSeq X Ten	ILLUMINA	SRS3035569	SAMN08687191	Mus musculus	SRP134948	2019-03-13 00:00:00 UTC	PRJNA437940	2197	5507	public	10090.0
SRR6825899	RNA-Seq	public	SRX3782188	HiSeq X Ten	ILLUMINA	SRS3035570	SAMN08687190	Mus musculus	SRP134948	2019-03-13 00:00:00 UTC	PRJNA437940	2445	5821	public	10090.0
SRR6825900	RNA-Seq	public	SRX3782189	HiSeq X Ten	ILLUMINA	SRS3035571	SAMN08687189	Mus musculus	SRP134948	2019-03-13 00:00:00 UTC	PRJNA437940	2628	6265	public	10090.0
SRR6825901	RNA-Seq	public	SRX3782190	HiSeq X Ten	ILLUMINA	SRS3035572	SAMN08687188	Mus musculus	SRP134948	2019-03-13 00:00:00 UTC	PRJNA437940	5991	14873	public	10090.0
SRR6825902	RNA-Seq	public	SRX3782191	HiSeq X Ten	ILLUMINA	SRS3035573	SAMN08687187	Mus musculus	SRP134948	2019-03-13 00:00:00 UTC	PRJNA437940	6348	15774	public	10090.0
SRR6942878	RNA-Seq	public	SRX3886911	Illumina HiSeq 2500	ILLUMINA	SRS3125525	SAMN07622020	Neurospora crassa	SRP137569	2018-04-05 00:00:00 UTC	PRJNA403150	550	1489	public	5141.0
SRR6942886	RNA-Seq	public	SRX3886903	Illumina HiSeq 2500	ILLUMINA	SRS3125525	SAMN07622020	Neurospora crassa	SRP137569	2018-04-05 00:00:00 UTC	PRJNA403150	5	10	public	5141.0
SRR6942890	RNA-Seq	public	SRX3886899	Illumina HiSeq 2500	ILLUMINA	SRS3125455	SAMN07622162	Neurospora crassa	SRP137499	2018-04-05 00:00:00 UTC	PRJNA403092	607	1618	public	5141.0
SRR6942924	RNA-Seq	public	SRX3886865	Illumina HiSeq 2500	ILLUMINA	SRS3125525	SAMN07622020	Neurospora crassa	SRP137569	2018-04-05 00:00:00 UTC	PRJNA403150	15	31	public	5141.0
SRR6942956	RNA-Seq	public	SRX3886833	Illumina HiSeq 2500	ILLUMINA	SRS3125455	SAMN07622162	Neurospora crassa	SRP137499	2018-04-05 00:00:00 UTC	PRJNA403092	7	14	public	5141.0
SRR6943031	RNA-Seq	public	SRX3886758	Illumina HiSeq 2500	ILLUMINA	SRS3125455	SAMN07622162	Neurospora crassa	SRP137499	2018-04-05 00:00:00 UTC	PRJNA403092	28	54	public	5141.0
SRR6958203	OTHER	public	SRX3901372	Illumina HiSeq 2500	ILLUMINA	SRS3138596	SAMN08776327	Brachypodium distachyon	SRP138278	2018-04-07 00:00:00 UTC	PRJNA440689	2791	6817	public	15368.0
SRR6958228	OTHER	public	SRX3901347	Illumina HiSeq 2500	ILLUMINA	SRS3138572	SAMN08775759	Brachypodium distachyon	SRP138254	2018-04-07 00:00:00 UTC	PRJNA442378	2670	6820	public	15368.0
SRR7064965	RNA-Seq	public	SRX3995774	Illumina HiSeq 2000	ILLUMINA	SRS3219935	SAMN08982292	Homo sapiens	SRP142638	2020-08-19 00:00:00 UTC	PRJNA453601	4078	6762	public	9606.0
SRR7064966	RNA-Seq	public	SRX3995775	Illumina HiSeq 2000	ILLUMINA	SRS3219937	SAMN08982291	Homo sapiens	SRP142638	2020-08-19 00:00:00 UTC	PRJNA453601	4209	6950	public	9606.0
SRR7064967	RNA-Seq	public	SRX3995776	Illumina HiSeq 2000	ILLUMINA	SRS3219936	SAMN08982290	Homo sapiens	SRP142638	2020-08-19 00:00:00 UTC	PRJNA453601	4289	7088	public	9606.0
SRR7064968	RNA-Seq	public	SRX3995777	Illumina HiSeq 2000	ILLUMINA	SRS3219938	SAMN08982289	Homo sapiens	SRP142638	2020-08-19 00:00:00 UTC	PRJNA453601	4554	7528	public	9606.0
SRR7064969	RNA-Seq	public	SRX3995778	Illumina HiSeq 2000	ILLUMINA	SRS3219939	SAMN08982288	Homo sapiens	SRP142638	2020-08-19 00:00:00 UTC	PRJNA453601	4606	7605	public	9606.0
SRR7064970	RNA-Seq	public	SRX3995779	Illumina HiSeq 2000	ILLUMINA	SRS3219940	SAMN08982287	Homo sapiens	SRP142638	2020-08-19 00:00:00 UTC	PRJNA453601	4505	7394	public	9606.0
SRR7064971	RNA-Seq	public	SRX3995780	Illumina HiSeq 2000	ILLUMINA	SRS3219942	SAMN08982286	Homo sapiens	SRP142638	2020-08-19 00:00:00 UTC	PRJNA453601	4755	7690	public	9606.0
SRR7064972	RNA-Seq	public	SRX3995781	Illumina HiSeq 2000	ILLUMINA	SRS3219941	SAMN08982285	Homo sapiens	SRP142638	2020-08-19 00:00:00 UTC	PRJNA453601	6292	10156	public	9606.0
SRR7064973	RNA-Seq	public	SRX3995782	Illumina HiSeq 2000	ILLUMINA	SRS3219943	SAMN08982284	Homo sapiens	SRP142638	2020-08-19 00:00:00 UTC	PRJNA453601	4668	7514	public	9606.0
SRR7064974	RNA-Seq	public	SRX3995783	Illumina HiSeq 2000	ILLUMINA	SRS3219945	SAMN08982283	Homo sapiens	SRP142638	2020-08-19 00:00:00 UTC	PRJNA453601	4162	6629	public	9606.0
SRR7064975	RNA-Seq	public	SRX3995784	Illumina HiSeq 2000	ILLUMINA	SRS3219946	SAMN08982282	Homo sapiens	SRP142638	2020-08-19 00:00:00 UTC	PRJNA453601	4488	7214	public	9606.0
SRR7064976	RNA-Seq	public	SRX3995785	Illumina HiSeq 2000	ILLUMINA	SRS3219944	SAMN08982281	Homo sapiens	SRP142638	2020-08-19 00:00:00 UTC	PRJNA453601	3565	5702	public	9606.0
SRR7064977	RNA-Seq	public	SRX3995786	Illumina HiSeq 2000	ILLUMINA	SRS3219947	SAMN08982280	Homo sapiens	SRP142638	2020-08-19 00:00:00 UTC	PRJNA453601	3579	5898	public	9606.0
SRR7064978	RNA-Seq	public	SRX3995787	Illumina HiSeq 2000	ILLUMINA	SRS3219949	SAMN08982279	Homo sapiens	SRP142638	2020-08-19 00:00:00 UTC	PRJNA453601	4115	6768	public	9606.0
SRR7064979	RNA-Seq	public	SRX3995788	Illumina HiSeq 2000	ILLUMINA	SRS3219948	SAMN08982278	Homo sapiens	SRP142638	2020-08-19 00:00:00 UTC	PRJNA453601	4074	6723	public	9606.0
SRR7064980	RNA-Seq	public	SRX3995789	Illumina HiSeq 2000	ILLUMINA	SRS3219951	SAMN08982277	Homo sapiens	SRP142638	2020-08-19 00:00:00 UTC	PRJNA453601	4379	7237	public	9606.0
SRR7064981	RNA-Seq	public	SRX3995790	Illumina HiSeq 2000	ILLUMINA	SRS3219950	SAMN08982276	Homo sapiens	SRP142638	2020-08-19 00:00:00 UTC	PRJNA453601	4661	7710	public	9606.0
SRR7064982	RNA-Seq	public	SRX3995791	Illumina HiSeq 2000	ILLUMINA	SRS3219952	SAMN08982275	Homo sapiens	SRP142638	2020-08-19 00:00:00 UTC	PRJNA453601	5113	8433	public	9606.0
SRR7064983	RNA-Seq	public	SRX3995792	Illumina HiSeq 2000	ILLUMINA	SRS3219953	SAMN08982274	Homo sapiens	SRP142638	2020-08-19 00:00:00 UTC	PRJNA453601	5471	9056	public	9606.0
SRR7064984	RNA-Seq	public	SRX3995793	Illumina HiSeq 2000	ILLUMINA	SRS3219954	SAMN08982273	Homo sapiens	SRP142638	2020-08-19 00:00:00 UTC	PRJNA453601	4704	7666	public	9606.0
SRR7064985	RNA-Seq	public	SRX3995794	Illumina HiSeq 2000	ILLUMINA	SRS3219955	SAMN08982272	Homo sapiens	SRP142638	2020-08-19 00:00:00 UTC	PRJNA453601	4130	6736	public	9606.0
SRR7064986	RNA-Seq	public	SRX3995795	Illumina HiSeq 2000	ILLUMINA	SRS3219956	SAMN08982271	Homo sapiens	SRP142638	2020-08-19 00:00:00 UTC	PRJNA453601	5408	8744	public	9606.0
SRR7064987	RNA-Seq	public	SRX3995796	Illumina HiSeq 2000	ILLUMINA	SRS3219957	SAMN08982270	Homo sapiens	SRP142638	2020-08-19 00:00:00 UTC	PRJNA453601	3709	6058	public	9606.0
SRR7064988	RNA-Seq	public	SRX3995797	Illumina HiSeq 2000	ILLUMINA	SRS3219958	SAMN08982269	Homo sapiens	SRP142638	2020-08-19 00:00:00 UTC	PRJNA453601	3906	6327	public	9606.0
SRR7064989	RNA-Seq	public	SRX3995798	Illumina HiSeq 2000	ILLUMINA	SRS3219959	SAMN08982268	Homo sapiens	SRP142638	2020-08-19 00:00:00 UTC	PRJNA453601	4465	7417	public	9606.0
SRR7064990	RNA-Seq	public	SRX3995799	Illumina HiSeq 2000	ILLUMINA	SRS3219960	SAMN08982339	Homo sapiens	SRP142638	2020-08-19 00:00:00 UTC	PRJNA453601	4473	7358	public	9606.0
SRR7064991	RNA-Seq	public	SRX3995800	Illumina HiSeq 2000	ILLUMINA	SRS3219961	SAMN08982338	Homo sapiens	SRP142638	2020-08-19 00:00:00 UTC	PRJNA453601	4518	7429	public	9606.0
SRR7064992	RNA-Seq	public	SRX3995801	Illumina HiSeq 2000	ILLUMINA	SRS3219962	SAMN08982337	Homo sapiens	SRP142638	2020-08-19 00:00:00 UTC	PRJNA453601	3949	6490	public	9606.0
SRR7064993	RNA-Seq	public	SRX3995802	Illumina HiSeq 2000	ILLUMINA	SRS3219963	SAMN08982336	Homo sapiens	SRP142638	2020-08-19 00:00:00 UTC	PRJNA453601	3435	5610	public	9606.0
SRR7064994	RNA-Seq	public	SRX3995803	Illumina HiSeq 2000	ILLUMINA	SRS3219964	SAMN08982335	Homo sapiens	SRP142638	2020-08-19 00:00:00 UTC	PRJNA453601	5745	9410	public	9606.0
SRR712047	ChIP-Seq	public	SRX236085	Illumina HiSeq 2000	ILLUMINA	SRS394241	SAMN01919788	Mus musculus x Mus spretus	SRP018597	2013-02-15 00:00:00 UTC	PRJNA189398	24226	30451	public	186842.0
SRR712048	ChIP-Seq	public	SRX236086	Illumina HiSeq 2000	ILLUMINA	SRS394242	SAMN01919789	Mus musculus x Mus spretus	SRP018597	2013-02-15 00:00:00 UTC	PRJNA189398	25082	28824	public	186842.0
SRR712049	ChIP-Seq	public	SRX236087	Illumina Genome Analyzer IIx	ILLUMINA	SRS394243	SAMN01919790	Mus musculus x Mus spretus	SRP018597	2013-02-15 00:00:00 UTC	PRJNA189398	740	1208	public	186842.0
SRR712050	ChIP-Seq	public	SRX236087	Illumina Genome Analyzer IIx	ILLUMINA	SRS394243	SAMN01919790	Mus musculus x Mus spretus	SRP018597	2013-02-15 00:00:00 UTC	PRJNA189398	1589	1798	public	186842.0
SRR712051	ChIP-Seq	public	SRX236087	Illumina Genome Analyzer IIx	ILLUMINA	SRS394243	SAMN01919790	Mus musculus x Mus spretus	SRP018597	2013-02-15 00:00:00 UTC	PRJNA189398	1560	1771	public	186842.0
SRR7548549	RAD-Seq	public	SRX4414979	Illumina HiSeq 2000	ILLUMINA	SRS3568286	SAMN09698724	Clarkia pulchella	SRP154627	2018-07-23 00:00:00 UTC	PRJNA482158	124	232	public	238265.0
SRR7548550	RAD-Seq	public	SRX4414978	Illumina HiSeq 2000	ILLUMINA	SRS3568284	SAMN09698715	Clarkia pulchella	SRP154627	2018-07-23 00:00:00 UTC	PRJNA482158	102	193	public	238265.0
SRR7548551	RAD-Seq	public	SRX4414977	Illumina HiSeq 2000	ILLUMINA	SRS3568282	SAMN09698716	Clarkia pulchella	SRP154627	2018-07-23 00:00:00 UTC	PRJNA482158	136	258	public	238265.0
SRR7548552	RAD-Seq	public	SRX4414976	Illumina HiSeq 2000	ILLUMINA	SRS3568285	SAMN09698717	Clarkia pulchella	SRP154627	2018-07-23 00:00:00 UTC	PRJNA482158	103	193	public	238265.0
SRR7548553	RAD-Seq	public	SRX4414975	Illumina HiSeq 2000	ILLUMINA	SRS3568283	SAMN09698718	Clarkia pulchella	SRP154627	2018-07-23 00:00:00 UTC	PRJNA482158	88	164	public	238265.0
SRR7548554	RAD-Seq	public	SRX4414974	Illumina HiSeq 2000	ILLUMINA	SRS3568281	SAMN09698719	Clarkia pulchella	SRP154627	2018-07-23 00:00:00 UTC	PRJNA482158	62	116	public	238265.0
SRR7548555	RAD-Seq	public	SRX4414973	Illumina HiSeq 2000	ILLUMINA	SRS3568280	SAMN09698720	Clarkia pulchella	SRP154627	2018-07-23 00:00:00 UTC	PRJNA482158	100	186	public	238265.0
SRR7548556	RAD-Seq	public	SRX4414972	Illumina HiSeq 2000	ILLUMINA	SRS3568278	SAMN09698721	Clarkia pulchella	SRP154627	2018-07-23 00:00:00 UTC	PRJNA482158	91	170	public	238265.0
SRR7548557	RAD-Seq	public	SRX4414971	Illumina HiSeq 2000	ILLUMINA	SRS3568276	SAMN09698722	Clarkia pulchella	SRP154627	2018-07-23 00:00:00 UTC	PRJNA482158	103	193	public	238265.0
SRR7548558	RAD-Seq	public	SRX4414970	Illumina HiSeq 2000	ILLUMINA	SRS3568279	SAMN09699046	Clarkia pulchella	SRP154627	2018-07-23 00:00:00 UTC	PRJNA482158	41	76	public	238265.0
SRR7548559	RAD-Seq	public	SRX4414969	Illumina HiSeq 2000	ILLUMINA	SRS3568277	SAMN09699045	Clarkia pulchella	SRP154627	2018-07-23 00:00:00 UTC	PRJNA482158	66	123	public	238265.0
SRR7548560	RAD-Seq	public	SRX4414968	Illumina HiSeq 2000	ILLUMINA	SRS3568275	SAMN09699048	Clarkia pulchella	SRP154627	2018-07-23 00:00:00 UTC	PRJNA482158	97	181	public	238265.0
SRR7548561	RAD-Seq	public	SRX4414967	Illumina HiSeq 2000	ILLUMINA	SRS3568274	SAMN09699047	Clarkia pulchella	SRP154627	2018-07-23 00:00:00 UTC	PRJNA482158	50	92	public	238265.0
SRR7548562	RAD-Seq	public	SRX4414966	Illumina HiSeq 2000	ILLUMINA	SRS3568273	SAMN09699050	Clarkia pulchella	SRP154627	2018-07-23 00:00:00 UTC	PRJNA482158	15	27	public	238265.0
SRR7548563	RAD-Seq	public	SRX4414965	Illumina HiSeq 2000	ILLUMINA	SRS3568272	SAMN09699049	Clarkia pulchella	SRP154627	2018-07-23 00:00:00 UTC	PRJNA482158	67	124	public	238265.0
SRR7548564	RAD-Seq	public	SRX4414964	Illumina HiSeq 2000	ILLUMINA	SRS3568270	SAMN09699052	Clarkia pulchella	SRP154627	2018-07-23 00:00:00 UTC	PRJNA482158	51	94	public	238265.0
SRR7548565	RAD-Seq	public	SRX4414963	Illumina HiSeq 2000	ILLUMINA	SRS3568271	SAMN09699051	Clarkia pulchella	SRP154627	2018-07-23 00:00:00 UTC	PRJNA482158	30	55	public	238265.0
SRR7548566	RAD-Seq	public	SRX4414962	Illumina HiSeq 2000	ILLUMINA	SRS3568269	SAMN09699054	Clarkia pulchella	SRP154627	2018-07-23 00:00:00 UTC	PRJNA482158	45	83	public	238265.0
SRR7548567	RAD-Seq	public	SRX4414961	Illumina HiSeq 2000	ILLUMINA	SRS3568267	SAMN09699053	Clarkia pulchella	SRP154627	2018-07-23 00:00:00 UTC	PRJNA482158	62	113	public	238265.0
SRR7548568	RAD-Seq	public	SRX4414960	Illumina HiSeq 2000	ILLUMINA	SRS3568265	SAMN09698834	Clarkia pulchella	SRP154627	2018-07-23 00:00:00 UTC	PRJNA482158	106	199	public	238265.0
SRR7548569	RAD-Seq	public	SRX4414959	Illumina HiSeq 2000	ILLUMINA	SRS3568268	SAMN09698833	Clarkia pulchella	SRP154627	2018-07-23 00:00:00 UTC	PRJNA482158	67	124	public	238265.0
SRR7548570	RAD-Seq	public	SRX4414958	Illumina HiSeq 2000	ILLUMINA	SRS3568264	SAMN09698826	Clarkia pulchella	SRP154627	2018-07-23 00:00:00 UTC	PRJNA482158	110	208	public	238265.0
SRR7548571	RAD-Seq	public	SRX4414957	Illumina HiSeq 2000	ILLUMINA	SRS3568262	SAMN09698825	Clarkia pulchella	SRP154627	2018-07-23 00:00:00 UTC	PRJNA482158	112	213	public	238265.0
SRR7548572	RAD-Seq	public	SRX4414956	Illumina HiSeq 2000	ILLUMINA	SRS3568266	SAMN09698828	Clarkia pulchella	SRP154627	2018-07-23 00:00:00 UTC	PRJNA482158	85	158	public	238265.0
SRR7548573	RAD-Seq	public	SRX4414955	Illumina HiSeq 2000	ILLUMINA	SRS3568263	SAMN09698827	Clarkia pulchella	SRP154627	2018-07-23 00:00:00 UTC	PRJNA482158	102	188	public	238265.0
SRR7548574	RAD-Seq	public	SRX4414954	Illumina HiSeq 2000	ILLUMINA	SRS3568261	SAMN09698830	Clarkia pulchella	SRP154627	2018-07-23 00:00:00 UTC	PRJNA482158	87	162	public	238265.0
SRR7548575	RAD-Seq	public	SRX4414953	Illumina HiSeq 2000	ILLUMINA	SRS3568259	SAMN09698829	Clarkia pulchella	SRP154627	2018-07-23 00:00:00 UTC	PRJNA482158	106	199	public	238265.0
SRR7548576	RAD-Seq	public	SRX4414952	Illumina HiSeq 2000	ILLUMINA	SRS3568260	SAMN09698832	Clarkia pulchella	SRP154627	2018-07-23 00:00:00 UTC	PRJNA482158	125	230	public	238265.0
SRR7548577	RAD-Seq	public	SRX4414951	Illumina HiSeq 2000	ILLUMINA	SRS3568258	SAMN09698831	Clarkia pulchella	SRP154627	2018-07-23 00:00:00 UTC	PRJNA482158	89	164	public	238265.0
SRR7548578	RAD-Seq	public	SRX4414950	Illumina HiSeq 2000	ILLUMINA	SRS3568256	SAMN09698817	Clarkia pulchella	SRP154627	2018-07-23 00:00:00 UTC	PRJNA482158	95	176	public	238265.0
SRR7548579	RAD-Seq	public	SRX4414949	Illumina HiSeq 2000	ILLUMINA	SRS3568257	SAMN09698944	Clarkia pulchella	SRP154627	2018-07-23 00:00:00 UTC	PRJNA482158	76	144	public	238265.0
SRR7548580	RAD-Seq	public	SRX4414948	Illumina HiSeq 2000	ILLUMINA	SRS3568252	SAMN09698943	Clarkia pulchella	SRP154627	2018-07-23 00:00:00 UTC	PRJNA482158	30	56	public	238265.0
SRR7548581	RAD-Seq	public	SRX4414947	Illumina HiSeq 2000	ILLUMINA	SRS3568253	SAMN09698818	Clarkia pulchella	SRP154627	2018-07-23 00:00:00 UTC	PRJNA482158	59	110	public	238265.0
SRR7548582	RAD-Seq	public	SRX4414946	Illumina HiSeq 2000	ILLUMINA	SRS3568249	SAMN09698940	Clarkia pulchella	SRP154627	2018-07-23 00:00:00 UTC	PRJNA482158	93	172	public	238265.0
SRR7548583	RAD-Seq	public	SRX4414945	Illumina HiSeq 2000	ILLUMINA	SRS3568250	SAMN09698939	Clarkia pulchella	SRP154627	2018-07-23 00:00:00 UTC	PRJNA482158	161	302	public	238265.0
SRR7548584	RAD-Seq	public	SRX4414944	Illumina HiSeq 2000	ILLUMINA	SRS3568255	SAMN09698942	Clarkia pulchella	SRP154627	2018-07-23 00:00:00 UTC	PRJNA482158	80	150	public	238265.0
SRR7548585	RAD-Seq	public	SRX4414943	Illumina HiSeq 2000	ILLUMINA	SRS3568248	SAMN09698941	Clarkia pulchella	SRP154627	2018-07-23 00:00:00 UTC	PRJNA482158	33	62	public	238265.0
SRR7548586	RAD-Seq	public	SRX4414942	Illumina HiSeq 2000	ILLUMINA	SRS3568247	SAMN09698936	Clarkia pulchella	SRP154627	2018-07-23 00:00:00 UTC	PRJNA482158	115	214	public	238265.0
SRR7548587	RAD-Seq	public	SRX4414941	Illumina HiSeq 2000	ILLUMINA	SRS3568251	SAMN09698935	Clarkia pulchella	SRP154627	2018-07-23 00:00:00 UTC	PRJNA482158	43	80	public	238265.0
SRR7548588	RAD-Seq	public	SRX4414940	Illumina HiSeq 2000	ILLUMINA	SRS3568245	SAMN09698938	Clarkia pulchella	SRP154627	2018-07-23 00:00:00 UTC	PRJNA482158	46	85	public	238265.0
SRR7548589	RAD-Seq	public	SRX4414939	Illumina HiSeq 2000	ILLUMINA	SRS3568244	SAMN09698937	Clarkia pulchella	SRP154627	2018-07-23 00:00:00 UTC	PRJNA482158	137	255	public	238265.0
SRR7548590	RAD-Seq	public	SRX4414938	Illumina HiSeq 2000	ILLUMINA	SRS3568243	SAMN09698863	Clarkia pulchella	SRP154627	2018-07-23 00:00:00 UTC	PRJNA482158	72	132	public	238265.0
SRR7548591	RAD-Seq	public	SRX4414937	Illumina HiSeq 2000	ILLUMINA	SRS3568241	SAMN09698864	Clarkia pulchella	SRP154627	2018-07-23 00:00:00 UTC	PRJNA482158	86	160	public	238265.0
SRR7548592	RAD-Seq	public	SRX4414936	Illumina HiSeq 2000	ILLUMINA	SRS3568240	SAMN09698859	Clarkia pulchella	SRP154627	2018-07-23 00:00:00 UTC	PRJNA482158	64	118	public	238265.0
SRR7548593	RAD-Seq	public	SRX4414935	Illumina HiSeq 2000	ILLUMINA	SRS3568242	SAMN09698860	Clarkia pulchella	SRP154627	2018-07-23 00:00:00 UTC	PRJNA482158	92	173	public	238265.0
SRR7548594	RAD-Seq	public	SRX4414934	Illumina HiSeq 2000	ILLUMINA	SRS3568239	SAMN09698861	Clarkia pulchella	SRP154627	2018-07-23 00:00:00 UTC	PRJNA482158	75	138	public	238265.0
SRR7548595	RAD-Seq	public	SRX4414933	Illumina HiSeq 2000	ILLUMINA	SRS3568236	SAMN09698862	Clarkia pulchella	SRP154627	2018-07-23 00:00:00 UTC	PRJNA482158	55	102	public	238265.0
SRR7548596	RAD-Seq	public	SRX4414932	Illumina HiSeq 2000	ILLUMINA	SRS3568237	SAMN09698855	Clarkia pulchella	SRP154627	2018-07-23 00:00:00 UTC	PRJNA482158	94	176	public	238265.0
SRR7548597	RAD-Seq	public	SRX4414931	Illumina HiSeq 2000	ILLUMINA	SRS3568238	SAMN09698856	Clarkia pulchella	SRP154627	2018-07-23 00:00:00 UTC	PRJNA482158	48	89	public	238265.0
SRR7548598	RAD-Seq	public	SRX4414930	Illumina HiSeq 2000	ILLUMINA	SRS3568234	SAMN09698857	Clarkia pulchella	SRP154627	2018-07-23 00:00:00 UTC	PRJNA482158	53	100	public	238265.0
SRR7548599	RAD-Seq	public	SRX4414929	Illumina HiSeq 2000	ILLUMINA	SRS3568232	SAMN09698858	Clarkia pulchella	SRP154627	2018-07-23 00:00:00 UTC	PRJNA482158	52	97	public	238265.0
SRR7548600	RAD-Seq	public	SRX4414928	Illumina HiSeq 2000	ILLUMINA	SRS3568231	SAMN09698763	Clarkia pulchella	SRP154627	2018-07-23 00:00:00 UTC	PRJNA482158	87	163	public	238265.0
SRR7548601	RAD-Seq	public	SRX4414927	Illumina HiSeq 2000	ILLUMINA	SRS3568233	SAMN09698764	Clarkia pulchella	SRP154627	2018-07-23 00:00:00 UTC	PRJNA482158	75	141	public	238265.0
SRR7548602	RAD-Seq	public	SRX4414926	Illumina HiSeq 2000	ILLUMINA	SRS3568230	SAMN09698759	Clarkia pulchella	SRP154627	2018-07-23 00:00:00 UTC	PRJNA482158	109	205	public	238265.0
SRR7548603	RAD-Seq	public	SRX4414925	Illumina HiSeq 2000	ILLUMINA	SRS3568229	SAMN09698760	Clarkia pulchella	SRP154627	2018-07-23 00:00:00 UTC	PRJNA482158	114	214	public	238265.0
SRR7548604	RAD-Seq	public	SRX4414924	Illumina HiSeq 2000	ILLUMINA	SRS3568228	SAMN09698761	Clarkia pulchella	SRP154627	2018-07-23 00:00:00 UTC	PRJNA482158	98	184	public	238265.0
SRR7548605	RAD-Seq	public	SRX4414923	Illumina HiSeq 2000	ILLUMINA	SRS3568224	SAMN09698762	Clarkia pulchella	SRP154627	2018-07-23 00:00:00 UTC	PRJNA482158	76	142	public	238265.0
SRR7548606	RAD-Seq	public	SRX4414922	Illumina HiSeq 2000	ILLUMINA	SRS3568223	SAMN09698755	Clarkia pulchella	SRP154627	2018-07-23 00:00:00 UTC	PRJNA482158	83	154	public	238265.0
SRR7548607	RAD-Seq	public	SRX4414921	Illumina HiSeq 2000	ILLUMINA	SRS3568227	SAMN09698756	Clarkia pulchella	SRP154627	2018-07-23 00:00:00 UTC	PRJNA482158	76	141	public	238265.0
SRR7548608	RAD-Seq	public	SRX4414920	Illumina HiSeq 2000	ILLUMINA	SRS3568226	SAMN09698757	Clarkia pulchella	SRP154627	2018-07-23 00:00:00 UTC	PRJNA482158	67	126	public	238265.0
SRR7548609	RAD-Seq	public	SRX4414919	Illumina HiSeq 2000	ILLUMINA	SRS3568225	SAMN09698758	Clarkia pulchella	SRP154627	2018-07-23 00:00:00 UTC	PRJNA482158	95	178	public	238265.0
SRR7548610	RAD-Seq	public	SRX4414918	Illumina HiSeq 2000	ILLUMINA	SRS3568221	SAMN09698909	Clarkia pulchella	SRP154627	2018-07-23 00:00:00 UTC	PRJNA482158	86	159	public	238265.0
SRR7548611	RAD-Seq	public	SRX4414917	Illumina HiSeq 2000	ILLUMINA	SRS3568220	SAMN09698910	Clarkia pulchella	SRP154627	2018-07-23 00:00:00 UTC	PRJNA482158	61	115	public	238265.0
SRR7548612	RAD-Seq	public	SRX4414916	Illumina HiSeq 2000	ILLUMINA	SRS3568218	SAMN09698911	Clarkia pulchella	SRP154627	2018-07-23 00:00:00 UTC	PRJNA482158	65	121	public	238265.0
SRR7548613	RAD-Seq	public	SRX4414915	Illumina HiSeq 2000	ILLUMINA	SRS3568213	SAMN09698912	Clarkia pulchella	SRP154627	2018-07-23 00:00:00 UTC	PRJNA482158	86	159	public	238265.0
SRR7548614	RAD-Seq	public	SRX4414914	Illumina HiSeq 2000	ILLUMINA	SRS3568215	SAMN09698905	Clarkia pulchella	SRP154627	2018-07-23 00:00:00 UTC	PRJNA482158	52	96	public	238265.0
SRR7548615	RAD-Seq	public	SRX4414913	Illumina HiSeq 2000	ILLUMINA	SRS3568214	SAMN09698906	Clarkia pulchella	SRP154627	2018-07-23 00:00:00 UTC	PRJNA482158	59	111	public	238265.0
SRR7548616	RAD-Seq	public	SRX4414912	Illumina HiSeq 2000	ILLUMINA	SRS3568211	SAMN09698907	Clarkia pulchella	SRP154627	2018-07-23 00:00:00 UTC	PRJNA482158	70	131	public	238265.0
SRR7548617	RAD-Seq	public	SRX4414911	Illumina HiSeq 2000	ILLUMINA	SRS3568216	SAMN09698908	Clarkia pulchella	SRP154627	2018-07-23 00:00:00 UTC	PRJNA482158	91	172	public	238265.0
SRR7548618	RAD-Seq	public	SRX4414910	Illumina HiSeq 2000	ILLUMINA	SRS3568212	SAMN09698913	Clarkia pulchella	SRP154627	2018-07-23 00:00:00 UTC	PRJNA482158	62	116	public	238265.0
SRR7548619	RAD-Seq	public	SRX4414909	Illumina HiSeq 2000	ILLUMINA	SRS3568217	SAMN09698914	Clarkia pulchella	SRP154627	2018-07-23 00:00:00 UTC	PRJNA482158	95	178	public	238265.0
SRR7548620	RAD-Seq	public	SRX4414908	Illumina HiSeq 2000	ILLUMINA	SRS3568210	SAMN09699083	Clarkia pulchella	SRP154627	2018-07-23 00:00:00 UTC	PRJNA482158	87	162	public	238265.0
SRR7548621	RAD-Seq	public	SRX4414907	Illumina HiSeq 2000	ILLUMINA	SRS3568209	SAMN09699084	Clarkia pulchella	SRP154627	2018-07-23 00:00:00 UTC	PRJNA482158	61	112	public	238265.0
SRR7548622	RAD-Seq	public	SRX4414906	Illumina HiSeq 2000	ILLUMINA	SRS3568207	SAMN09698978	Clarkia pulchella	SRP154627	2018-07-23 00:00:00 UTC	PRJNA482158	59	110	public	238265.0
SRR7548623	RAD-Seq	public	SRX4414905	Illumina HiSeq 2000	ILLUMINA	SRS3568204	SAMN09698977	Clarkia pulchella	SRP154627	2018-07-23 00:00:00 UTC	PRJNA482158	58	107	public	238265.0
SRR7548624	RAD-Seq	public	SRX4414904	Illumina HiSeq 2000	ILLUMINA	SRS3568203	SAMN09698980	Clarkia pulchella	SRP154627	2018-07-23 00:00:00 UTC	PRJNA482158	64	120	public	238265.0
SRR7548625	RAD-Seq	public	SRX4414903	Illumina HiSeq 2000	ILLUMINA	SRS3568202	SAMN09698979	Clarkia pulchella	SRP154627	2018-07-23 00:00:00 UTC	PRJNA482158	87	164	public	238265.0
SRR7548626	RAD-Seq	public	SRX4414902	Illumina HiSeq 2000	ILLUMINA	SRS3568206	SAMN09698982	Clarkia pulchella	SRP154627	2018-07-23 00:00:00 UTC	PRJNA482158	80	150	public	238265.0
SRR7548627	RAD-Seq	public	SRX4414901	Illumina HiSeq 2000	ILLUMINA	SRS3568199	SAMN09698981	Clarkia pulchella	SRP154627	2018-07-23 00:00:00 UTC	PRJNA482158	37	70	public	238265.0
SRR7548628	RAD-Seq	public	SRX4414900	Illumina HiSeq 2000	ILLUMINA	SRS3568201	SAMN09698984	Clarkia pulchella	SRP154627	2018-07-23 00:00:00 UTC	PRJNA482158	52	96	public	238265.0
SRR7548629	RAD-Seq	public	SRX4414899	Illumina HiSeq 2000	ILLUMINA	SRS3568200	SAMN09699076	Clarkia pulchella	SRP154627	2018-07-23 00:00:00 UTC	PRJNA482158	107	199	public	238265.0
SRR7548630	RAD-Seq	public	SRX4414898	Illumina HiSeq 2000	ILLUMINA	SRS3568197	SAMN09699077	Clarkia pulchella	SRP154627	2018-07-23 00:00:00 UTC	PRJNA482158	88	161	public	238265.0
SRR7548631	RAD-Seq	public	SRX4414897	Illumina HiSeq 2000	ILLUMINA	SRS3568195	SAMN09699078	Clarkia pulchella	SRP154627	2018-07-23 00:00:00 UTC	PRJNA482158	87	161	public	238265.0
SRR7548632	RAD-Seq	public	SRX4414896	Illumina HiSeq 2000	ILLUMINA	SRS3568194	SAMN09699079	Clarkia pulchella	SRP154627	2018-07-23 00:00:00 UTC	PRJNA482158	66	122	public	238265.0
SRR7548633	RAD-Seq	public	SRX4414895	Illumina HiSeq 2000	ILLUMINA	SRS3568192	SAMN09699080	Clarkia pulchella	SRP154627	2018-07-23 00:00:00 UTC	PRJNA482158	95	178	public	238265.0
SRR7548634	RAD-Seq	public	SRX4414894	Illumina HiSeq 2000	ILLUMINA	SRS3568196	SAMN09699081	Clarkia pulchella	SRP154627	2018-07-23 00:00:00 UTC	PRJNA482158	91	168	public	238265.0
SRR7548635	RAD-Seq	public	SRX4414893	Illumina HiSeq 2000	ILLUMINA	SRS3568191	SAMN09699082	Clarkia pulchella	SRP154627	2018-07-23 00:00:00 UTC	PRJNA482158	90	166	public	238265.0
SRR7548636	RAD-Seq	public	SRX4414892	Illumina HiSeq 2000	ILLUMINA	SRS3568189	SAMN09698815	Clarkia pulchella	SRP154627	2018-07-23 00:00:00 UTC	PRJNA482158	60	112	public	238265.0
SRR7548637	RAD-Seq	public	SRX4414891	Illumina HiSeq 2000	ILLUMINA	SRS3568188	SAMN09698816	Clarkia pulchella	SRP154627	2018-07-23 00:00:00 UTC	PRJNA482158	61	114	public	238265.0
SRR7548638	RAD-Seq	public	SRX4414890	Illumina HiSeq 2000	ILLUMINA	SRS3568187	SAMN09699004	Clarkia pulchella	SRP154627	2018-07-23 00:00:00 UTC	PRJNA482158	60	113	public	238265.0
SRR7548639	RAD-Seq	public	SRX4414889	Illumina HiSeq 2000	ILLUMINA	SRS3568186	SAMN09699003	Clarkia pulchella	SRP154627	2018-07-23 00:00:00 UTC	PRJNA482158	68	123	public	238265.0
SRR7548640	RAD-Seq	public	SRX4414888	Illumina HiSeq 2000	ILLUMINA	SRS3568185	SAMN09698819	Clarkia pulchella	SRP154627	2018-07-23 00:00:00 UTC	PRJNA482158	60	112	public	238265.0
SRR7548641	RAD-Seq	public	SRX4414887	Illumina HiSeq 2000	ILLUMINA	SRS3568182	SAMN09698820	Clarkia pulchella	SRP154627	2018-07-23 00:00:00 UTC	PRJNA482158	70	130	public	238265.0
SRR7548642	RAD-Seq	public	SRX4414886	Illumina HiSeq 2000	ILLUMINA	SRS3568181	SAMN09698821	Clarkia pulchella	SRP154627	2018-07-23 00:00:00 UTC	PRJNA482158	71	134	public	238265.0
SRR7548643	RAD-Seq	public	SRX4414885	Illumina HiSeq 2000	ILLUMINA	SRS3568178	SAMN09698822	Clarkia pulchella	SRP154627	2018-07-23 00:00:00 UTC	PRJNA482158	65	120	public	238265.0
SRR7548644	RAD-Seq	public	SRX4414884	Illumina HiSeq 2000	ILLUMINA	SRS3568177	SAMN09698823	Clarkia pulchella	SRP154627	2018-07-23 00:00:00 UTC	PRJNA482158	113	209	public	238265.0
SRR7548645	RAD-Seq	public	SRX4414883	Illumina HiSeq 2000	ILLUMINA	SRS3568176	SAMN09698824	Clarkia pulchella	SRP154627	2018-07-23 00:00:00 UTC	PRJNA482158	92	170	public	238265.0
SRR7548646	RAD-Seq	public	SRX4414882	Illumina HiSeq 2000	ILLUMINA	SRS3568175	SAMN09698996	Clarkia pulchella	SRP154627	2018-07-23 00:00:00 UTC	PRJNA482158	75	142	public	238265.0
SRR7548647	RAD-Seq	public	SRX4414881	Illumina HiSeq 2000	ILLUMINA	SRS3568174	SAMN09698995	Clarkia pulchella	SRP154627	2018-07-23 00:00:00 UTC	PRJNA482158	85	156	public	238265.0
SRR7548648	RAD-Seq	public	SRX4414880	Illumina HiSeq 2000	ILLUMINA	SRS3568173	SAMN09699002	Clarkia pulchella	SRP154627	2018-07-23 00:00:00 UTC	PRJNA482158	52	95	public	238265.0
SRR7548649	RAD-Seq	public	SRX4414879	Illumina HiSeq 2000	ILLUMINA	SRS3568172	SAMN09699001	Clarkia pulchella	SRP154627	2018-07-23 00:00:00 UTC	PRJNA482158	73	136	public	238265.0
SRR7548650	RAD-Seq	public	SRX4414878	Illumina HiSeq 2000	ILLUMINA	SRS3568171	SAMN09699000	Clarkia pulchella	SRP154627	2018-07-23 00:00:00 UTC	PRJNA482158	54	100	public	238265.0
SRR7548651	RAD-Seq	public	SRX4414877	Illumina HiSeq 2000	ILLUMINA	SRS3568170	SAMN09698999	Clarkia pulchella	SRP154627	2018-07-23 00:00:00 UTC	PRJNA482158	68	128	public	238265.0
SRR7548652	RAD-Seq	public	SRX4414876	Illumina HiSeq 2000	ILLUMINA	SRS3568169	SAMN09698795	Clarkia pulchella	SRP154627	2018-07-23 00:00:00 UTC	PRJNA482158	66	122	public	238265.0
SRR7548653	RAD-Seq	public	SRX4414875	Illumina HiSeq 2000	ILLUMINA	SRS3568168	SAMN09698796	Clarkia pulchella	SRP154627	2018-07-23 00:00:00 UTC	PRJNA482158	70	131	public	238265.0
SRR7548654	RAD-Seq	public	SRX4414874	Illumina HiSeq 2000	ILLUMINA	SRS3568222	SAMN09698797	Clarkia pulchella	SRP154627	2018-07-23 00:00:00 UTC	PRJNA482158	56	104	public	238265.0
SRR7548655	RAD-Seq	public	SRX4414873	Illumina HiSeq 2000	ILLUMINA	SRS3568208	SAMN09698798	Clarkia pulchella	SRP154627	2018-07-23 00:00:00 UTC	PRJNA482158	68	128	public	238265.0
SRR7548656	RAD-Seq	public	SRX4414872	Illumina HiSeq 2000	ILLUMINA	SRS3568164	SAMN09698799	Clarkia pulchella	SRP154627	2018-07-23 00:00:00 UTC	PRJNA482158	62	115	public	238265.0
SRR7548657	RAD-Seq	public	SRX4414871	Illumina HiSeq 2000	ILLUMINA	SRS3568235	SAMN09698800	Clarkia pulchella	SRP154627	2018-07-23 00:00:00 UTC	PRJNA482158	98	185	public	238265.0
SRR7548658	RAD-Seq	public	SRX4414870	Illumina HiSeq 2000	ILLUMINA	SRS3568219	SAMN09698801	Clarkia pulchella	SRP154627	2018-07-23 00:00:00 UTC	PRJNA482158	97	183	public	238265.0
SRR7548659	RAD-Seq	public	SRX4414869	Illumina HiSeq 2000	ILLUMINA	SRS3568183	SAMN09698802	Clarkia pulchella	SRP154627	2018-07-23 00:00:00 UTC	PRJNA482158	91	170	public	238265.0
SRR7548660	RAD-Seq	public	SRX4414868	Illumina HiSeq 2000	ILLUMINA	SRS3568193	SAMN09698803	Clarkia pulchella	SRP154627	2018-07-23 00:00:00 UTC	PRJNA482158	56	106	public	238265.0
SRR7548661	RAD-Seq	public	SRX4414867	Illumina HiSeq 2000	ILLUMINA	SRS3568160	SAMN09698804	Clarkia pulchella	SRP154627	2018-07-23 00:00:00 UTC	PRJNA482158	92	173	public	238265.0
SRR7548662	RAD-Seq	public	SRX4414866	Illumina HiSeq 2000	ILLUMINA	SRS3568167	SAMN09699014	Clarkia pulchella	SRP154627	2018-07-23 00:00:00 UTC	PRJNA482158	75	139	public	238265.0
SRR7548663	RAD-Seq	public	SRX4414865	Illumina HiSeq 2000	ILLUMINA	SRS3568205	SAMN09699028	Clarkia pulchella	SRP154627	2018-07-23 00:00:00 UTC	PRJNA482158	63	118	public	238265.0
SRR7548664	RAD-Seq	public	SRX4414864	Illumina HiSeq 2000	ILLUMINA	SRS3568163	SAMN09699027	Clarkia pulchella	SRP154627	2018-07-23 00:00:00 UTC	PRJNA482158	84	156	public	238265.0
SRR7548665	RAD-Seq	public	SRX4414863	Illumina HiSeq 2000	ILLUMINA	SRS3568165	SAMN09699026	Clarkia pulchella	SRP154627	2018-07-23 00:00:00 UTC	PRJNA482158	88	165	public	238265.0
SRR7548666	RAD-Seq	public	SRX4414862	Illumina HiSeq 2000	ILLUMINA	SRS3568154	SAMN09699025	Clarkia pulchella	SRP154627	2018-07-23 00:00:00 UTC	PRJNA482158	77	145	public	238265.0
SRR7548667	RAD-Seq	public	SRX4414861	Illumina HiSeq 2000	ILLUMINA	SRS3568155	SAMN09699032	Clarkia pulchella	SRP154627	2018-07-23 00:00:00 UTC	PRJNA482158	56	104	public	238265.0
SRR7548668	RAD-Seq	public	SRX4414860	Illumina HiSeq 2000	ILLUMINA	SRS3568152	SAMN09699031	Clarkia pulchella	SRP154627	2018-07-23 00:00:00 UTC	PRJNA482158	64	117	public	238265.0
SRR7548669	RAD-Seq	public	SRX4414859	Illumina HiSeq 2000	ILLUMINA	SRS3568153	SAMN09699030	Clarkia pulchella	SRP154627	2018-07-23 00:00:00 UTC	PRJNA482158	64	118	public	238265.0
SRR7548670	RAD-Seq	public	SRX4414858	Illumina HiSeq 2000	ILLUMINA	SRS3568150	SAMN09699029	Clarkia pulchella	SRP154627	2018-07-23 00:00:00 UTC	PRJNA482158	68	127	public	238265.0
SRR7548671	RAD-Seq	public	SRX4414857	Illumina HiSeq 2000	ILLUMINA	SRS3568158	SAMN09699034	Clarkia pulchella	SRP154627	2018-07-23 00:00:00 UTC	PRJNA482158	54	100	public	238265.0
SRR7548672	RAD-Seq	public	SRX4414856	Illumina HiSeq 2000	ILLUMINA	SRS3568254	SAMN09699033	Clarkia pulchella	SRP154627	2018-07-23 00:00:00 UTC	PRJNA482158	82	153	public	238265.0
SRR7548673	RAD-Seq	public	SRX4414855	Illumina HiSeq 2000	ILLUMINA	SRS3568146	SAMN09698730	Clarkia pulchella	SRP154627	2018-07-23 00:00:00 UTC	PRJNA482158	76	143	public	238265.0
SRR7548674	RAD-Seq	public	SRX4414854	Illumina HiSeq 2000	ILLUMINA	SRS3568198	SAMN09698729	Clarkia pulchella	SRP154627	2018-07-30 00:00:00 UTC	PRJNA482158	112	212	public	238265.0
SRR7548675	RAD-Seq	public	SRX4414853	Illumina HiSeq 2000	ILLUMINA	SRS3568144	SAMN09698732	Clarkia pulchella	SRP154627	2018-07-23 00:00:00 UTC	PRJNA482158	87	164	public	238265.0
SRR7548676	RAD-Seq	public	SRX4414852	Illumina HiSeq 2000	ILLUMINA	SRS3568159	SAMN09698731	Clarkia pulchella	SRP154627	2018-07-23 00:00:00 UTC	PRJNA482158	70	130	public	238265.0
SRR7548677	RAD-Seq	public	SRX4414851	Illumina HiSeq 2000	ILLUMINA	SRS3568143	SAMN09698726	Clarkia pulchella	SRP154627	2018-07-23 00:00:00 UTC	PRJNA482158	97	184	public	238265.0
SRR7548678	RAD-Seq	public	SRX4414850	Illumina HiSeq 2000	ILLUMINA	SRS3568246	SAMN09698725	Clarkia pulchella	SRP154627	2018-07-23 00:00:00 UTC	PRJNA482158	82	155	public	238265.0
SRR7548679	RAD-Seq	public	SRX4414849	Illumina HiSeq 2000	ILLUMINA	SRS3568166	SAMN09698728	Clarkia pulchella	SRP154627	2018-07-23 00:00:00 UTC	PRJNA482158	104	197	public	238265.0
SRR7548680	RAD-Seq	public	SRX4414848	Illumina HiSeq 2000	ILLUMINA	SRS3568140	SAMN09698727	Clarkia pulchella	SRP154627	2018-07-23 00:00:00 UTC	PRJNA482158	57	105	public	238265.0
SRR7548681	RAD-Seq	public	SRX4414847	Illumina HiSeq 2000	ILLUMINA	SRS3568149	SAMN09698734	Clarkia pulchella	SRP154627	2018-07-23 00:00:00 UTC	PRJNA482158	69	129	public	238265.0
SRR7548682	RAD-Seq	public	SRX4414846	Illumina HiSeq 2000	ILLUMINA	SRS3568148	SAMN09698733	Clarkia pulchella	SRP154627	2018-07-23 00:00:00 UTC	PRJNA482158	69	129	public	238265.0
SRR7548683	RAD-Seq	public	SRX4414845	Illumina HiSeq 2000	ILLUMINA	SRS3568138	SAMN09698953	Clarkia pulchella	SRP154627	2018-07-23 00:00:00 UTC	PRJNA482158	43	80	public	238265.0
SRR7548684	RAD-Seq	public	SRX4414844	Illumina HiSeq 2000	ILLUMINA	SRS3568179	SAMN09698954	Clarkia pulchella	SRP154627	2018-07-23 00:00:00 UTC	PRJNA482158	52	96	public	238265.0
SRR7548685	RAD-Seq	public	SRX4414843	Illumina HiSeq 2000	ILLUMINA	SRS3568374	SAMN09698945	Clarkia pulchella	SRP154627	2018-07-23 00:00:00 UTC	PRJNA482158	73	138	public	238265.0
SRR7548686	RAD-Seq	public	SRX4414842	Illumina HiSeq 2000	ILLUMINA	SRS3568190	SAMN09698946	Clarkia pulchella	SRP154627	2018-07-23 00:00:00 UTC	PRJNA482158	56	104	public	238265.0
SRR7548687	RAD-Seq	public	SRX4414841	Illumina HiSeq 2000	ILLUMINA	SRS3568156	SAMN09698947	Clarkia pulchella	SRP154627	2018-07-23 00:00:00 UTC	PRJNA482158	61	115	public	238265.0
SRR7548688	RAD-Seq	public	SRX4414840	Illumina HiSeq 2000	ILLUMINA	SRS3568132	SAMN09698948	Clarkia pulchella	SRP154627	2018-07-23 00:00:00 UTC	PRJNA482158	61	112	public	238265.0
SRR7548689	RAD-Seq	public	SRX4414839	Illumina HiSeq 2000	ILLUMINA	SRS3568184	SAMN09698949	Clarkia pulchella	SRP154627	2018-07-23 00:00:00 UTC	PRJNA482158	58	107	public	238265.0
SRR7548690	RAD-Seq	public	SRX4414838	Illumina HiSeq 2000	ILLUMINA	SRS3568129	SAMN09698950	Clarkia pulchella	SRP154627	2018-07-23 00:00:00 UTC	PRJNA482158	74	139	public	238265.0
SRR7548691	RAD-Seq	public	SRX4414837	Illumina HiSeq 2000	ILLUMINA	SRS3568180	SAMN09698951	Clarkia pulchella	SRP154627	2018-07-23 00:00:00 UTC	PRJNA482158	71	132	public	238265.0
SRR7548692	RAD-Seq	public	SRX4414836	Illumina HiSeq 2000	ILLUMINA	SRS3568139	SAMN09698952	Clarkia pulchella	SRP154627	2018-07-23 00:00:00 UTC	PRJNA482158	63	117	public	238265.0
SRR7548693	RAD-Seq	public	SRX4414835	Illumina HiSeq 2000	ILLUMINA	SRS3568127	SAMN09698854	Clarkia pulchella	SRP154627	2018-07-23 00:00:00 UTC	PRJNA482158	66	123	public	238265.0
SRR7548694	RAD-Seq	public	SRX4414834	Illumina HiSeq 2000	ILLUMINA	SRS3568135	SAMN09698853	Clarkia pulchella	SRP154627	2018-07-23 00:00:00 UTC	PRJNA482158	127	240	public	238265.0
SRR7548695	RAD-Seq	public	SRX4414833	Illumina HiSeq 2000	ILLUMINA	SRS3568137	SAMN09698848	Clarkia pulchella	SRP154627	2018-07-23 00:00:00 UTC	PRJNA482158	91	171	public	238265.0
SRR7548696	RAD-Seq	public	SRX4414832	Illumina HiSeq 2000	ILLUMINA	SRS3568142	SAMN09698847	Clarkia pulchella	SRP154627	2018-07-23 00:00:00 UTC	PRJNA482158	0	0	public	238265.0
SRR7548697	RAD-Seq	public	SRX4414831	Illumina HiSeq 2000	ILLUMINA	SRS3568124	SAMN09698846	Clarkia pulchella	SRP154627	2018-07-23 00:00:00 UTC	PRJNA482158	71	130	public	238265.0
SRR7548698	RAD-Seq	public	SRX4414830	Illumina HiSeq 2000	ILLUMINA	SRS3568131	SAMN09698845	Clarkia pulchella	SRP154627	2018-07-23 00:00:00 UTC	PRJNA482158	82	154	public	238265.0
SRR7548699	RAD-Seq	public	SRX4414829	Illumina HiSeq 2000	ILLUMINA	SRS3568157	SAMN09698852	Clarkia pulchella	SRP154627	2018-07-23 00:00:00 UTC	PRJNA482158	50	93	public	238265.0
SRR7548700	RAD-Seq	public	SRX4414828	Illumina HiSeq 2000	ILLUMINA	SRS3568121	SAMN09698851	Clarkia pulchella	SRP154627	2018-07-23 00:00:00 UTC	PRJNA482158	62	116	public	238265.0
SRR7548701	RAD-Seq	public	SRX4414827	Illumina HiSeq 2000	ILLUMINA	SRS3568162	SAMN09698850	Clarkia pulchella	SRP154627	2018-07-23 00:00:00 UTC	PRJNA482158	105	197	public	238265.0
SRR7548702	RAD-Seq	public	SRX4414826	Illumina HiSeq 2000	ILLUMINA	SRS3568133	SAMN09698849	Clarkia pulchella	SRP154627	2018-07-23 00:00:00 UTC	PRJNA482158	67	124	public	238265.0
SRR7548703	RAD-Seq	public	SRX4414825	Illumina HiSeq 2000	ILLUMINA	SRS3568120	SAMN09698866	Clarkia pulchella	SRP154627	2018-07-23 00:00:00 UTC	PRJNA482158	80	150	public	238265.0
SRR7548704	RAD-Seq	public	SRX4414824	Illumina HiSeq 2000	ILLUMINA	SRS3568119	SAMN09698994	Clarkia pulchella	SRP154627	2018-07-23 00:00:00 UTC	PRJNA482158	48	89	public	238265.0
SRR7548705	RAD-Seq	public	SRX4414823	Illumina HiSeq 2000	ILLUMINA	SRS3568116	SAMN09698985	Clarkia pulchella	SRP154627	2018-07-23 00:00:00 UTC	PRJNA482158	25	47	public	238265.0
SRR7548706	RAD-Seq	public	SRX4414822	Illumina HiSeq 2000	ILLUMINA	SRS3568114	SAMN09698873	Clarkia pulchella	SRP154627	2018-07-23 00:00:00 UTC	PRJNA482158	59	110	public	238265.0
SRR7548707	RAD-Seq	public	SRX4414821	Illumina HiSeq 2000	ILLUMINA	SRS3568141	SAMN09698713	Clarkia pulchella	SRP154627	2018-07-23 00:00:00 UTC	PRJNA482158	110	207	public	238265.0
SRR7548708	RAD-Seq	public	SRX4414820	Illumina HiSeq 2000	ILLUMINA	SRS3568134	SAMN09698714	Clarkia pulchella	SRP154627	2018-07-23 00:00:00 UTC	PRJNA482158	129	244	public	238265.0
SRR7548709	RAD-Seq	public	SRX4414819	Illumina HiSeq 2000	ILLUMINA	SRS3568125	SAMN09698709	Clarkia pulchella	SRP154627	2018-07-23 00:00:00 UTC	PRJNA482158	125	237	public	238265.0
SRR7548710	RAD-Seq	public	SRX4414818	Illumina HiSeq 2000	ILLUMINA	SRS3568110	SAMN09698710	Clarkia pulchella	SRP154627	2018-07-23 00:00:00 UTC	PRJNA482158	148	281	public	238265.0
SRR7548711	RAD-Seq	public	SRX4414817	Illumina HiSeq 2000	ILLUMINA	SRS3568109	SAMN09698711	Clarkia pulchella	SRP154627	2018-07-23 00:00:00 UTC	PRJNA482158	61	114	public	238265.0
SRR7548712	RAD-Seq	public	SRX4414816	Illumina HiSeq 2000	ILLUMINA	SRS3568115	SAMN09698712	Clarkia pulchella	SRP154627	2018-07-23 00:00:00 UTC	PRJNA482158	83	158	public	238265.0
SRR7548713	RAD-Seq	public	SRX4414815	Illumina HiSeq 2000	ILLUMINA	SRS3568106	SAMN09698705	Clarkia pulchella	SRP154627	2018-07-23 00:00:00 UTC	PRJNA482158	105	198	public	238265.0
SRR7548714	RAD-Seq	public	SRX4414814	Illumina HiSeq 2000	ILLUMINA	SRS3568130	SAMN09698706	Clarkia pulchella	SRP154627	2018-07-23 00:00:00 UTC	PRJNA482158	106	200	public	238265.0
SRR7548715	RAD-Seq	public	SRX4414813	Illumina HiSeq 2000	ILLUMINA	SRS3568118	SAMN09698707	Clarkia pulchella	SRP154627	2018-07-23 00:00:00 UTC	PRJNA482158	65	122	public	238265.0
SRR7548716	RAD-Seq	public	SRX4414812	Illumina HiSeq 2000	ILLUMINA	SRS3568105	SAMN09698708	Clarkia pulchella	SRP154627	2018-07-23 00:00:00 UTC	PRJNA482158	88	166	public	238265.0
SRR7548717	RAD-Seq	public	SRX4414811	Illumina HiSeq 2000	ILLUMINA	SRS3568103	SAMN09698998	Clarkia pulchella	SRP154627	2018-07-23 00:00:00 UTC	PRJNA482158	50	92	public	238265.0
SRR7548718	RAD-Seq	public	SRX4414810	Illumina HiSeq 2000	ILLUMINA	SRS3568122	SAMN09698774	Clarkia pulchella	SRP154627	2018-07-23 00:00:00 UTC	PRJNA482158	117	221	public	238265.0
SRR7548719	RAD-Seq	public	SRX4414809	Illumina HiSeq 2000	ILLUMINA	SRS3568104	SAMN09698773	Clarkia pulchella	SRP154627	2018-07-23 00:00:00 UTC	PRJNA482158	68	126	public	238265.0
SRR7548720	RAD-Seq	public	SRX4414808	Illumina HiSeq 2000	ILLUMINA	SRS3568112	SAMN09698766	Clarkia pulchella	SRP154627	2018-07-23 00:00:00 UTC	PRJNA482158	92	172	public	238265.0
SRR7548721	RAD-Seq	public	SRX4414807	Illumina HiSeq 2000	ILLUMINA	SRS3568113	SAMN09698765	Clarkia pulchella	SRP154627	2018-07-23 00:00:00 UTC	PRJNA482158	71	133	public	238265.0
SRR7548722	RAD-Seq	public	SRX4414806	Illumina HiSeq 2000	ILLUMINA	SRS3568145	SAMN09698768	Clarkia pulchella	SRP154627	2018-07-23 00:00:00 UTC	PRJNA482158	49	90	public	238265.0
SRR7548723	RAD-Seq	public	SRX4414805	Illumina HiSeq 2000	ILLUMINA	SRS3568099	SAMN09698767	Clarkia pulchella	SRP154627	2018-07-23 00:00:00 UTC	PRJNA482158	116	216	public	238265.0
SRR7548724	RAD-Seq	public	SRX4414804	Illumina HiSeq 2000	ILLUMINA	SRS3568151	SAMN09698770	Clarkia pulchella	SRP154627	2018-07-23 00:00:00 UTC	PRJNA482158	60	111	public	238265.0
SRR7548725	RAD-Seq	public	SRX4414803	Illumina HiSeq 2000	ILLUMINA	SRS3568108	SAMN09698769	Clarkia pulchella	SRP154627	2018-07-23 00:00:00 UTC	PRJNA482158	72	133	public	238265.0
SRR7548726	RAD-Seq	public	SRX4414802	Illumina HiSeq 2000	ILLUMINA	SRS3568096	SAMN09698772	Clarkia pulchella	SRP154627	2018-07-23 00:00:00 UTC	PRJNA482158	103	194	public	238265.0
SRR7548727	RAD-Seq	public	SRX4414801	Illumina HiSeq 2000	ILLUMINA	SRS3568100	SAMN09698771	Clarkia pulchella	SRP154627	2018-07-23 00:00:00 UTC	PRJNA482158	83	155	public	238265.0
SRR7548728	RAD-Seq	public	SRX4414800	Illumina HiSeq 2000	ILLUMINA	SRS3568094	SAMN09698997	Clarkia pulchella	SRP154627	2018-07-23 00:00:00 UTC	PRJNA482158	47	87	public	238265.0
SRR7548729	RAD-Seq	public	SRX4414799	Illumina HiSeq 2000	ILLUMINA	SRS3568128	SAMN09698918	Clarkia pulchella	SRP154627	2018-07-23 00:00:00 UTC	PRJNA482158	56	105	public	238265.0
SRR7548730	RAD-Seq	public	SRX4414798	Illumina HiSeq 2000	ILLUMINA	SRS3568136	SAMN09698917	Clarkia pulchella	SRP154627	2018-07-23 00:00:00 UTC	PRJNA482158	69	128	public	238265.0
SRR7548731	RAD-Seq	public	SRX4414797	Illumina HiSeq 2000	ILLUMINA	SRS3568091	SAMN09698916	Clarkia pulchella	SRP154627	2018-07-23 00:00:00 UTC	PRJNA482158	85	158	public	238265.0
SRR7548732	RAD-Seq	public	SRX4414796	Illumina HiSeq 2000	ILLUMINA	SRS3568090	SAMN09698915	Clarkia pulchella	SRP154627	2018-07-23 00:00:00 UTC	PRJNA482158	84	157	public	238265.0
SRR7548733	RAD-Seq	public	SRX4414795	Illumina HiSeq 2000	ILLUMINA	SRS3568098	SAMN09698922	Clarkia pulchella	SRP154627	2018-07-23 00:00:00 UTC	PRJNA482158	74	139	public	238265.0
SRR7548734	RAD-Seq	public	SRX4414794	Illumina HiSeq 2000	ILLUMINA	SRS3568147	SAMN09698921	Clarkia pulchella	SRP154627	2018-07-23 00:00:00 UTC	PRJNA482158	76	143	public	238265.0
SRR7548735	RAD-Seq	public	SRX4414793	Illumina HiSeq 2000	ILLUMINA	SRS3568126	SAMN09698920	Clarkia pulchella	SRP154627	2018-07-23 00:00:00 UTC	PRJNA482158	80	151	public	238265.0
SRR7548736	RAD-Seq	public	SRX4414792	Illumina HiSeq 2000	ILLUMINA	SRS3568097	SAMN09698919	Clarkia pulchella	SRP154627	2018-07-23 00:00:00 UTC	PRJNA482158	62	117	public	238265.0
SRR7548737	RAD-Seq	public	SRX4414791	Illumina HiSeq 2000	ILLUMINA	SRS3568089	SAMN09698924	Clarkia pulchella	SRP154627	2018-07-23 00:00:00 UTC	PRJNA482158	59	112	public	238265.0
SRR7548738	RAD-Seq	public	SRX4414790	Illumina HiSeq 2000	ILLUMINA	SRS3568088	SAMN09698923	Clarkia pulchella	SRP154627	2018-07-23 00:00:00 UTC	PRJNA482158	45	83	public	238265.0
SRR7548739	RAD-Seq	public	SRX4414789	Illumina HiSeq 2000	ILLUMINA	SRS3568086	SAMN09699072	Clarkia pulchella	SRP154627	2018-07-23 00:00:00 UTC	PRJNA482158	84	156	public	238265.0
SRR7548740	RAD-Seq	public	SRX4414788	Illumina HiSeq 2000	ILLUMINA	SRS3568083	SAMN09699071	Clarkia pulchella	SRP154627	2018-07-23 00:00:00 UTC	PRJNA482158	75	140	public	238265.0
SRR7548741	RAD-Seq	public	SRX4414787	Illumina HiSeq 2000	ILLUMINA	SRS3568085	SAMN09699070	Clarkia pulchella	SRP154627	2018-07-23 00:00:00 UTC	PRJNA482158	55	102	public	238265.0
SRR7548742	RAD-Seq	public	SRX4414786	Illumina HiSeq 2000	ILLUMINA	SRS3568084	SAMN09699069	Clarkia pulchella	SRP154627	2018-07-23 00:00:00 UTC	PRJNA482158	93	172	public	238265.0
SRR7548743	RAD-Seq	public	SRX4414785	Illumina HiSeq 2000	ILLUMINA	SRS3568082	SAMN09699068	Clarkia pulchella	SRP154627	2018-07-23 00:00:00 UTC	PRJNA482158	56	103	public	238265.0
SRR7548744	RAD-Seq	public	SRX4414784	Illumina HiSeq 2000	ILLUMINA	SRS3568081	SAMN09699067	Clarkia pulchella	SRP154627	2018-07-23 00:00:00 UTC	PRJNA482158	69	129	public	238265.0
SRR7548745	RAD-Seq	public	SRX4414783	Illumina HiSeq 2000	ILLUMINA	SRS3568107	SAMN09699066	Clarkia pulchella	SRP154627	2018-07-23 00:00:00 UTC	PRJNA482158	86	162	public	238265.0
SRR7548746	RAD-Seq	public	SRX4414782	Illumina HiSeq 2000	ILLUMINA	SRS3568080	SAMN09699065	Clarkia pulchella	SRP154627	2018-07-23 00:00:00 UTC	PRJNA482158	92	167	public	238265.0
SRR7548747	RAD-Seq	public	SRX4414781	Illumina HiSeq 2000	ILLUMINA	SRS3568078	SAMN09699074	Clarkia pulchella	SRP154627	2018-07-23 00:00:00 UTC	PRJNA482158	60	111	public	238265.0
SRR7548748	RAD-Seq	public	SRX4414780	Illumina HiSeq 2000	ILLUMINA	SRS3568077	SAMN09699073	Clarkia pulchella	SRP154627	2018-07-23 00:00:00 UTC	PRJNA482158	67	124	public	238265.0
SRR7548749	RAD-Seq	public	SRX4414779	Illumina HiSeq 2000	ILLUMINA	SRS3568076	SAMN09698814	Clarkia pulchella	SRP154627	2018-07-23 00:00:00 UTC	PRJNA482158	58	109	public	238265.0
SRR7548750	RAD-Seq	public	SRX4414778	Illumina HiSeq 2000	ILLUMINA	SRS3568075	SAMN09698813	Clarkia pulchella	SRP154627	2018-07-23 00:00:00 UTC	PRJNA482158	62	115	public	238265.0
SRR7548751	RAD-Seq	public	SRX4414777	Illumina HiSeq 2000	ILLUMINA	SRS3568161	SAMN09698812	Clarkia pulchella	SRP154627	2018-07-23 00:00:00 UTC	PRJNA482158	85	160	public	238265.0
SRR7548752	RAD-Seq	public	SRX4414776	Illumina HiSeq 2000	ILLUMINA	SRS3568095	SAMN09698811	Clarkia pulchella	SRP154627	2018-07-23 00:00:00 UTC	PRJNA482158	93	175	public	238265.0
SRR7548753	RAD-Seq	public	SRX4414775	Illumina HiSeq 2000	ILLUMINA	SRS3568072	SAMN09698810	Clarkia pulchella	SRP154627	2018-07-23 00:00:00 UTC	PRJNA482158	110	207	public	238265.0
SRR7548754	RAD-Seq	public	SRX4414774	Illumina HiSeq 2000	ILLUMINA	SRS3568123	SAMN09698809	Clarkia pulchella	SRP154627	2018-07-23 00:00:00 UTC	PRJNA482158	101	191	public	238265.0
SRR7548755	RAD-Seq	public	SRX4414773	Illumina HiSeq 2000	ILLUMINA	SRS3568092	SAMN09698808	Clarkia pulchella	SRP154627	2018-07-23 00:00:00 UTC	PRJNA482158	101	182	public	238265.0
SRR7548756	RAD-Seq	public	SRX4414772	Illumina HiSeq 2000	ILLUMINA	SRS3568093	SAMN09698807	Clarkia pulchella	SRP154627	2018-07-23 00:00:00 UTC	PRJNA482158	92	166	public	238265.0
SRR7548757	RAD-Seq	public	SRX4414771	Illumina HiSeq 2000	ILLUMINA	SRS3568070	SAMN09698806	Clarkia pulchella	SRP154627	2018-07-23 00:00:00 UTC	PRJNA482158	82	154	public	238265.0
SRR7548758	RAD-Seq	public	SRX4414770	Illumina HiSeq 2000	ILLUMINA	SRS3568069	SAMN09698805	Clarkia pulchella	SRP154627	2018-07-23 00:00:00 UTC	PRJNA482158	141	266	public	238265.0
SRR7548759	RAD-Seq	public	SRX4414769	Illumina HiSeq 2000	ILLUMINA	SRS3568111	SAMN09698903	Clarkia pulchella	SRP154627	2018-07-23 00:00:00 UTC	PRJNA482158	83	154	public	238265.0
SRR7548760	RAD-Seq	public	SRX4414768	Illumina HiSeq 2000	ILLUMINA	SRS3568065	SAMN09698904	Clarkia pulchella	SRP154627	2018-07-23 00:00:00 UTC	PRJNA482158	51	97	public	238265.0
SRR7548761	RAD-Seq	public	SRX4414767	Illumina HiSeq 2000	ILLUMINA	SRS3568102	SAMN09698895	Clarkia pulchella	SRP154627	2018-07-23 00:00:00 UTC	PRJNA482158	68	126	public	238265.0
SRR7548762	RAD-Seq	public	SRX4414766	Illumina HiSeq 2000	ILLUMINA	SRS3568064	SAMN09698896	Clarkia pulchella	SRP154627	2018-07-23 00:00:00 UTC	PRJNA482158	75	142	public	238265.0
SRR7548763	RAD-Seq	public	SRX4414765	Illumina HiSeq 2000	ILLUMINA	SRS3568063	SAMN09698897	Clarkia pulchella	SRP154627	2018-07-23 00:00:00 UTC	PRJNA482158	64	118	public	238265.0
SRR7548764	RAD-Seq	public	SRX4414764	Illumina HiSeq 2000	ILLUMINA	SRS3568079	SAMN09698898	Clarkia pulchella	SRP154627	2018-07-30 00:00:00 UTC	PRJNA482158	63	118	public	238265.0
SRR7548765	RAD-Seq	public	SRX4414763	Illumina HiSeq 2000	ILLUMINA	SRS3568060	SAMN09698899	Clarkia pulchella	SRP154627	2018-07-23 00:00:00 UTC	PRJNA482158	88	164	public	238265.0
SRR7548766	RAD-Seq	public	SRX4414762	Illumina HiSeq 2000	ILLUMINA	SRS3568059	SAMN09698900	Clarkia pulchella	SRP154627	2018-07-23 00:00:00 UTC	PRJNA482158	79	149	public	238265.0
SRR7548767	RAD-Seq	public	SRX4414761	Illumina HiSeq 2000	ILLUMINA	SRS3568074	SAMN09698901	Clarkia pulchella	SRP154627	2018-07-23 00:00:00 UTC	PRJNA482158	69	129	public	238265.0
SRR7548768	RAD-Seq	public	SRX4414760	Illumina HiSeq 2000	ILLUMINA	SRS3568057	SAMN09698902	Clarkia pulchella	SRP154627	2018-07-23 00:00:00 UTC	PRJNA482158	64	119	public	238265.0
SRR7548769	RAD-Seq	public	SRX4414759	Illumina HiSeq 2000	ILLUMINA	SRS3568087	SAMN09698886	Clarkia pulchella	SRP154627	2018-07-23 00:00:00 UTC	PRJNA482158	57	105	public	238265.0
SRR7548770	RAD-Seq	public	SRX4414758	Illumina HiSeq 2000	ILLUMINA	SRS3568055	SAMN09698885	Clarkia pulchella	SRP154627	2018-07-23 00:00:00 UTC	PRJNA482158	148	275	public	238265.0
SRR7548771	RAD-Seq	public	SRX4414757	Illumina HiSeq 2000	ILLUMINA	SRS3568067	SAMN09698894	Clarkia pulchella	SRP154627	2018-07-23 00:00:00 UTC	PRJNA482158	50	92	public	238265.0
SRR7548772	RAD-Seq	public	SRX4414756	Illumina HiSeq 2000	ILLUMINA	SRS3568066	SAMN09698893	Clarkia pulchella	SRP154627	2018-07-23 00:00:00 UTC	PRJNA482158	101	188	public	238265.0
SRR7548773	RAD-Seq	public	SRX4414755	Illumina HiSeq 2000	ILLUMINA	SRS3568071	SAMN09698741	Clarkia pulchella	SRP154627	2018-07-23 00:00:00 UTC	PRJNA482158	67	126	public	238265.0
SRR7548774	RAD-Seq	public	SRX4414754	Illumina HiSeq 2000	ILLUMINA	SRS3568101	SAMN09698742	Clarkia pulchella	SRP154627	2018-07-23 00:00:00 UTC	PRJNA482158	87	161	public	238265.0
SRR7548775	RAD-Seq	public	SRX4414753	Illumina HiSeq 2000	ILLUMINA	SRS3568061	SAMN09698739	Clarkia pulchella	SRP154627	2018-07-23 00:00:00 UTC	PRJNA482158	92	174	public	238265.0
SRR7548776	RAD-Seq	public	SRX4414752	Illumina HiSeq 2000	ILLUMINA	SRS3568058	SAMN09698740	Clarkia pulchella	SRP154627	2018-07-23 00:00:00 UTC	PRJNA482158	96	180	public	238265.0
SRR7548777	RAD-Seq	public	SRX4414751	Illumina HiSeq 2000	ILLUMINA	SRS3568052	SAMN09698737	Clarkia pulchella	SRP154627	2018-07-23 00:00:00 UTC	PRJNA482158	54	102	public	238265.0
SRR7548778	RAD-Seq	public	SRX4414750	Illumina HiSeq 2000	ILLUMINA	SRS3568050	SAMN09698738	Clarkia pulchella	SRP154627	2018-07-23 00:00:00 UTC	PRJNA482158	67	127	public	238265.0
SRR7548779	RAD-Seq	public	SRX4414749	Illumina HiSeq 2000	ILLUMINA	SRS3568056	SAMN09698735	Clarkia pulchella	SRP154627	2018-07-23 00:00:00 UTC	PRJNA482158	83	156	public	238265.0
SRR7548780	RAD-Seq	public	SRX4414748	Illumina HiSeq 2000	ILLUMINA	SRS3568062	SAMN09698736	Clarkia pulchella	SRP154627	2018-07-23 00:00:00 UTC	PRJNA482158	57	107	public	238265.0
SRR7548781	RAD-Seq	public	SRX4414747	Illumina HiSeq 2000	ILLUMINA	SRS3568073	SAMN09698743	Clarkia pulchella	SRP154627	2018-07-23 00:00:00 UTC	PRJNA482158	65	121	public	238265.0
SRR7548782	RAD-Seq	public	SRX4414746	Illumina HiSeq 2000	ILLUMINA	SRS3568068	SAMN09698744	Clarkia pulchella	SRP154627	2018-07-23 00:00:00 UTC	PRJNA482158	101	188	public	238265.0
SRR7548783	RAD-Seq	public	SRX4414745	Illumina HiSeq 2000	ILLUMINA	SRS3568051	SAMN09699023	Clarkia pulchella	SRP154627	2018-07-23 00:00:00 UTC	PRJNA482158	72	134	public	238265.0
SRR7548784	RAD-Seq	public	SRX4414744	Illumina HiSeq 2000	ILLUMINA	SRS3568044	SAMN09699024	Clarkia pulchella	SRP154627	2018-07-23 00:00:00 UTC	PRJNA482158	87	164	public	238265.0
SRR7548785	RAD-Seq	public	SRX4414743	Illumina HiSeq 2000	ILLUMINA	SRS3568049	SAMN09699021	Clarkia pulchella	SRP154627	2018-07-23 00:00:00 UTC	PRJNA482158	97	182	public	238265.0
SRR7548786	RAD-Seq	public	SRX4414742	Illumina HiSeq 2000	ILLUMINA	SRS3568047	SAMN09699085	Clarkia pulchella	SRP154627	2018-07-23 00:00:00 UTC	PRJNA482158	113	210	public	238265.0
SRR7548787	RAD-Seq	public	SRX4414741	Illumina HiSeq 2000	ILLUMINA	SRS3568043	SAMN09699087	Clarkia pulchella	SRP154627	2018-07-23 00:00:00 UTC	PRJNA482158	142	267	public	238265.0
SRR7548788	RAD-Seq	public	SRX4414740	Illumina HiSeq 2000	ILLUMINA	SRS3568054	SAMN09698962	Clarkia pulchella	SRP154627	2018-07-23 00:00:00 UTC	PRJNA482158	93	175	public	238265.0
SRR7548789	RAD-Seq	public	SRX4414739	Illumina HiSeq 2000	ILLUMINA	SRS3568117	SAMN09698961	Clarkia pulchella	SRP154627	2018-07-23 00:00:00 UTC	PRJNA482158	93	173	public	238265.0
SRR7548790	RAD-Seq	public	SRX4414738	Illumina HiSeq 2000	ILLUMINA	SRS3568041	SAMN09698960	Clarkia pulchella	SRP154627	2018-07-23 00:00:00 UTC	PRJNA482158	35	64	public	238265.0
SRR7548791	RAD-Seq	public	SRX4414737	Illumina HiSeq 2000	ILLUMINA	SRS3568045	SAMN09698959	Clarkia pulchella	SRP154627	2018-07-23 00:00:00 UTC	PRJNA482158	55	101	public	238265.0
SRR7548792	RAD-Seq	public	SRX4414736	Illumina HiSeq 2000	ILLUMINA	SRS3568039	SAMN09698958	Clarkia pulchella	SRP154627	2018-07-23 00:00:00 UTC	PRJNA482158	72	133	public	238265.0
SRR7548793	RAD-Seq	public	SRX4414735	Illumina HiSeq 2000	ILLUMINA	SRS3568038	SAMN09698957	Clarkia pulchella	SRP154627	2018-07-23 00:00:00 UTC	PRJNA482158	96	180	public	238265.0
SRR7548794	RAD-Seq	public	SRX4414734	Illumina HiSeq 2000	ILLUMINA	SRS3568053	SAMN09698956	Clarkia pulchella	SRP154627	2018-07-23 00:00:00 UTC	PRJNA482158	39	73	public	238265.0
SRR7548795	RAD-Seq	public	SRX4414733	Illumina HiSeq 2000	ILLUMINA	SRS3568042	SAMN09698955	Clarkia pulchella	SRP154627	2018-07-23 00:00:00 UTC	PRJNA482158	66	122	public	238265.0
SRR7548796	RAD-Seq	public	SRX4414732	Illumina HiSeq 2000	ILLUMINA	SRS3568037	SAMN09699015	Clarkia pulchella	SRP154627	2018-07-23 00:00:00 UTC	PRJNA482158	53	99	public	238265.0
SRR7548797	RAD-Seq	public	SRX4414731	Illumina HiSeq 2000	ILLUMINA	SRS3568036	SAMN09699022	Clarkia pulchella	SRP154627	2018-07-23 00:00:00 UTC	PRJNA482158	75	140	public	238265.0
SRR7548798	RAD-Seq	public	SRX4414730	Illumina HiSeq 2000	ILLUMINA	SRS3568035	SAMN09699019	Clarkia pulchella	SRP154627	2018-07-23 00:00:00 UTC	PRJNA482158	65	122	public	238265.0
SRR7548799	RAD-Seq	public	SRX4414729	Illumina HiSeq 2000	ILLUMINA	SRS3568040	SAMN09699020	Clarkia pulchella	SRP154627	2018-07-23 00:00:00 UTC	PRJNA482158	80	151	public	238265.0
SRR7548800	RAD-Seq	public	SRX4414728	Illumina HiSeq 2000	ILLUMINA	SRS3568034	SAMN09699017	Clarkia pulchella	SRP154627	2018-07-23 00:00:00 UTC	PRJNA482158	72	133	public	238265.0
SRR7548801	RAD-Seq	public	SRX4414727	Illumina HiSeq 2000	ILLUMINA	SRS3568046	SAMN09699018	Clarkia pulchella	SRP154627	2018-07-23 00:00:00 UTC	PRJNA482158	64	120	public	238265.0
SRR7548802	RAD-Seq	public	SRX4414726	Illumina HiSeq 2000	ILLUMINA	SRS3568048	SAMN09698964	Clarkia pulchella	SRP154627	2018-07-23 00:00:00 UTC	PRJNA482158	53	97	public	238265.0
SRR7548803	RAD-Seq	public	SRX4414725	Illumina HiSeq 2000	ILLUMINA	SRS3568033	SAMN09698963	Clarkia pulchella	SRP154627	2018-07-23 00:00:00 UTC	PRJNA482158	80	151	public	238265.0
SRR7548804	RAD-Seq	public	SRX4415107	Illumina HiSeq 2000	ILLUMINA	SRS3568407	SAMN09698881	Clarkia pulchella	SRP154627	2018-07-23 00:00:00 UTC	PRJNA482158	65	121	public	238265.0
SRR7548805	RAD-Seq	public	SRX4415106	Illumina HiSeq 2000	ILLUMINA	SRS3568408	SAMN09698882	Clarkia pulchella	SRP154627	2018-07-23 00:00:00 UTC	PRJNA482158	0	0	public	238265.0
SRR7548806	RAD-Seq	public	SRX4415105	Illumina HiSeq 2000	ILLUMINA	SRS3568409	SAMN09698879	Clarkia pulchella	SRP154627	2018-07-23 00:00:00 UTC	PRJNA482158	58	109	public	238265.0
SRR7548807	RAD-Seq	public	SRX4415104	Illumina HiSeq 2000	ILLUMINA	SRS3568406	SAMN09698880	Clarkia pulchella	SRP154627	2018-07-23 00:00:00 UTC	PRJNA482158	0	0	public	238265.0
SRR7548808	RAD-Seq	public	SRX4415103	Illumina HiSeq 2000	ILLUMINA	SRS3568405	SAMN09698877	Clarkia pulchella	SRP154627	2018-07-23 00:00:00 UTC	PRJNA482158	93	174	public	238265.0
SRR7548809	RAD-Seq	public	SRX4415102	Illumina HiSeq 2000	ILLUMINA	SRS3568402	SAMN09698878	Clarkia pulchella	SRP154627	2018-07-23 00:00:00 UTC	PRJNA482158	99	186	public	238265.0
SRR7548810	RAD-Seq	public	SRX4415101	Illumina HiSeq 2000	ILLUMINA	SRS3568403	SAMN09698875	Clarkia pulchella	SRP154627	2018-07-23 00:00:00 UTC	PRJNA482158	57	105	public	238265.0
SRR7548811	RAD-Seq	public	SRX4415100	Illumina HiSeq 2000	ILLUMINA	SRS3568404	SAMN09698876	Clarkia pulchella	SRP154627	2018-07-23 00:00:00 UTC	PRJNA482158	87	164	public	238265.0
SRR7548812	RAD-Seq	public	SRX4415099	Illumina HiSeq 2000	ILLUMINA	SRS3568401	SAMN09698883	Clarkia pulchella	SRP154627	2018-07-23 00:00:00 UTC	PRJNA482158	0	0	public	238265.0
SRR7548813	RAD-Seq	public	SRX4415098	Illumina HiSeq 2000	ILLUMINA	SRS3568400	SAMN09698884	Clarkia pulchella	SRP154627	2018-07-23 00:00:00 UTC	PRJNA482158	80	150	public	238265.0
SRR7548814	RAD-Seq	public	SRX4415097	Illumina HiSeq 2000	ILLUMINA	SRS3568399	SAMN09698783	Clarkia pulchella	SRP154627	2018-07-23 00:00:00 UTC	PRJNA482158	77	145	public	238265.0
SRR7548815	RAD-Seq	public	SRX4415096	Illumina HiSeq 2000	ILLUMINA	SRS3568398	SAMN09698784	Clarkia pulchella	SRP154627	2018-07-23 00:00:00 UTC	PRJNA482158	81	151	public	238265.0
SRR7548816	RAD-Seq	public	SRX4415095	Illumina HiSeq 2000	ILLUMINA	SRS3568397	SAMN09698777	Clarkia pulchella	SRP154627	2018-07-23 00:00:00 UTC	PRJNA482158	68	127	public	238265.0
SRR7548817	RAD-Seq	public	SRX4415094	Illumina HiSeq 2000	ILLUMINA	SRS3568394	SAMN09698778	Clarkia pulchella	SRP154627	2018-07-23 00:00:00 UTC	PRJNA482158	73	137	public	238265.0
SRR7548818	RAD-Seq	public	SRX4415093	Illumina HiSeq 2000	ILLUMINA	SRS3568392	SAMN09698775	Clarkia pulchella	SRP154627	2018-07-23 00:00:00 UTC	PRJNA482158	46	86	public	238265.0
SRR7548819	RAD-Seq	public	SRX4415092	Illumina HiSeq 2000	ILLUMINA	SRS3568393	SAMN09698776	Clarkia pulchella	SRP154627	2018-07-23 00:00:00 UTC	PRJNA482158	90	169	public	238265.0
SRR7548820	RAD-Seq	public	SRX4415091	Illumina HiSeq 2000	ILLUMINA	SRS3568395	SAMN09698781	Clarkia pulchella	SRP154627	2018-07-23 00:00:00 UTC	PRJNA482158	73	133	public	238265.0
SRR7548821	RAD-Seq	public	SRX4415090	Illumina HiSeq 2000	ILLUMINA	SRS3568396	SAMN09698782	Clarkia pulchella	SRP154627	2018-07-23 00:00:00 UTC	PRJNA482158	51	91	public	238265.0
SRR7548822	RAD-Seq	public	SRX4415089	Illumina HiSeq 2000	ILLUMINA	SRS3568391	SAMN09698779	Clarkia pulchella	SRP154627	2018-07-23 00:00:00 UTC	PRJNA482158	64	116	public	238265.0
SRR7548823	RAD-Seq	public	SRX4415088	Illumina HiSeq 2000	ILLUMINA	SRS3568389	SAMN09698780	Clarkia pulchella	SRP154627	2018-07-23 00:00:00 UTC	PRJNA482158	76	137	public	238265.0
SRR7548824	RAD-Seq	public	SRX4415087	Illumina HiSeq 2000	ILLUMINA	SRS3568390	SAMN09699057	Clarkia pulchella	SRP154627	2018-07-23 00:00:00 UTC	PRJNA482158	50	92	public	238265.0
SRR7548825	RAD-Seq	public	SRX4415086	Illumina HiSeq 2000	ILLUMINA	SRS3568388	SAMN09699058	Clarkia pulchella	SRP154627	2018-07-23 00:00:00 UTC	PRJNA482158	42	78	public	238265.0
SRR7548826	RAD-Seq	public	SRX4415085	Illumina HiSeq 2000	ILLUMINA	SRS3568387	SAMN09699055	Clarkia pulchella	SRP154627	2018-07-23 00:00:00 UTC	PRJNA482158	92	171	public	238265.0
SRR7548827	RAD-Seq	public	SRX4415084	Illumina HiSeq 2000	ILLUMINA	SRS3568386	SAMN09699056	Clarkia pulchella	SRP154627	2018-07-23 00:00:00 UTC	PRJNA482158	88	163	public	238265.0
SRR7548828	RAD-Seq	public	SRX4415083	Illumina HiSeq 2000	ILLUMINA	SRS3568384	SAMN09699061	Clarkia pulchella	SRP154627	2018-07-23 00:00:00 UTC	PRJNA482158	65	120	public	238265.0
SRR7548829	RAD-Seq	public	SRX4415082	Illumina HiSeq 2000	ILLUMINA	SRS3568385	SAMN09699062	Clarkia pulchella	SRP154627	2018-07-23 00:00:00 UTC	PRJNA482158	79	147	public	238265.0
SRR7548830	RAD-Seq	public	SRX4415081	Illumina HiSeq 2000	ILLUMINA	SRS3568383	SAMN09699059	Clarkia pulchella	SRP154627	2018-07-23 00:00:00 UTC	PRJNA482158	64	119	public	238265.0
SRR7548831	RAD-Seq	public	SRX4415080	Illumina HiSeq 2000	ILLUMINA	SRS3568380	SAMN09699060	Clarkia pulchella	SRP154627	2018-07-23 00:00:00 UTC	PRJNA482158	49	91	public	238265.0
SRR7548832	RAD-Seq	public	SRX4415079	Illumina HiSeq 2000	ILLUMINA	SRS3568381	SAMN09699063	Clarkia pulchella	SRP154627	2018-07-23 00:00:00 UTC	PRJNA482158	84	158	public	238265.0
SRR7548833	RAD-Seq	public	SRX4415078	Illumina HiSeq 2000	ILLUMINA	SRS3568382	SAMN09699064	Clarkia pulchella	SRP154627	2018-07-23 00:00:00 UTC	PRJNA482158	108	204	public	238265.0
SRR7548834	RAD-Seq	public	SRX4415077	Illumina HiSeq 2000	ILLUMINA	SRS3568379	SAMN09698788	Clarkia pulchella	SRP154627	2018-07-23 00:00:00 UTC	PRJNA482158	75	141	public	238265.0
SRR7548835	RAD-Seq	public	SRX4415076	Illumina HiSeq 2000	ILLUMINA	SRS3568378	SAMN09698843	Clarkia pulchella	SRP154627	2018-07-23 00:00:00 UTC	PRJNA482158	59	109	public	238265.0
SRR7548836	RAD-Seq	public	SRX4415075	Illumina HiSeq 2000	ILLUMINA	SRS3568377	SAMN09698844	Clarkia pulchella	SRP154627	2018-07-23 00:00:00 UTC	PRJNA482158	0	0	public	238265.0
SRR7548837	RAD-Seq	public	SRX4415074	Illumina HiSeq 2000	ILLUMINA	SRS3568376	SAMN09698837	Clarkia pulchella	SRP154627	2018-07-23 00:00:00 UTC	PRJNA482158	78	145	public	238265.0
SRR7548838	RAD-Seq	public	SRX4415073	Illumina HiSeq 2000	ILLUMINA	SRS3568375	SAMN09698838	Clarkia pulchella	SRP154627	2018-07-23 00:00:00 UTC	PRJNA482158	108	200	public	238265.0
SRR7548839	RAD-Seq	public	SRX4415072	Illumina HiSeq 2000	ILLUMINA	SRS3568373	SAMN09698835	Clarkia pulchella	SRP154627	2018-07-23 00:00:00 UTC	PRJNA482158	88	165	public	238265.0
SRR7548840	RAD-Seq	public	SRX4415071	Illumina HiSeq 2000	ILLUMINA	SRS3568372	SAMN09698836	Clarkia pulchella	SRP154627	2018-07-23 00:00:00 UTC	PRJNA482158	104	195	public	238265.0
SRR7548841	RAD-Seq	public	SRX4415070	Illumina HiSeq 2000	ILLUMINA	SRS3568371	SAMN09698841	Clarkia pulchella	SRP154627	2018-07-23 00:00:00 UTC	PRJNA482158	65	121	public	238265.0
SRR7548842	RAD-Seq	public	SRX4415069	Illumina HiSeq 2000	ILLUMINA	SRS3568370	SAMN09698842	Clarkia pulchella	SRP154627	2018-07-23 00:00:00 UTC	PRJNA482158	72	135	public	238265.0
SRR7548843	RAD-Seq	public	SRX4415068	Illumina HiSeq 2000	ILLUMINA	SRS3568368	SAMN09698839	Clarkia pulchella	SRP154627	2018-07-23 00:00:00 UTC	PRJNA482158	66	122	public	238265.0
SRR7548844	RAD-Seq	public	SRX4415067	Illumina HiSeq 2000	ILLUMINA	SRS3568369	SAMN09698840	Clarkia pulchella	SRP154627	2018-07-23 00:00:00 UTC	PRJNA482158	55	102	public	238265.0
SRR7548845	RAD-Seq	public	SRX4415066	Illumina HiSeq 2000	ILLUMINA	SRS3568367	SAMN09698892	Clarkia pulchella	SRP154627	2018-07-23 00:00:00 UTC	PRJNA482158	60	112	public	238265.0
SRR7548846	RAD-Seq	public	SRX4415065	Illumina HiSeq 2000	ILLUMINA	SRS3568364	SAMN09698891	Clarkia pulchella	SRP154627	2018-07-23 00:00:00 UTC	PRJNA482158	41	75	public	238265.0
SRR7548847	RAD-Seq	public	SRX4415064	Illumina HiSeq 2000	ILLUMINA	SRS3568366	SAMN09698890	Clarkia pulchella	SRP154627	2018-07-23 00:00:00 UTC	PRJNA482158	62	116	public	238265.0
SRR7548848	RAD-Seq	public	SRX4415063	Illumina HiSeq 2000	ILLUMINA	SRS3568365	SAMN09698889	Clarkia pulchella	SRP154627	2018-07-23 00:00:00 UTC	PRJNA482158	42	78	public	238265.0
SRR7548849	RAD-Seq	public	SRX4415062	Illumina HiSeq 2000	ILLUMINA	SRS3568361	SAMN09698888	Clarkia pulchella	SRP154627	2018-07-23 00:00:00 UTC	PRJNA482158	66	121	public	238265.0
SRR7548850	RAD-Seq	public	SRX4415061	Illumina HiSeq 2000	ILLUMINA	SRS3568359	SAMN09698887	Clarkia pulchella	SRP154627	2018-07-23 00:00:00 UTC	PRJNA482158	54	101	public	238265.0
SRR7548851	RAD-Seq	public	SRX4415060	Illumina HiSeq 2000	ILLUMINA	SRS3568363	SAMN09698933	Clarkia pulchella	SRP154627	2018-07-23 00:00:00 UTC	PRJNA482158	89	166	public	238265.0
SRR7548852	RAD-Seq	public	SRX4415059	Illumina HiSeq 2000	ILLUMINA	SRS3568362	SAMN09698934	Clarkia pulchella	SRP154627	2018-07-23 00:00:00 UTC	PRJNA482158	77	144	public	238265.0
SRR7548853	RAD-Seq	public	SRX4415058	Illumina HiSeq 2000	ILLUMINA	SRS3568360	SAMN09698931	Clarkia pulchella	SRP154627	2018-07-23 00:00:00 UTC	PRJNA482158	51	95	public	238265.0
SRR7548854	RAD-Seq	public	SRX4415057	Illumina HiSeq 2000	ILLUMINA	SRS3568357	SAMN09698932	Clarkia pulchella	SRP154627	2018-07-23 00:00:00 UTC	PRJNA482158	70	131	public	238265.0
SRR7548855	RAD-Seq	public	SRX4415056	Illumina HiSeq 2000	ILLUMINA	SRS3568358	SAMN09698929	Clarkia pulchella	SRP154627	2018-07-23 00:00:00 UTC	PRJNA482158	42	78	public	238265.0
SRR7548856	RAD-Seq	public	SRX4415055	Illumina HiSeq 2000	ILLUMINA	SRS3568355	SAMN09698930	Clarkia pulchella	SRP154627	2018-07-23 00:00:00 UTC	PRJNA482158	54	101	public	238265.0
SRR7548857	RAD-Seq	public	SRX4415054	Illumina HiSeq 2000	ILLUMINA	SRS3568356	SAMN09698927	Clarkia pulchella	SRP154627	2018-07-23 00:00:00 UTC	PRJNA482158	55	102	public	238265.0
SRR7548858	RAD-Seq	public	SRX4415053	Illumina HiSeq 2000	ILLUMINA	SRS3568354	SAMN09698928	Clarkia pulchella	SRP154627	2018-07-23 00:00:00 UTC	PRJNA482158	51	97	public	238265.0
SRR7548859	RAD-Seq	public	SRX4415052	Illumina HiSeq 2000	ILLUMINA	SRS3568497	SAMN09698925	Clarkia pulchella	SRP154627	2018-07-23 00:00:00 UTC	PRJNA482158	57	107	public	238265.0
SRR7548860	RAD-Seq	public	SRX4415051	Illumina HiSeq 2000	ILLUMINA	SRS3568498	SAMN09698926	Clarkia pulchella	SRP154627	2018-07-23 00:00:00 UTC	PRJNA482158	66	123	public	238265.0
SRR7548861	RAD-Seq	public	SRX4415050	Illumina HiSeq 2000	ILLUMINA	SRS3568353	SAMN09699016	Clarkia pulchella	SRP154627	2018-07-23 00:00:00 UTC	PRJNA482158	2	4	public	238265.0
SRR7548862	RAD-Seq	public	SRX4415049	Illumina HiSeq 2000	ILLUMINA	SRS3568496	SAMN09698972	Clarkia pulchella	SRP154627	2018-07-23 00:00:00 UTC	PRJNA482158	50	94	public	238265.0
SRR7548863	RAD-Seq	public	SRX4415048	Illumina HiSeq 2000	ILLUMINA	SRS3568352	SAMN09698748	Clarkia pulchella	SRP154627	2018-07-23 00:00:00 UTC	PRJNA482158	50	94	public	238265.0
SRR7548864	RAD-Seq	public	SRX4415047	Illumina HiSeq 2000	ILLUMINA	SRS3568349	SAMN09698747	Clarkia pulchella	SRP154627	2018-07-23 00:00:00 UTC	PRJNA482158	68	127	public	238265.0
SRR7548865	RAD-Seq	public	SRX4415046	Illumina HiSeq 2000	ILLUMINA	SRS3568351	SAMN09698746	Clarkia pulchella	SRP154627	2018-07-23 00:00:00 UTC	PRJNA482158	52	97	public	238265.0
SRR7548866	RAD-Seq	public	SRX4415045	Illumina HiSeq 2000	ILLUMINA	SRS3568348	SAMN09698745	Clarkia pulchella	SRP154627	2018-07-23 00:00:00 UTC	PRJNA482158	78	145	public	238265.0
SRR7548867	RAD-Seq	public	SRX4415044	Illumina HiSeq 2000	ILLUMINA	SRS3568347	SAMN09698752	Clarkia pulchella	SRP154627	2018-07-23 00:00:00 UTC	PRJNA482158	121	228	public	238265.0
SRR7548868	RAD-Seq	public	SRX4415043	Illumina HiSeq 2000	ILLUMINA	SRS3568350	SAMN09698751	Clarkia pulchella	SRP154627	2018-07-23 00:00:00 UTC	PRJNA482158	75	141	public	238265.0
SRR7548869	RAD-Seq	public	SRX4415042	Illumina HiSeq 2000	ILLUMINA	SRS3568343	SAMN09698750	Clarkia pulchella	SRP154627	2018-07-23 00:00:00 UTC	PRJNA482158	107	198	public	238265.0
SRR7548870	RAD-Seq	public	SRX4415041	Illumina HiSeq 2000	ILLUMINA	SRS3568344	SAMN09698749	Clarkia pulchella	SRP154627	2018-07-23 00:00:00 UTC	PRJNA482158	60	111	public	238265.0
SRR7548871	RAD-Seq	public	SRX4415040	Illumina HiSeq 2000	ILLUMINA	SRS3568346	SAMN09698754	Clarkia pulchella	SRP154627	2018-07-23 00:00:00 UTC	PRJNA482158	89	167	public	238265.0
SRR7548872	RAD-Seq	public	SRX4415039	Illumina HiSeq 2000	ILLUMINA	SRS3568345	SAMN09698753	Clarkia pulchella	SRP154627	2018-07-23 00:00:00 UTC	PRJNA482158	92	175	public	238265.0
SRR7548873	RAD-Seq	public	SRX4415038	Illumina HiSeq 2000	ILLUMINA	SRS3568342	SAMN09699086	Clarkia pulchella	SRP154627	2018-07-23 00:00:00 UTC	PRJNA482158	0	0	public	238265.0
SRR7548874	RAD-Seq	public	SRX4415037	Illumina HiSeq 2000	ILLUMINA	SRS3568341	SAMN09698967	Clarkia pulchella	SRP154627	2018-07-23 00:00:00 UTC	PRJNA482158	89	167	public	238265.0
SRR7548875	RAD-Seq	public	SRX4415036	Illumina HiSeq 2000	ILLUMINA	SRS3568340	SAMN09698968	Clarkia pulchella	SRP154627	2018-07-23 00:00:00 UTC	PRJNA482158	81	153	public	238265.0
SRR7548876	RAD-Seq	public	SRX4415035	Illumina HiSeq 2000	ILLUMINA	SRS3568339	SAMN09698965	Clarkia pulchella	SRP154627	2018-07-23 00:00:00 UTC	PRJNA482158	102	189	public	238265.0
SRR7548877	RAD-Seq	public	SRX4415034	Illumina HiSeq 2000	ILLUMINA	SRS3568338	SAMN09698966	Clarkia pulchella	SRP154627	2018-07-23 00:00:00 UTC	PRJNA482158	105	197	public	238265.0
SRR7548878	RAD-Seq	public	SRX4415033	Illumina HiSeq 2000	ILLUMINA	SRS3568336	SAMN09698971	Clarkia pulchella	SRP154627	2018-07-23 00:00:00 UTC	PRJNA482158	61	113	public	238265.0
SRR7548879	RAD-Seq	public	SRX4415032	Illumina HiSeq 2000	ILLUMINA	SRS3568335	SAMN09699013	Clarkia pulchella	SRP154627	2018-07-23 00:00:00 UTC	PRJNA482158	79	147	public	238265.0
SRR7548880	RAD-Seq	public	SRX4415031	Illumina HiSeq 2000	ILLUMINA	SRS3568337	SAMN09698969	Clarkia pulchella	SRP154627	2018-07-23 00:00:00 UTC	PRJNA482158	84	156	public	238265.0
SRR7548881	RAD-Seq	public	SRX4415030	Illumina HiSeq 2000	ILLUMINA	SRS3568334	SAMN09698970	Clarkia pulchella	SRP154627	2018-07-23 00:00:00 UTC	PRJNA482158	103	195	public	238265.0
SRR7548882	RAD-Seq	public	SRX4415029	Illumina HiSeq 2000	ILLUMINA	SRS3568332	SAMN09699010	Clarkia pulchella	SRP154627	2018-07-23 00:00:00 UTC	PRJNA482158	103	194	public	238265.0
SRR7548883	RAD-Seq	public	SRX4415028	Illumina HiSeq 2000	ILLUMINA	SRS3568333	SAMN09699009	Clarkia pulchella	SRP154627	2018-07-23 00:00:00 UTC	PRJNA482158	70	129	public	238265.0
SRR7548884	RAD-Seq	public	SRX4415027	Illumina HiSeq 2000	ILLUMINA	SRS3568330	SAMN09699012	Clarkia pulchella	SRP154627	2018-07-23 00:00:00 UTC	PRJNA482158	60	112	public	238265.0
SRR7548885	RAD-Seq	public	SRX4415026	Illumina HiSeq 2000	ILLUMINA	SRS3568328	SAMN09699011	Clarkia pulchella	SRP154627	2018-07-23 00:00:00 UTC	PRJNA482158	77	143	public	238265.0
SRR7548886	RAD-Seq	public	SRX4415025	Illumina HiSeq 2000	ILLUMINA	SRS3568327	SAMN09699006	Clarkia pulchella	SRP154627	2018-07-23 00:00:00 UTC	PRJNA482158	76	139	public	238265.0
SRR7548887	RAD-Seq	public	SRX4415024	Illumina HiSeq 2000	ILLUMINA	SRS3568331	SAMN09699005	Clarkia pulchella	SRP154627	2018-07-23 00:00:00 UTC	PRJNA482158	130	245	public	238265.0
SRR7548888	RAD-Seq	public	SRX4415023	Illumina HiSeq 2000	ILLUMINA	SRS3568329	SAMN09699008	Clarkia pulchella	SRP154627	2018-07-23 00:00:00 UTC	PRJNA482158	41	76	public	238265.0
SRR7548889	RAD-Seq	public	SRX4415022	Illumina HiSeq 2000	ILLUMINA	SRS3568323	SAMN09699007	Clarkia pulchella	SRP154627	2018-07-23 00:00:00 UTC	PRJNA482158	66	120	public	238265.0
SRR7548890	RAD-Seq	public	SRX4415021	Illumina HiSeq 2000	ILLUMINA	SRS3568326	SAMN09698870	Clarkia pulchella	SRP154627	2018-07-23 00:00:00 UTC	PRJNA482158	60	112	public	238265.0
SRR7548891	RAD-Seq	public	SRX4415020	Illumina HiSeq 2000	ILLUMINA	SRS3568325	SAMN09698869	Clarkia pulchella	SRP154627	2018-07-23 00:00:00 UTC	PRJNA482158	135	254	public	238265.0
SRR7548892	RAD-Seq	public	SRX4415019	Illumina HiSeq 2000	ILLUMINA	SRS3568322	SAMN09698872	Clarkia pulchella	SRP154627	2018-07-23 00:00:00 UTC	PRJNA482158	1	3	public	238265.0
SRR7548893	RAD-Seq	public	SRX4415018	Illumina HiSeq 2000	ILLUMINA	SRS3568321	SAMN09698871	Clarkia pulchella	SRP154627	2018-07-23 00:00:00 UTC	PRJNA482158	78	145	public	238265.0
SRR7548894	RAD-Seq	public	SRX4415017	Illumina HiSeq 2000	ILLUMINA	SRS3568324	SAMN09698993	Clarkia pulchella	SRP154627	2018-07-23 00:00:00 UTC	PRJNA482158	85	161	public	238265.0
SRR7548895	RAD-Seq	public	SRX4415016	Illumina HiSeq 2000	ILLUMINA	SRS3568320	SAMN09698865	Clarkia pulchella	SRP154627	2018-07-23 00:00:00 UTC	PRJNA482158	53	99	public	238265.0
SRR7548896	RAD-Seq	public	SRX4415015	Illumina HiSeq 2000	ILLUMINA	SRS3568317	SAMN09698868	Clarkia pulchella	SRP154627	2018-07-23 00:00:00 UTC	PRJNA482158	52	97	public	238265.0
SRR7548897	RAD-Seq	public	SRX4415014	Illumina HiSeq 2000	ILLUMINA	SRS3568319	SAMN09698867	Clarkia pulchella	SRP154627	2018-07-23 00:00:00 UTC	PRJNA482158	71	130	public	238265.0
SRR7548898	RAD-Seq	public	SRX4415013	Illumina HiSeq 2000	ILLUMINA	SRS3568318	SAMN09698989	Clarkia pulchella	SRP154627	2018-07-23 00:00:00 UTC	PRJNA482158	70	129	public	238265.0
SRR7548899	RAD-Seq	public	SRX4415012	Illumina HiSeq 2000	ILLUMINA	SRS3568495	SAMN09698990	Clarkia pulchella	SRP154627	2018-07-23 00:00:00 UTC	PRJNA482158	28	51	public	238265.0
SRR7548900	RAD-Seq	public	SRX4415011	Illumina HiSeq 2000	ILLUMINA	SRS3568315	SAMN09698991	Clarkia pulchella	SRP154627	2018-07-23 00:00:00 UTC	PRJNA482158	38	70	public	238265.0
SRR7548901	RAD-Seq	public	SRX4415010	Illumina HiSeq 2000	ILLUMINA	SRS3568314	SAMN09698992	Clarkia pulchella	SRP154627	2018-07-23 00:00:00 UTC	PRJNA482158	89	167	public	238265.0
SRR7548902	RAD-Seq	public	SRX4415009	Illumina HiSeq 2000	ILLUMINA	SRS3568316	SAMN09698874	Clarkia pulchella	SRP154627	2018-07-23 00:00:00 UTC	PRJNA482158	70	131	public	238265.0
SRR7548903	RAD-Seq	public	SRX4415008	Illumina HiSeq 2000	ILLUMINA	SRS3568313	SAMN09698986	Clarkia pulchella	SRP154627	2018-07-23 00:00:00 UTC	PRJNA482158	45	83	public	238265.0
SRR7548904	RAD-Seq	public	SRX4415007	Illumina HiSeq 2000	ILLUMINA	SRS3568312	SAMN09698987	Clarkia pulchella	SRP154627	2018-07-23 00:00:00 UTC	PRJNA482158	45	83	public	238265.0
SRR7548905	RAD-Seq	public	SRX4415006	Illumina HiSeq 2000	ILLUMINA	SRS3568311	SAMN09698988	Clarkia pulchella	SRP154627	2018-07-23 00:00:00 UTC	PRJNA482158	64	119	public	238265.0
SRR7548906	RAD-Seq	public	SRX4415005	Illumina HiSeq 2000	ILLUMINA	SRS3568310	SAMN09698973	Clarkia pulchella	SRP154627	2018-07-23 00:00:00 UTC	PRJNA482158	60	112	public	238265.0
SRR7548907	RAD-Seq	public	SRX4415004	Illumina HiSeq 2000	ILLUMINA	SRS3568309	SAMN09698976	Clarkia pulchella	SRP154627	2018-07-23 00:00:00 UTC	PRJNA482158	40	75	public	238265.0
SRR7548908	RAD-Seq	public	SRX4415003	Illumina HiSeq 2000	ILLUMINA	SRS3568494	SAMN09698975	Clarkia pulchella	SRP154627	2018-07-23 00:00:00 UTC	PRJNA482158	63	118	public	238265.0
SRR7548909	RAD-Seq	public	SRX4415002	Illumina HiSeq 2000	ILLUMINA	SRS3568308	SAMN09698792	Clarkia pulchella	SRP154627	2018-07-23 00:00:00 UTC	PRJNA482158	47	87	public	238265.0
SRR7548910	RAD-Seq	public	SRX4415001	Illumina HiSeq 2000	ILLUMINA	SRS3568307	SAMN09698791	Clarkia pulchella	SRP154627	2018-07-23 00:00:00 UTC	PRJNA482158	35	66	public	238265.0
SRR7548911	RAD-Seq	public	SRX4415000	Illumina HiSeq 2000	ILLUMINA	SRS3568305	SAMN09698790	Clarkia pulchella	SRP154627	2018-07-23 00:00:00 UTC	PRJNA482158	79	148	public	238265.0
SRR7548912	RAD-Seq	public	SRX4414999	Illumina HiSeq 2000	ILLUMINA	SRS3568302	SAMN09698789	Clarkia pulchella	SRP154627	2018-07-23 00:00:00 UTC	PRJNA482158	60	110	public	238265.0
SRR7548913	RAD-Seq	public	SRX4414998	Illumina HiSeq 2000	ILLUMINA	SRS3568303	SAMN09699075	Clarkia pulchella	SRP154627	2018-07-23 00:00:00 UTC	PRJNA482158	85	157	public	238265.0
SRR7548914	RAD-Seq	public	SRX4414997	Illumina HiSeq 2000	ILLUMINA	SRS3568296	SAMN09698787	Clarkia pulchella	SRP154627	2018-07-23 00:00:00 UTC	PRJNA482158	60	112	public	238265.0
SRR7548915	RAD-Seq	public	SRX4414996	Illumina HiSeq 2000	ILLUMINA	SRS3568301	SAMN09698786	Clarkia pulchella	SRP154627	2018-07-23 00:00:00 UTC	PRJNA482158	78	145	public	238265.0
SRR7548916	RAD-Seq	public	SRX4414995	Illumina HiSeq 2000	ILLUMINA	SRS3568304	SAMN09698785	Clarkia pulchella	SRP154627	2018-07-23 00:00:00 UTC	PRJNA482158	52	98	public	238265.0
SRR7548917	RAD-Seq	public	SRX4414994	Illumina HiSeq 2000	ILLUMINA	SRS3568299	SAMN09698983	Clarkia pulchella	SRP154627	2018-07-23 00:00:00 UTC	PRJNA482158	46	86	public	238265.0
SRR7548918	RAD-Seq	public	SRX4414993	Illumina HiSeq 2000	ILLUMINA	SRS3568300	SAMN09698794	Clarkia pulchella	SRP154627	2018-07-23 00:00:00 UTC	PRJNA482158	106	197	public	238265.0
SRR7548919	RAD-Seq	public	SRX4414992	Illumina HiSeq 2000	ILLUMINA	SRS3568306	SAMN09698793	Clarkia pulchella	SRP154627	2018-07-23 00:00:00 UTC	PRJNA482158	76	143	public	238265.0
SRR7548920	RAD-Seq	public	SRX4414991	Illumina HiSeq 2000	ILLUMINA	SRS3568298	SAMN09699039	Clarkia pulchella	SRP154627	2018-07-23 00:00:00 UTC	PRJNA482158	93	173	public	238265.0
SRR7548921	RAD-Seq	public	SRX4414990	Illumina HiSeq 2000	ILLUMINA	SRS3568297	SAMN09699040	Clarkia pulchella	SRP154627	2018-07-23 00:00:00 UTC	PRJNA482158	95	179	public	238265.0
SRR7548922	RAD-Seq	public	SRX4414989	Illumina HiSeq 2000	ILLUMINA	SRS3568295	SAMN09699041	Clarkia pulchella	SRP154627	2018-07-23 00:00:00 UTC	PRJNA482158	69	127	public	238265.0
SRR7548923	RAD-Seq	public	SRX4414988	Illumina HiSeq 2000	ILLUMINA	SRS3568484	SAMN09699042	Clarkia pulchella	SRP154627	2018-07-23 00:00:00 UTC	PRJNA482158	69	130	public	238265.0
SRR7548924	RAD-Seq	public	SRX4414987	Illumina HiSeq 2000	ILLUMINA	SRS3568294	SAMN09699035	Clarkia pulchella	SRP154627	2018-07-23 00:00:00 UTC	PRJNA482158	52	96	public	238265.0
SRR7548925	RAD-Seq	public	SRX4414986	Illumina HiSeq 2000	ILLUMINA	SRS3568291	SAMN09699036	Clarkia pulchella	SRP154627	2018-07-23 00:00:00 UTC	PRJNA482158	68	127	public	238265.0
SRR7548926	RAD-Seq	public	SRX4414985	Illumina HiSeq 2000	ILLUMINA	SRS3568293	SAMN09699037	Clarkia pulchella	SRP154627	2018-07-23 00:00:00 UTC	PRJNA482158	85	160	public	238265.0
SRR7548927	RAD-Seq	public	SRX4414984	Illumina HiSeq 2000	ILLUMINA	SRS3568290	SAMN09699038	Clarkia pulchella	SRP154627	2018-07-23 00:00:00 UTC	PRJNA482158	51	93	public	238265.0
SRR7548928	RAD-Seq	public	SRX4414983	Illumina HiSeq 2000	ILLUMINA	SRS3568292	SAMN09699043	Clarkia pulchella	SRP154627	2018-07-23 00:00:00 UTC	PRJNA482158	89	167	public	238265.0
SRR7548929	RAD-Seq	public	SRX4414982	Illumina HiSeq 2000	ILLUMINA	SRS3568288	SAMN09699044	Clarkia pulchella	SRP154627	2018-07-23 00:00:00 UTC	PRJNA482158	85	158	public	238265.0
SRR7548930	RAD-Seq	public	SRX4414981	Illumina HiSeq 2000	ILLUMINA	SRS3568289	SAMN09698974	Clarkia pulchella	SRP154627	2018-07-23 00:00:00 UTC	PRJNA482158	63	117	public	238265.0
SRR7548931	RAD-Seq	public	SRX4414980	Illumina HiSeq 2000	ILLUMINA	SRS3568287	SAMN09698723	Clarkia pulchella	SRP154627	2018-07-23 00:00:00 UTC	PRJNA482158	112	211	public	238265.0
SRR7608136	RNA-Seq	public	SRX4473033	NextSeq 500	ILLUMINA	SRS3598422	SAMN09724266	Mus musculus	SRP155372	2018-09-25 00:00:00 UTC	PRJNA483013	3384	8406	public	10090.0
SRR7608137	RNA-Seq	public	SRX4473034	NextSeq 500	ILLUMINA	SRS3598423	SAMN09724265	Mus musculus	SRP155372	2018-09-25 00:00:00 UTC	PRJNA483013	2968	7373	public	10090.0
SRR7608138	RNA-Seq	public	SRX4473035	NextSeq 500	ILLUMINA	SRS3598425	SAMN09724264	Mus musculus	SRP155372	2018-09-25 00:00:00 UTC	PRJNA483013	3276	8169	public	10090.0
SRR7608139	RNA-Seq	public	SRX4473036	NextSeq 500	ILLUMINA	SRS3598427	SAMN09724263	Mus musculus	SRP155372	2018-09-25 00:00:00 UTC	PRJNA483013	3344	8287	public	10090.0
SRR7608140	RNA-Seq	public	SRX4473037	NextSeq 500	ILLUMINA	SRS3598428	SAMN09724262	Mus musculus	SRP155372	2018-09-25 00:00:00 UTC	PRJNA483013	3209	7970	public	10090.0
SRR7608141	RNA-Seq	public	SRX4473038	NextSeq 500	ILLUMINA	SRS3598424	SAMN09724261	Mus musculus	SRP155372	2018-09-25 00:00:00 UTC	PRJNA483013	2982	7435	public	10090.0
SRR7608142	RNA-Seq	public	SRX4473039	NextSeq 500	ILLUMINA	SRS3598426	SAMN09724260	Mus musculus	SRP155372	2018-09-25 00:00:00 UTC	PRJNA483013	3874	9618	public	10090.0
SRR7608143	RNA-Seq	public	SRX4473040	NextSeq 500	ILLUMINA	SRS3598429	SAMN09724259	Mus musculus	SRP155372	2018-09-25 00:00:00 UTC	PRJNA483013	3203	7954	public	10090.0
SRR7608144	RNA-Seq	public	SRX4473041	NextSeq 500	ILLUMINA	SRS3598430	SAMN09724258	Mus musculus	SRP155372	2018-09-25 00:00:00 UTC	PRJNA483013	3150	7827	public	10090.0
SRR7608145	RNA-Seq	public	SRX4473042	NextSeq 500	ILLUMINA	SRS3598431	SAMN09724257	Mus musculus	SRP155372	2018-09-25 00:00:00 UTC	PRJNA483013	3049	7507	public	10090.0
SRR7609570	WGS	public	SRX4474413	Illumina HiSeq 2500	ILLUMINA	SRS3599610	SAMN09201532	seawater metagenome	SRP155431	2018-07-26 00:00:00 UTC	PRJNA467771	3759	8114	public	1561972.0
SRR7701156	RNA-Seq	public	SRX4559415	Illumina HiSeq 2000	ILLUMINA	SRS3676197	SAMN09842653	Mus musculus	SRP158105	2019-05-09 00:00:00 UTC	PRJNA486267	297	290	public	10090.0
SRR7701157	RNA-Seq	public	SRX4559416	Illumina HiSeq 2000	ILLUMINA	SRS3676220	SAMN09842652	Mus musculus	SRP158105	2019-05-09 00:00:00 UTC	PRJNA486267	223	215	public	10090.0
SRR7701158	RNA-Seq	public	SRX4559417	Illumina HiSeq 2000	ILLUMINA	SRS3676198	SAMN09842651	Mus musculus	SRP158105	2019-05-09 00:00:00 UTC	PRJNA486267	246	265	public	10090.0
SRR7701159	RNA-Seq	public	SRX4559418	Illumina HiSeq 2000	ILLUMINA	SRS3676221	SAMN09842650	Mus musculus	SRP158105	2019-05-09 00:00:00 UTC	PRJNA486267	260	281	public	10090.0
SRR7701160	RNA-Seq	public	SRX4559419	Illumina HiSeq 2000	ILLUMINA	SRS3676199	SAMN09842649	Mus musculus	SRP158105	2019-05-09 00:00:00 UTC	PRJNA486267	276	280	public	10090.0
SRR7701161	RNA-Seq	public	SRX4559420	Illumina HiSeq 2000	ILLUMINA	SRS3676200	SAMN09842648	Mus musculus	SRP158105	2019-05-09 00:00:00 UTC	PRJNA486267	269	279	public	10090.0
SRR7701162	RNA-Seq	public	SRX4559421	Illumina HiSeq 2500	ILLUMINA	SRS3676201	SAMN09842645	Mus musculus	SRP158105	2019-05-09 00:00:00 UTC	PRJNA486267	80	285	public	10090.0
SRR7701163	RNA-Seq	public	SRX4559422	Illumina HiSeq 2500	ILLUMINA	SRS3676202	SAMN09842644	Mus musculus	SRP158105	2019-05-09 00:00:00 UTC	PRJNA486267	59	211	public	10090.0
SRR7701164	RNA-Seq	public	SRX4559423	Illumina HiSeq 2500	ILLUMINA	SRS3676204	SAMN09842643	Mus musculus	SRP158105	2019-05-09 00:00:00 UTC	PRJNA486267	167	544	public	10090.0
SRR7701165	RNA-Seq	public	SRX4559424	Illumina HiSeq 2500	ILLUMINA	SRS3676203	SAMN09842642	Mus musculus	SRP158105	2019-05-09 00:00:00 UTC	PRJNA486267	150	488	public	10090.0
SRR7701166	RNA-Seq	public	SRX4559425	Illumina HiSeq 2500	ILLUMINA	SRS3676205	SAMN09842641	Mus musculus	SRP158105	2019-05-09 00:00:00 UTC	PRJNA486267	177	586	public	10090.0
SRR7701167	RNA-Seq	public	SRX4559426	Illumina HiSeq 2500	ILLUMINA	SRS3676206	SAMN09842640	Mus musculus	SRP158105	2019-05-09 00:00:00 UTC	PRJNA486267	182	591	public	10090.0
SRR7701168	RNA-Seq	public	SRX4559427	Illumina HiSeq 2000	ILLUMINA	SRS3676222	SAMN09842647	Mus musculus	SRP158105	2019-05-09 00:00:00 UTC	PRJNA486267	228	242	public	10090.0
SRR7701169	RNA-Seq	public	SRX4559428	Illumina HiSeq 2000	ILLUMINA	SRS3676207	SAMN09842646	Mus musculus	SRP158105	2019-05-09 00:00:00 UTC	PRJNA486267	245	265	public	10090.0
SRR7701170	RNA-Seq	public	SRX4559429	Illumina HiSeq 2000	ILLUMINA	SRS3676208	SAMN09842639	Mus musculus	SRP158105	2019-05-09 00:00:00 UTC	PRJNA486267	200	209	public	10090.0
SRR7701171	RNA-Seq	public	SRX4559430	Illumina HiSeq 2000	ILLUMINA	SRS3676209	SAMN09842638	Mus musculus	SRP158105	2019-05-09 00:00:00 UTC	PRJNA486267	227	237	public	10090.0
SRR7701172	RNA-Seq	public	SRX4559431	Illumina HiSeq 2500	ILLUMINA	SRS3676210	SAMN09842637	Mus musculus	SRP158105	2019-05-09 00:00:00 UTC	PRJNA486267	69	246	public	10090.0
SRR7701173	RNA-Seq	public	SRX4559432	Illumina HiSeq 2500	ILLUMINA	SRS3676211	SAMN09842636	Mus musculus	SRP158105	2019-05-09 00:00:00 UTC	PRJNA486267	48	171	public	10090.0
SRR7701174	RNA-Seq	public	SRX4559433	Illumina HiSeq 2500	ILLUMINA	SRS3676212	SAMN09842635	Mus musculus	SRP158105	2019-05-09 00:00:00 UTC	PRJNA486267	214	470	public	10090.0
SRR7701175	RNA-Seq	public	SRX4559434	Illumina HiSeq 2000	ILLUMINA	SRS3676213	SAMN09842634	Mus musculus	SRP158105	2019-05-09 00:00:00 UTC	PRJNA486267	377	373	public	10090.0
SRR7701176	RNA-Seq	public	SRX4559435	Illumina HiSeq 2500	ILLUMINA	SRS3676214	SAMN09842633	Mus musculus	SRP158105	2019-05-09 00:00:00 UTC	PRJNA486267	171	567	public	10090.0
SRR7701177	RNA-Seq	public	SRX4559436	Illumina HiSeq 2500	ILLUMINA	SRS3676215	SAMN09842632	Mus musculus	SRP158105	2019-05-09 00:00:00 UTC	PRJNA486267	161	528	public	10090.0
SRR7701178	RNA-Seq	public	SRX4559437	Illumina HiSeq 2500	ILLUMINA	SRS3676216	SAMN09842631	Mus musculus	SRP158105	2019-05-09 00:00:00 UTC	PRJNA486267	175	578	public	10090.0
SRR7701179	RNA-Seq	public	SRX4559438	Illumina HiSeq 2500	ILLUMINA	SRS3676217	SAMN09842630	Mus musculus	SRP158105	2019-05-09 00:00:00 UTC	PRJNA486267	167	550	public	10090.0
SRR7802039	AMPLICON	public	SRX4653822	Illumina HiSeq 2500	ILLUMINA	SRS3751280	SAMN09976505	insect gut metagenome	SRP160089	2018-09-07 00:00:00 UTC	PRJNA488360	64	82	public	1202446.0
SRR8190711	AMPLICON	public	SRX5010582	Illumina MiSeq	ILLUMINA	SRS4044521	SAMN10426627	seawater metagenome	SRP168697	2019-12-15 00:00:00 UTC	PRJNA505592	84	127	public	1561972.0
SRR8190712	AMPLICON	public	SRX5010581	Illumina MiSeq	ILLUMINA	SRS4044520	SAMN10426566	seawater metagenome	SRP168697	2019-12-15 00:00:00 UTC	PRJNA505592	70	125	public	1561972.0
SRR8190713	AMPLICON	public	SRX5010580	Illumina MiSeq	ILLUMINA	SRS4044519	SAMN10426565	seawater metagenome	SRP168697	2019-12-15 00:00:00 UTC	PRJNA505592	41	72	public	1561972.0
SRR8190714	AMPLICON	public	SRX5010579	Illumina MiSeq	ILLUMINA	SRS4044518	SAMN10426568	seawater metagenome	SRP168697	2019-12-15 00:00:00 UTC	PRJNA505592	0	0	public	1561972.0
SRR8190715	AMPLICON	public	SRX5010578	Illumina MiSeq	ILLUMINA	SRS4044516	SAMN10426567	seawater metagenome	SRP168697	2019-12-15 00:00:00 UTC	PRJNA505592	51	90	public	1561972.0
SRR8190716	AMPLICON	public	SRX5010577	Illumina MiSeq	ILLUMINA	SRS4044515	SAMN10426562	seawater metagenome	SRP168697	2019-12-15 00:00:00 UTC	PRJNA505592	34	59	public	1561972.0
SRR8190717	AMPLICON	public	SRX5010576	Illumina MiSeq	ILLUMINA	SRS4044517	SAMN10426561	seawater metagenome	SRP168697	2019-12-15 00:00:00 UTC	PRJNA505592	26	45	public	1561972.0
SRR8190718	AMPLICON	public	SRX5010575	Illumina MiSeq	ILLUMINA	SRS4044513	SAMN10426564	seawater metagenome	SRP168697	2019-12-15 00:00:00 UTC	PRJNA505592	24	47	public	1561972.0
SRR8190719	AMPLICON	public	SRX5010574	Illumina MiSeq	ILLUMINA	SRS4044514	SAMN10426563	seawater metagenome	SRP168697	2019-12-15 00:00:00 UTC	PRJNA505592	28	57	public	1561972.0
SRR8190720	AMPLICON	public	SRX5010573	Illumina MiSeq	ILLUMINA	SRS4044512	SAMN10426625	seawater metagenome	SRP168697	2019-12-15 00:00:00 UTC	PRJNA505592	107	167	public	1561972.0
SRR8190721	AMPLICON	public	SRX5010572	Illumina MiSeq	ILLUMINA	SRS4044511	SAMN10426570	seawater metagenome	SRP168697	2019-12-15 00:00:00 UTC	PRJNA505592	0	0	public	1561972.0
SRR8190722	AMPLICON	public	SRX5010571	Illumina MiSeq	ILLUMINA	SRS4044510	SAMN10426569	seawater metagenome	SRP168697	2019-12-15 00:00:00 UTC	PRJNA505592	0	0	public	1561972.0
SRR8190723	AMPLICON	public	SRX5010570	Illumina MiSeq	ILLUMINA	SRS4044509	SAMN10426626	seawater metagenome	SRP168697	2019-12-15 00:00:00 UTC	PRJNA505592	130	203	public	1561972.0
SRR8190724	AMPLICON	public	SRX5010569	Illumina MiSeq	ILLUMINA	SRS4044508	SAMN10426442	seawater metagenome	SRP168697	2019-12-15 00:00:00 UTC	PRJNA505592	77	139	public	1561972.0
SRR8190725	AMPLICON	public	SRX5010568	Illumina MiSeq	ILLUMINA	SRS4044507	SAMN10426441	seawater metagenome	SRP168697	2019-12-15 00:00:00 UTC	PRJNA505592	52	94	public	1561972.0
SRR8190726	AMPLICON	public	SRX5010567	Illumina MiSeq	ILLUMINA	SRS4044506	SAMN10426444	seawater metagenome	SRP168697	2019-12-15 00:00:00 UTC	PRJNA505592	41	73	public	1561972.0
SRR8190727	AMPLICON	public	SRX5010566	Illumina MiSeq	ILLUMINA	SRS4044505	SAMN10426443	seawater metagenome	SRP168697	2019-12-15 00:00:00 UTC	PRJNA505592	98	175	public	1561972.0
SRR8190728	AMPLICON	public	SRX5010565	Illumina MiSeq	ILLUMINA	SRS4044504	SAMN10426446	seawater metagenome	SRP168697	2019-12-15 00:00:00 UTC	PRJNA505592	53	90	public	1561972.0
SRR8190729	AMPLICON	public	SRX5010564	Illumina MiSeq	ILLUMINA	SRS4044503	SAMN10426445	seawater metagenome	SRP168697	2019-12-15 00:00:00 UTC	PRJNA505592	46	78	public	1561972.0
SRR8190730	AMPLICON	public	SRX5010563	Illumina MiSeq	ILLUMINA	SRS4044502	SAMN10426448	seawater metagenome	SRP168697	2019-12-15 00:00:00 UTC	PRJNA505592	64	110	public	1561972.0
SRR8190731	AMPLICON	public	SRX5010562	Illumina MiSeq	ILLUMINA	SRS4044501	SAMN10426447	seawater metagenome	SRP168697	2019-12-15 00:00:00 UTC	PRJNA505592	42	72	public	1561972.0
SRR8190732	AMPLICON	public	SRX5010561	Illumina MiSeq	ILLUMINA	SRS4044500	SAMN10426450	seawater metagenome	SRP168697	2019-12-15 00:00:00 UTC	PRJNA505592	18	31	public	1561972.0
SRR8190733	AMPLICON	public	SRX5010560	Illumina MiSeq	ILLUMINA	SRS4044499	SAMN10426449	seawater metagenome	SRP168697	2019-12-15 00:00:00 UTC	PRJNA505592	44	74	public	1561972.0
SRR8190734	AMPLICON	public	SRX5010559	Illumina MiSeq	ILLUMINA	SRS4044498	SAMN10426665	seawater metagenome	SRP168697	2019-12-15 00:00:00 UTC	PRJNA505592	149	230	public	1561972.0
SRR8190735	AMPLICON	public	SRX5010558	Illumina MiSeq	ILLUMINA	SRS4044497	SAMN10426467	seawater metagenome	SRP168697	2019-12-15 00:00:00 UTC	PRJNA505592	9	19	public	1561972.0
SRR8190736	AMPLICON	public	SRX5010557	Illumina MiSeq	ILLUMINA	SRS4044496	SAMN10426466	seawater metagenome	SRP168697	2019-12-15 00:00:00 UTC	PRJNA505592	16	35	public	1561972.0
SRR8190737	AMPLICON	public	SRX5010556	Illumina MiSeq	ILLUMINA	SRS4044495	SAMN10426465	seawater metagenome	SRP168697	2019-12-15 00:00:00 UTC	PRJNA505592	27	60	public	1561972.0
SRR8190738	AMPLICON	public	SRX5010555	Illumina MiSeq	ILLUMINA	SRS4044494	SAMN10426660	seawater metagenome	SRP168697	2019-12-15 00:00:00 UTC	PRJNA505592	71	107	public	1561972.0
SRR8190739	AMPLICON	public	SRX5010554	Illumina MiSeq	ILLUMINA	SRS4044493	SAMN10426659	seawater metagenome	SRP168697	2019-12-15 00:00:00 UTC	PRJNA505592	84	128	public	1561972.0
SRR8190740	AMPLICON	public	SRX5010553	Illumina MiSeq	ILLUMINA	SRS4044492	SAMN10426462	seawater metagenome	SRP168697	2019-12-15 00:00:00 UTC	PRJNA505592	27	60	public	1561972.0
SRR8190741	AMPLICON	public	SRX5010552	Illumina MiSeq	ILLUMINA	SRS4044491	SAMN10426461	seawater metagenome	SRP168697	2019-12-15 00:00:00 UTC	PRJNA505592	11	26	public	1561972.0
SRR8190742	AMPLICON	public	SRX5010551	Illumina MiSeq	ILLUMINA	SRS4044490	SAMN10426656	seawater metagenome	SRP168697	2019-12-15 00:00:00 UTC	PRJNA505592	123	193	public	1561972.0
SRR8190743	AMPLICON	public	SRX5010550	Illumina MiSeq	ILLUMINA	SRS4044489	SAMN10426655	seawater metagenome	SRP168697	2019-12-15 00:00:00 UTC	PRJNA505592	41	67	public	1561972.0
SRR8190744	AMPLICON	public	SRX5010549	Illumina MiSeq	ILLUMINA	SRS4044488	SAMN10426658	seawater metagenome	SRP168697	2019-12-15 00:00:00 UTC	PRJNA505592	121	189	public	1561972.0
SRR8190745	AMPLICON	public	SRX5010548	Illumina MiSeq	ILLUMINA	SRS4044487	SAMN10426657	seawater metagenome	SRP168697	2019-12-15 00:00:00 UTC	PRJNA505592	121	188	public	1561972.0
SRR8190746	AMPLICON	public	SRX5010547	Illumina MiSeq	ILLUMINA	SRS4044486	SAMN10426652	seawater metagenome	SRP168697	2019-12-15 00:00:00 UTC	PRJNA505592	0	0	public	1561972.0
SRR8190747	AMPLICON	public	SRX5010546	Illumina MiSeq	ILLUMINA	SRS4044485	SAMN10426651	seawater metagenome	SRP168697	2019-12-15 00:00:00 UTC	PRJNA505592	58	102	public	1561972.0
SRR8190748	AMPLICON	public	SRX5010545	Illumina MiSeq	ILLUMINA	SRS4044484	SAMN10426654	seawater metagenome	SRP168697	2019-12-15 00:00:00 UTC	PRJNA505592	71	114	public	1561972.0
SRR8190749	AMPLICON	public	SRX5010544	Illumina MiSeq	ILLUMINA	SRS4044483	SAMN10426653	seawater metagenome	SRP168697	2019-12-15 00:00:00 UTC	PRJNA505592	61	97	public	1561972.0
SRR8190750	AMPLICON	public	SRX5010543	Illumina MiSeq	ILLUMINA	SRS4044482	SAMN10426416	seawater metagenome	SRP168697	2019-12-15 00:00:00 UTC	PRJNA505592	106	167	public	1561972.0
SRR8190751	AMPLICON	public	SRX5010542	Illumina MiSeq	ILLUMINA	SRS4044481	SAMN10426531	seawater metagenome	SRP168697	2019-12-15 00:00:00 UTC	PRJNA505592	11	20	public	1561972.0
SRR8190752	AMPLICON	public	SRX5010541	Illumina MiSeq	ILLUMINA	SRS4044480	SAMN10426532	seawater metagenome	SRP168697	2019-12-15 00:00:00 UTC	PRJNA505592	52	94	public	1561972.0
SRR8190753	AMPLICON	public	SRX5010540	Illumina MiSeq	ILLUMINA	SRS4044479	SAMN10426533	seawater metagenome	SRP168697	2019-12-15 00:00:00 UTC	PRJNA505592	0	0	public	1561972.0
SRR8190754	AMPLICON	public	SRX5010539	Illumina MiSeq	ILLUMINA	SRS4044478	SAMN10426534	seawater metagenome	SRP168697	2019-12-15 00:00:00 UTC	PRJNA505592	81	145	public	1561972.0
SRR8190755	AMPLICON	public	SRX5010538	Illumina MiSeq	ILLUMINA	SRS4044477	SAMN10426535	seawater metagenome	SRP168697	2019-12-15 00:00:00 UTC	PRJNA505592	37	67	public	1561972.0
SRR8190756	AMPLICON	public	SRX5010537	Illumina MiSeq	ILLUMINA	SRS4044476	SAMN10426536	seawater metagenome	SRP168697	2019-12-15 00:00:00 UTC	PRJNA505592	101	176	public	1561972.0
SRR8190757	AMPLICON	public	SRX5010536	Illumina MiSeq	ILLUMINA	SRS4044475	SAMN10426537	seawater metagenome	SRP168697	2019-12-15 00:00:00 UTC	PRJNA505592	80	140	public	1561972.0
SRR8190758	AMPLICON	public	SRX5010535	Illumina MiSeq	ILLUMINA	SRS4044474	SAMN10426538	seawater metagenome	SRP168697	2019-12-15 00:00:00 UTC	PRJNA505592	84	148	public	1561972.0
SRR8190759	AMPLICON	public	SRX5010534	Illumina MiSeq	ILLUMINA	SRS4044473	SAMN10426539	seawater metagenome	SRP168697	2019-12-15 00:00:00 UTC	PRJNA505592	72	126	public	1561972.0
SRR8190760	AMPLICON	public	SRX5010533	Illumina MiSeq	ILLUMINA	SRS4044472	SAMN10426540	seawater metagenome	SRP168697	2019-12-15 00:00:00 UTC	PRJNA505592	62	109	public	1561972.0
SRR8190761	AMPLICON	public	SRX5010532	Illumina MiSeq	ILLUMINA	SRS4044471	SAMN10426704	seawater metagenome	SRP168697	2019-12-15 00:00:00 UTC	PRJNA505592	76	120	public	1561972.0
SRR8190762	AMPLICON	public	SRX5010531	Illumina MiSeq	ILLUMINA	SRS4044470	SAMN10426433	seawater metagenome	SRP168697	2019-12-15 00:00:00 UTC	PRJNA505592	28	51	public	1561972.0
SRR8190763	AMPLICON	public	SRX5010530	Illumina MiSeq	ILLUMINA	SRS4044469	SAMN10426434	seawater metagenome	SRP168697	2019-12-15 00:00:00 UTC	PRJNA505592	37	66	public	1561972.0
SRR8190764	AMPLICON	public	SRX5010529	Illumina MiSeq	ILLUMINA	SRS4044468	SAMN10426431	seawater metagenome	SRP168697	2019-12-15 00:00:00 UTC	PRJNA505592	48	87	public	1561972.0
SRR8190765	AMPLICON	public	SRX5010528	Illumina MiSeq	ILLUMINA	SRS4044467	SAMN10426432	seawater metagenome	SRP168697	2019-12-15 00:00:00 UTC	PRJNA505592	85	153	public	1561972.0
SRR8190766	AMPLICON	public	SRX5010527	Illumina MiSeq	ILLUMINA	SRS4044466	SAMN10426437	seawater metagenome	SRP168697	2019-12-15 00:00:00 UTC	PRJNA505592	46	83	public	1561972.0
SRR8190767	AMPLICON	public	SRX5010526	Illumina MiSeq	ILLUMINA	SRS4044465	SAMN10426438	seawater metagenome	SRP168697	2019-12-15 00:00:00 UTC	PRJNA505592	62	110	public	1561972.0
SRR8190768	AMPLICON	public	SRX5010525	Illumina MiSeq	ILLUMINA	SRS4044464	SAMN10426435	seawater metagenome	SRP168697	2019-12-15 00:00:00 UTC	PRJNA505592	22	40	public	1561972.0
SRR8190769	AMPLICON	public	SRX5010524	Illumina MiSeq	ILLUMINA	SRS4044463	SAMN10426436	seawater metagenome	SRP168697	2019-12-15 00:00:00 UTC	PRJNA505592	56	101	public	1561972.0
SRR8190770	AMPLICON	public	SRX5010523	Illumina MiSeq	ILLUMINA	SRS4044462	SAMN10426439	seawater metagenome	SRP168697	2019-12-15 00:00:00 UTC	PRJNA505592	43	78	public	1561972.0
SRR8190771	AMPLICON	public	SRX5010522	Illumina MiSeq	ILLUMINA	SRS4044461	SAMN10426440	seawater metagenome	SRP168697	2019-12-15 00:00:00 UTC	PRJNA505592	39	72	public	1561972.0
SRR8190772	AMPLICON	public	SRX5010521	Illumina MiSeq	ILLUMINA	SRS4044460	SAMN10426649	seawater metagenome	SRP168697	2019-12-15 00:00:00 UTC	PRJNA505592	72	116	public	1561972.0
SRR8190773	AMPLICON	public	SRX5010520	Illumina MiSeq	ILLUMINA	SRS4044459	SAMN10426650	seawater metagenome	SRP168697	2019-12-15 00:00:00 UTC	PRJNA505592	73	127	public	1561972.0
SRR8190774	AMPLICON	public	SRX5010519	Illumina MiSeq	ILLUMINA	SRS4044458	SAMN10426453	seawater metagenome	SRP168697	2019-12-15 00:00:00 UTC	PRJNA505592	64	110	public	1561972.0
SRR8190775	AMPLICON	public	SRX5010518	Illumina MiSeq	ILLUMINA	SRS4044457	SAMN10426454	seawater metagenome	SRP168697	2019-12-15 00:00:00 UTC	PRJNA505592	80	140	public	1561972.0
SRR8190776	AMPLICON	public	SRX5010517	Illumina MiSeq	ILLUMINA	SRS4044456	SAMN10426638	seawater metagenome	SRP168697	2019-12-15 00:00:00 UTC	PRJNA505592	43	68	public	1561972.0
SRR8190777	AMPLICON	public	SRX5010516	Illumina MiSeq	ILLUMINA	SRS4044455	SAMN10426456	seawater metagenome	SRP168697	2019-12-15 00:00:00 UTC	PRJNA505592	65	102	public	1561972.0
SRR8190778	AMPLICON	public	SRX5010515	Illumina MiSeq	ILLUMINA	SRS4044454	SAMN10426457	seawater metagenome	SRP168697	2019-12-15 00:00:00 UTC	PRJNA505592	82	142	public	1561972.0
SRR8190779	AMPLICON	public	SRX5010514	Illumina MiSeq	ILLUMINA	SRS4044453	SAMN10426458	seawater metagenome	SRP168697	2019-12-15 00:00:00 UTC	PRJNA505592	0	0	public	1561972.0
SRR8190780	AMPLICON	public	SRX5010513	Illumina MiSeq	ILLUMINA	SRS4044452	SAMN10426641	seawater metagenome	SRP168697	2019-12-15 00:00:00 UTC	PRJNA505592	37	59	public	1561972.0
SRR8190781	AMPLICON	public	SRX5010512	Illumina MiSeq	ILLUMINA	SRS4044451	SAMN10426642	seawater metagenome	SRP168697	2019-12-15 00:00:00 UTC	PRJNA505592	107	185	public	1561972.0
SRR8190782	AMPLICON	public	SRX5010511	Illumina MiSeq	ILLUMINA	SRS4044450	SAMN10426637	seawater metagenome	SRP168697	2019-12-15 00:00:00 UTC	PRJNA505592	44	70	public	1561972.0
SRR8190783	AMPLICON	public	SRX5010510	Illumina MiSeq	ILLUMINA	SRS4044449	SAMN10426644	seawater metagenome	SRP168697	2019-12-15 00:00:00 UTC	PRJNA505592	88	153	public	1561972.0
SRR8190784	AMPLICON	public	SRX5010509	Illumina MiSeq	ILLUMINA	SRS4044448	SAMN10426645	seawater metagenome	SRP168697	2019-12-15 00:00:00 UTC	PRJNA505592	98	172	public	1561972.0
SRR8190785	AMPLICON	public	SRX5010508	Illumina MiSeq	ILLUMINA	SRS4044447	SAMN10426646	seawater metagenome	SRP168697	2019-12-15 00:00:00 UTC	PRJNA505592	147	254	public	1561972.0
SRR8190786	AMPLICON	public	SRX5010507	Illumina MiSeq	ILLUMINA	SRS4044446	SAMN10426647	seawater metagenome	SRP168697	2019-12-15 00:00:00 UTC	PRJNA505592	65	104	public	1561972.0
SRR8190787	AMPLICON	public	SRX5010506	Illumina MiSeq	ILLUMINA	SRS4044445	SAMN10426648	seawater metagenome	SRP168697	2019-12-15 00:00:00 UTC	PRJNA505592	78	125	public	1561972.0
SRR8190788	AMPLICON	public	SRX5010505	Illumina MiSeq	ILLUMINA	SRS4044444	SAMN10426636	seawater metagenome	SRP168697	2019-12-15 00:00:00 UTC	PRJNA505592	42	67	public	1561972.0
SRR8190789	AMPLICON	public	SRX5010504	Illumina MiSeq	ILLUMINA	SRS4044443	SAMN10426464	seawater metagenome	SRP168697	2019-12-15 00:00:00 UTC	PRJNA505592	27	58	public	1561972.0
SRR8190790	AMPLICON	public	SRX5010503	Illumina MiSeq	ILLUMINA	SRS4044442	SAMN10426703	seawater metagenome	SRP168697	2019-12-15 00:00:00 UTC	PRJNA505592	73	119	public	1561972.0
SRR8190791	AMPLICON	public	SRX5010502	Illumina MiSeq	ILLUMINA	SRS4044441	SAMN10426504	seawater metagenome	SRP168697	2019-12-15 00:00:00 UTC	PRJNA505592	7	15	public	1561972.0
SRR8190792	AMPLICON	public	SRX5010501	Illumina MiSeq	ILLUMINA	SRS4044440	SAMN10426550	seawater metagenome	SRP168697	2019-12-15 00:00:00 UTC	PRJNA505592	31	46	public	1561972.0
SRR8190793	AMPLICON	public	SRX5010500	Illumina MiSeq	ILLUMINA	SRS4044439	SAMN10426549	seawater metagenome	SRP168697	2019-12-15 00:00:00 UTC	PRJNA505592	108	193	public	1561972.0
SRR8190794	AMPLICON	public	SRX5010499	Illumina MiSeq	ILLUMINA	SRS4044438	SAMN10426548	seawater metagenome	SRP168697	2019-12-15 00:00:00 UTC	PRJNA505592	88	158	public	1561972.0
SRR8190795	AMPLICON	public	SRX5010498	Illumina MiSeq	ILLUMINA	SRS4044437	SAMN10426547	seawater metagenome	SRP168697	2019-12-15 00:00:00 UTC	PRJNA505592	78	138	public	1561972.0
SRR8190796	AMPLICON	public	SRX5010497	Illumina MiSeq	ILLUMINA	SRS4044436	SAMN10426546	seawater metagenome	SRP168697	2019-12-15 00:00:00 UTC	PRJNA505592	112	200	public	1561972.0
SRR8190797	AMPLICON	public	SRX5010496	Illumina MiSeq	ILLUMINA	SRS4044435	SAMN10426545	seawater metagenome	SRP168697	2019-12-15 00:00:00 UTC	PRJNA505592	100	180	public	1561972.0
SRR8190798	AMPLICON	public	SRX5010495	Illumina MiSeq	ILLUMINA	SRS4044434	SAMN10426544	seawater metagenome	SRP168697	2019-12-15 00:00:00 UTC	PRJNA505592	88	157	public	1561972.0
SRR8190799	AMPLICON	public	SRX5010494	Illumina MiSeq	ILLUMINA	SRS4044433	SAMN10426543	seawater metagenome	SRP168697	2019-12-15 00:00:00 UTC	PRJNA505592	57	102	public	1561972.0
SRR8190800	AMPLICON	public	SRX5010493	Illumina MiSeq	ILLUMINA	SRS4044432	SAMN10426542	seawater metagenome	SRP168697	2019-12-15 00:00:00 UTC	PRJNA505592	53	98	public	1561972.0
SRR8190801	AMPLICON	public	SRX5010492	Illumina MiSeq	ILLUMINA	SRS4044431	SAMN10426541	seawater metagenome	SRP168697	2019-12-15 00:00:00 UTC	PRJNA505592	63	110	public	1561972.0
SRR8190802	AMPLICON	public	SRX5010491	Illumina MiSeq	ILLUMINA	SRS4044430	SAMN10426701	seawater metagenome	SRP168697	2019-12-15 00:00:00 UTC	PRJNA505592	92	148	public	1561972.0
SRR8190803	AMPLICON	public	SRX5010490	Illumina MiSeq	ILLUMINA	SRS4044429	SAMN10426633	seawater metagenome	SRP168697	2019-12-15 00:00:00 UTC	PRJNA505592	121	187	public	1561972.0
SRR8190804	AMPLICON	public	SRX5010489	Illumina MiSeq	ILLUMINA	SRS4044428	SAMN10426628	seawater metagenome	SRP168697	2019-12-15 00:00:00 UTC	PRJNA505592	92	140	public	1561972.0
SRR8190805	AMPLICON	public	SRX5010488	Illumina MiSeq	ILLUMINA	SRS4044427	SAMN10426632	seawater metagenome	SRP168697	2019-12-15 00:00:00 UTC	PRJNA505592	113	177	public	1561972.0
SRR8190806	AMPLICON	public	SRX5010487	Illumina MiSeq	ILLUMINA	SRS4044426	SAMN10426702	seawater metagenome	SRP168697	2019-12-15 00:00:00 UTC	PRJNA505592	82	131	public	1561972.0
SRR8190807	AMPLICON	public	SRX5010486	Illumina MiSeq	ILLUMINA	SRS4044425	SAMN10426707	seawater metagenome	SRP168697	2019-12-15 00:00:00 UTC	PRJNA505592	52	81	public	1561972.0
SRR8190808	AMPLICON	public	SRX5010485	Illumina MiSeq	ILLUMINA	SRS4044424	SAMN10426631	seawater metagenome	SRP168697	2019-12-15 00:00:00 UTC	PRJNA505592	98	151	public	1561972.0
SRR8190809	AMPLICON	public	SRX5010484	Illumina MiSeq	ILLUMINA	SRS4044423	SAMN10426463	seawater metagenome	SRP168697	2019-12-15 00:00:00 UTC	PRJNA505592	24	53	public	1561972.0
SRR8190810	AMPLICON	public	SRX5010483	Illumina MiSeq	ILLUMINA	SRS4044422	SAMN10426708	seawater metagenome	SRP168697	2019-12-15 00:00:00 UTC	PRJNA505592	65	103	public	1561972.0
SRR8190811	AMPLICON	public	SRX5010482	Illumina MiSeq	ILLUMINA	SRS4044421	SAMN10426705	seawater metagenome	SRP168697	2019-12-15 00:00:00 UTC	PRJNA505592	110	175	public	1561972.0
SRR8190812	AMPLICON	public	SRX5010481	Illumina MiSeq	ILLUMINA	SRS4044420	SAMN10426706	seawater metagenome	SRP168697	2019-12-15 00:00:00 UTC	PRJNA505592	120	184	public	1561972.0
SRR8190813	AMPLICON	public	SRX5010480	Illumina MiSeq	ILLUMINA	SRS4044419	SAMN10426593	seawater metagenome	SRP168697	2019-12-15 00:00:00 UTC	PRJNA505592	93	160	public	1561972.0
SRR8190814	AMPLICON	public	SRX5010479	Illumina MiSeq	ILLUMINA	SRS4044418	SAMN10426594	seawater metagenome	SRP168697	2019-12-15 00:00:00 UTC	PRJNA505592	158	290	public	1561972.0
SRR8190815	AMPLICON	public	SRX5010478	Illumina MiSeq	ILLUMINA	SRS4044417	SAMN10426591	seawater metagenome	SRP168697	2019-12-15 00:00:00 UTC	PRJNA505592	106	185	public	1561972.0
SRR8190816	AMPLICON	public	SRX5010477	Illumina MiSeq	ILLUMINA	SRS4044416	SAMN10426592	seawater metagenome	SRP168697	2019-12-15 00:00:00 UTC	PRJNA505592	104	184	public	1561972.0
SRR8190817	AMPLICON	public	SRX5010476	Illumina MiSeq	ILLUMINA	SRS4044415	SAMN10426597	seawater metagenome	SRP168697	2019-12-15 00:00:00 UTC	PRJNA505592	141	224	public	1561972.0
SRR8190818	AMPLICON	public	SRX5010475	Illumina MiSeq	ILLUMINA	SRS4044414	SAMN10426598	seawater metagenome	SRP168697	2019-12-15 00:00:00 UTC	PRJNA505592	100	155	public	1561972.0
SRR8190819	AMPLICON	public	SRX5010474	Illumina MiSeq	ILLUMINA	SRS4044413	SAMN10426595	seawater metagenome	SRP168697	2019-12-15 00:00:00 UTC	PRJNA505592	0	0	public	1561972.0
SRR8190820	AMPLICON	public	SRX5010473	Illumina MiSeq	ILLUMINA	SRS4044412	SAMN10426596	seawater metagenome	SRP168697	2019-12-15 00:00:00 UTC	PRJNA505592	113	200	public	1561972.0
SRR8190821	AMPLICON	public	SRX5010472	Illumina MiSeq	ILLUMINA	SRS4044411	SAMN10426599	seawater metagenome	SRP168697	2019-12-15 00:00:00 UTC	PRJNA505592	89	137	public	1561972.0
SRR8190822	AMPLICON	public	SRX5010471	Illumina MiSeq	ILLUMINA	SRS4044410	SAMN10426600	seawater metagenome	SRP168697	2019-12-15 00:00:00 UTC	PRJNA505592	110	168	public	1561972.0
SRR8190823	AMPLICON	public	SRX5010470	Illumina MiSeq	ILLUMINA	SRS4044409	SAMN10426640	seawater metagenome	SRP168697	2019-12-15 00:00:00 UTC	PRJNA505592	59	94	public	1561972.0
SRR8190824	AMPLICON	public	SRX5010469	Illumina MiSeq	ILLUMINA	SRS4044408	SAMN10426639	seawater metagenome	SRP168697	2019-12-15 00:00:00 UTC	PRJNA505592	57	92	public	1561972.0
SRR8190825	AMPLICON	public	SRX5010468	Illumina MiSeq	ILLUMINA	SRS4044407	SAMN10426519	seawater metagenome	SRP168697	2019-12-15 00:00:00 UTC	PRJNA505592	4	7	public	1561972.0
SRR8190826	AMPLICON	public	SRX5010467	Illumina MiSeq	ILLUMINA	SRS4044406	SAMN10426520	seawater metagenome	SRP168697	2019-12-15 00:00:00 UTC	PRJNA505592	5	11	public	1561972.0
SRR8190827	AMPLICON	public	SRX5010466	Illumina MiSeq	ILLUMINA	SRS4044405	SAMN10426513	seawater metagenome	SRP168697	2019-12-15 00:00:00 UTC	PRJNA505592	5	11	public	1561972.0
SRR8190828	AMPLICON	public	SRX5010465	Illumina MiSeq	ILLUMINA	SRS4044404	SAMN10426514	seawater metagenome	SRP168697	2019-12-15 00:00:00 UTC	PRJNA505592	11	23	public	1561972.0
SRR8190829	AMPLICON	public	SRX5010464	Illumina MiSeq	ILLUMINA	SRS4044403	SAMN10426511	seawater metagenome	SRP168697	2019-12-15 00:00:00 UTC	PRJNA505592	5	11	public	1561972.0
SRR8190830	AMPLICON	public	SRX5010463	Illumina MiSeq	ILLUMINA	SRS4044402	SAMN10426512	seawater metagenome	SRP168697	2019-12-15 00:00:00 UTC	PRJNA505592	6	13	public	1561972.0
SRR8190831	AMPLICON	public	SRX5010462	Illumina MiSeq	ILLUMINA	SRS4044401	SAMN10426517	seawater metagenome	SRP168697	2019-12-15 00:00:00 UTC	PRJNA505592	6	14	public	1561972.0
SRR8190832	AMPLICON	public	SRX5010461	Illumina MiSeq	ILLUMINA	SRS4044400	SAMN10426518	seawater metagenome	SRP168697	2019-12-15 00:00:00 UTC	PRJNA505592	5	10	public	1561972.0
SRR8190833	AMPLICON	public	SRX5010460	Illumina MiSeq	ILLUMINA	SRS4044399	SAMN10426515	seawater metagenome	SRP168697	2019-12-15 00:00:00 UTC	PRJNA505592	3	6	public	1561972.0
SRR8190834	AMPLICON	public	SRX5010459	Illumina MiSeq	ILLUMINA	SRS4044398	SAMN10426516	seawater metagenome	SRP168697	2019-12-15 00:00:00 UTC	PRJNA505592	5	11	public	1561972.0
SRR8190835	AMPLICON	public	SRX5010458	Illumina MiSeq	ILLUMINA	SRS4044397	SAMN10426452	seawater metagenome	SRP168697	2019-12-15 00:00:00 UTC	PRJNA505592	87	153	public	1561972.0
SRR8190836	AMPLICON	public	SRX5010457	Illumina MiSeq	ILLUMINA	SRS4044396	SAMN10426455	seawater metagenome	SRP168697	2019-12-15 00:00:00 UTC	PRJNA505592	68	119	public	1561972.0
SRR8190837	AMPLICON	public	SRX5010456	Illumina MiSeq	ILLUMINA	SRS4044395	SAMN10426634	seawater metagenome	SRP168697	2019-12-15 00:00:00 UTC	PRJNA505592	104	162	public	1561972.0
SRR8190838	AMPLICON	public	SRX5010455	Illumina MiSeq	ILLUMINA	SRS4044394	SAMN10426415	seawater metagenome	SRP168697	2019-12-15 00:00:00 UTC	PRJNA505592	111	176	public	1561972.0
SRR8190839	AMPLICON	public	SRX5010454	Illumina MiSeq	ILLUMINA	SRS4044393	SAMN10426509	seawater metagenome	SRP168697	2019-12-15 00:00:00 UTC	PRJNA505592	5	11	public	1561972.0
SRR8190840	AMPLICON	public	SRX5010453	Illumina MiSeq	ILLUMINA	SRS4044392	SAMN10426510	seawater metagenome	SRP168697	2019-12-15 00:00:00 UTC	PRJNA505592	5	12	public	1561972.0
SRR8190841	AMPLICON	public	SRX5010452	Illumina MiSeq	ILLUMINA	SRS4044391	SAMN10426602	seawater metagenome	SRP168697	2019-12-15 00:00:00 UTC	PRJNA505592	92	138	public	1561972.0
SRR8190842	AMPLICON	public	SRX5010451	Illumina MiSeq	ILLUMINA	SRS4044390	SAMN10426601	seawater metagenome	SRP168697	2019-12-15 00:00:00 UTC	PRJNA505592	101	151	public	1561972.0
SRR8190843	AMPLICON	public	SRX5010450	Illumina MiSeq	ILLUMINA	SRS4044389	SAMN10426604	seawater metagenome	SRP168697	2019-12-15 00:00:00 UTC	PRJNA505592	18	28	public	1561972.0
SRR8190844	AMPLICON	public	SRX5010449	Illumina MiSeq	ILLUMINA	SRS4044388	SAMN10426603	seawater metagenome	SRP168697	2019-12-15 00:00:00 UTC	PRJNA505592	29	57	public	1561972.0
SRR8190845	AMPLICON	public	SRX5010448	Illumina MiSeq	ILLUMINA	SRS4044387	SAMN10426606	seawater metagenome	SRP168697	2019-12-15 00:00:00 UTC	PRJNA505592	137	214	public	1561972.0
SRR8190846	AMPLICON	public	SRX5010447	Illumina MiSeq	ILLUMINA	SRS4044386	SAMN10426605	seawater metagenome	SRP168697	2019-12-15 00:00:00 UTC	PRJNA505592	24	46	public	1561972.0
SRR8190847	AMPLICON	public	SRX5010446	Illumina MiSeq	ILLUMINA	SRS4044385	SAMN10426608	seawater metagenome	SRP168697	2019-12-15 00:00:00 UTC	PRJNA505592	151	235	public	1561972.0
SRR8190848	AMPLICON	public	SRX5010445	Illumina MiSeq	ILLUMINA	SRS4044384	SAMN10426607	seawater metagenome	SRP168697	2019-12-15 00:00:00 UTC	PRJNA505592	125	194	public	1561972.0
SRR8190849	AMPLICON	public	SRX5010444	Illumina MiSeq	ILLUMINA	SRS4044383	SAMN10426610	seawater metagenome	SRP168697	2019-12-15 00:00:00 UTC	PRJNA505592	75	137	public	1561972.0
SRR8190850	AMPLICON	public	SRX5010443	Illumina MiSeq	ILLUMINA	SRS4044382	SAMN10426609	seawater metagenome	SRP168697	2019-12-15 00:00:00 UTC	PRJNA505592	93	166	public	1561972.0
SRR8190851	AMPLICON	public	SRX5010442	Illumina MiSeq	ILLUMINA	SRS4044381	SAMN10426629	seawater metagenome	SRP168697	2019-12-15 00:00:00 UTC	PRJNA505592	101	153	public	1561972.0
SRR8190852	AMPLICON	public	SRX5010441	Illumina MiSeq	ILLUMINA	SRS4044380	SAMN10426630	seawater metagenome	SRP168697	2019-12-15 00:00:00 UTC	PRJNA505592	93	136	public	1561972.0
SRR8190853	AMPLICON	public	SRX5010440	Illumina MiSeq	ILLUMINA	SRS4044379	SAMN10426530	seawater metagenome	SRP168697	2019-12-15 00:00:00 UTC	PRJNA505592	65	117	public	1561972.0
SRR8190854	AMPLICON	public	SRX5010439	Illumina MiSeq	ILLUMINA	SRS4044378	SAMN10426529	seawater metagenome	SRP168697	2019-12-15 00:00:00 UTC	PRJNA505592	102	184	public	1561972.0
SRR8190855	AMPLICON	public	SRX5010438	Illumina MiSeq	ILLUMINA	SRS4044377	SAMN10426709	seawater metagenome	SRP168697	2019-12-15 00:00:00 UTC	PRJNA505592	52	82	public	1561972.0
SRR8190856	AMPLICON	public	SRX5010437	Illumina MiSeq	ILLUMINA	SRS4044376	SAMN10426710	seawater metagenome	SRP168697	2019-12-15 00:00:00 UTC	PRJNA505592	67	106	public	1561972.0
SRR8190857	AMPLICON	public	SRX5010436	Illumina MiSeq	ILLUMINA	SRS4044375	SAMN10426505	seawater metagenome	SRP168697	2019-12-15 00:00:00 UTC	PRJNA505592	6	13	public	1561972.0
SRR8190858	AMPLICON	public	SRX5010435	Illumina MiSeq	ILLUMINA	SRS4044374	SAMN10426522	seawater metagenome	SRP168697	2019-12-15 00:00:00 UTC	PRJNA505592	3	6	public	1561972.0
SRR8190859	AMPLICON	public	SRX5010434	Illumina MiSeq	ILLUMINA	SRS4044373	SAMN10426521	seawater metagenome	SRP168697	2019-12-15 00:00:00 UTC	PRJNA505592	25	53	public	1561972.0
SRR8190860	AMPLICON	public	SRX5010433	Illumina MiSeq	ILLUMINA	SRS4044372	SAMN10426524	seawater metagenome	SRP168697	2019-12-15 00:00:00 UTC	PRJNA505592	46	86	public	1561972.0
SRR8190861	AMPLICON	public	SRX5010432	Illumina MiSeq	ILLUMINA	SRS4044371	SAMN10426523	seawater metagenome	SRP168697	2019-12-15 00:00:00 UTC	PRJNA505592	10	23	public	1561972.0
SRR8190862	AMPLICON	public	SRX5010431	Illumina MiSeq	ILLUMINA	SRS4044370	SAMN10426526	seawater metagenome	SRP168697	2019-12-15 00:00:00 UTC	PRJNA505592	0	0	public	1561972.0
SRR8190863	AMPLICON	public	SRX5010430	Illumina MiSeq	ILLUMINA	SRS4044369	SAMN10426525	seawater metagenome	SRP168697	2019-12-15 00:00:00 UTC	PRJNA505592	0	0	public	1561972.0
SRR8190864	AMPLICON	public	SRX5010429	Illumina MiSeq	ILLUMINA	SRS4044368	SAMN10426528	seawater metagenome	SRP168697	2019-12-15 00:00:00 UTC	PRJNA505592	39	70	public	1561972.0
SRR8190865	AMPLICON	public	SRX5010428	Illumina MiSeq	ILLUMINA	SRS4044367	SAMN10426527	seawater metagenome	SRP168697	2019-12-15 00:00:00 UTC	PRJNA505592	19	34	public	1561972.0
SRR8190866	AMPLICON	public	SRX5010427	Illumina MiSeq	ILLUMINA	SRS4044366	SAMN10426490	seawater metagenome	SRP168697	2019-12-15 00:00:00 UTC	PRJNA505592	10	22	public	1561972.0
SRR8190867	AMPLICON	public	SRX5010426	Illumina MiSeq	ILLUMINA	SRS4044365	SAMN10426501	seawater metagenome	SRP168697	2019-12-15 00:00:00 UTC	PRJNA505592	5	12	public	1561972.0
SRR8190868	AMPLICON	public	SRX5010425	Illumina MiSeq	ILLUMINA	SRS4044364	SAMN10426459	seawater metagenome	SRP168697	2019-12-15 00:00:00 UTC	PRJNA505592	63	109	public	1561972.0
SRR8190869	AMPLICON	public	SRX5010424	Illumina MiSeq	ILLUMINA	SRS4044363	SAMN10426489	seawater metagenome	SRP168697	2019-12-15 00:00:00 UTC	PRJNA505592	11	23	public	1561972.0
SRR8190870	AMPLICON	public	SRX5010423	Illumina MiSeq	ILLUMINA	SRS4044362	SAMN10426486	seawater metagenome	SRP168697	2019-12-15 00:00:00 UTC	PRJNA505592	4	8	public	1561972.0
SRR8190871	AMPLICON	public	SRX5010422	Illumina MiSeq	ILLUMINA	SRS4044361	SAMN10426485	seawater metagenome	SRP168697	2019-12-15 00:00:00 UTC	PRJNA505592	13	27	public	1561972.0
SRR8190872	AMPLICON	public	SRX5010421	Illumina MiSeq	ILLUMINA	SRS4044360	SAMN10426460	seawater metagenome	SRP168697	2019-12-15 00:00:00 UTC	PRJNA505592	58	100	public	1561972.0
SRR8190873	AMPLICON	public	SRX5010420	Illumina MiSeq	ILLUMINA	SRS4044359	SAMN10426487	seawater metagenome	SRP168697	2019-12-15 00:00:00 UTC	PRJNA505592	9	19	public	1561972.0
SRR8190874	AMPLICON	public	SRX5010419	Illumina MiSeq	ILLUMINA	SRS4044358	SAMN10426482	seawater metagenome	SRP168697	2019-12-15 00:00:00 UTC	PRJNA505592	22	48	public	1561972.0
SRR8190875	AMPLICON	public	SRX5010418	Illumina MiSeq	ILLUMINA	SRS4044357	SAMN10426481	seawater metagenome	SRP168697	2019-12-15 00:00:00 UTC	PRJNA505592	13	28	public	1561972.0
SRR8190876	AMPLICON	public	SRX5010417	Illumina MiSeq	ILLUMINA	SRS4044356	SAMN10426484	seawater metagenome	SRP168697	2019-12-15 00:00:00 UTC	PRJNA505592	24	52	public	1561972.0
SRR8190877	AMPLICON	public	SRX5010416	Illumina MiSeq	ILLUMINA	SRS4044355	SAMN10426483	seawater metagenome	SRP168697	2019-12-15 00:00:00 UTC	PRJNA505592	13	29	public	1561972.0
SRR8190878	AMPLICON	public	SRX5010415	Illumina MiSeq	ILLUMINA	SRS4044354	SAMN10426612	seawater metagenome	SRP168697	2019-12-15 00:00:00 UTC	PRJNA505592	42	65	public	1561972.0
SRR8190879	AMPLICON	public	SRX5010414	Illumina MiSeq	ILLUMINA	SRS4044353	SAMN10426611	seawater metagenome	SRP168697	2019-12-15 00:00:00 UTC	PRJNA505592	106	188	public	1561972.0
SRR8190880	AMPLICON	public	SRX5010413	Illumina MiSeq	ILLUMINA	SRS4044352	SAMN10426614	seawater metagenome	SRP168697	2019-12-15 00:00:00 UTC	PRJNA505592	132	208	public	1561972.0
SRR8190881	AMPLICON	public	SRX5010412	Illumina MiSeq	ILLUMINA	SRS4044351	SAMN10426613	seawater metagenome	SRP168697	2019-12-15 00:00:00 UTC	PRJNA505592	0	1	public	1561972.0
SRR8190882	AMPLICON	public	SRX5010411	Illumina MiSeq	ILLUMINA	SRS4044350	SAMN10426616	seawater metagenome	SRP168697	2019-12-15 00:00:00 UTC	PRJNA505592	109	195	public	1561972.0
SRR8190883	AMPLICON	public	SRX5010410	Illumina MiSeq	ILLUMINA	SRS4044349	SAMN10426615	seawater metagenome	SRP168697	2019-12-15 00:00:00 UTC	PRJNA505592	70	126	public	1561972.0
SRR8190884	AMPLICON	public	SRX5010409	Illumina MiSeq	ILLUMINA	SRS4044348	SAMN10426618	seawater metagenome	SRP168697	2019-12-15 00:00:00 UTC	PRJNA505592	85	148	public	1561972.0
SRR8190885	AMPLICON	public	SRX5010408	Illumina MiSeq	ILLUMINA	SRS4044347	SAMN10426617	seawater metagenome	SRP168697	2019-12-15 00:00:00 UTC	PRJNA505592	95	166	public	1561972.0
SRR8190886	AMPLICON	public	SRX5010407	Illumina MiSeq	ILLUMINA	SRS4044346	SAMN10426620	seawater metagenome	SRP168697	2019-12-15 00:00:00 UTC	PRJNA505592	91	162	public	1561972.0
SRR8190887	AMPLICON	public	SRX5010406	Illumina MiSeq	ILLUMINA	SRS4044345	SAMN10426619	seawater metagenome	SRP168697	2019-12-15 00:00:00 UTC	PRJNA505592	115	198	public	1561972.0
SRR8190888	AMPLICON	public	SRX5010405	Illumina MiSeq	ILLUMINA	SRS4044344	SAMN10426700	seawater metagenome	SRP168697	2019-12-15 00:00:00 UTC	PRJNA505592	73	118	public	1561972.0
SRR8190889	AMPLICON	public	SRX5010404	Illumina MiSeq	ILLUMINA	SRS4044343	SAMN10426699	seawater metagenome	SRP168697	2019-12-15 00:00:00 UTC	PRJNA505592	88	154	public	1561972.0
SRR8190890	AMPLICON	public	SRX5010403	Illumina MiSeq	ILLUMINA	SRS4044342	SAMN10426492	seawater metagenome	SRP168697	2019-12-15 00:00:00 UTC	PRJNA505592	14	29	public	1561972.0
SRR8190891	AMPLICON	public	SRX5010402	Illumina MiSeq	ILLUMINA	SRS4044341	SAMN10426420	seawater metagenome	SRP168697	2019-12-15 00:00:00 UTC	PRJNA505592	72	128	public	1561972.0
SRR8190892	AMPLICON	public	SRX5010401	Illumina MiSeq	ILLUMINA	SRS4044340	SAMN10426508	seawater metagenome	SRP168697	2019-12-15 00:00:00 UTC	PRJNA505592	7	15	public	1561972.0
SRR8190893	AMPLICON	public	SRX5010400	Illumina MiSeq	ILLUMINA	SRS4044339	SAMN10426507	seawater metagenome	SRP168697	2019-12-15 00:00:00 UTC	PRJNA505592	6	13	public	1561972.0
SRR8190894	AMPLICON	public	SRX5010399	Illumina MiSeq	ILLUMINA	SRS4044338	SAMN10426506	seawater metagenome	SRP168697	2019-12-15 00:00:00 UTC	PRJNA505592	7	14	public	1561972.0
SRR8190895	AMPLICON	public	SRX5010398	Illumina MiSeq	ILLUMINA	SRS4044337	SAMN10426724	seawater metagenome	SRP168697	2019-12-15 00:00:00 UTC	PRJNA505592	12	23	public	1561972.0
SRR8190896	AMPLICON	public	SRX5010397	Illumina MiSeq	ILLUMINA	SRS4044336	SAMN10426692	seawater metagenome	SRP168697	2019-12-15 00:00:00 UTC	PRJNA505592	63	112	public	1561972.0
SRR8190897	AMPLICON	public	SRX5010396	Illumina MiSeq	ILLUMINA	SRS4044335	SAMN10426691	seawater metagenome	SRP168697	2019-12-15 00:00:00 UTC	PRJNA505592	36	64	public	1561972.0
SRR8190898	AMPLICON	public	SRX5010395	Illumina MiSeq	ILLUMINA	SRS4044334	SAMN10426694	seawater metagenome	SRP168697	2019-12-15 00:00:00 UTC	PRJNA505592	77	123	public	1561972.0
SRR8190899	AMPLICON	public	SRX5010394	Illumina MiSeq	ILLUMINA	SRS4044333	SAMN10426693	seawater metagenome	SRP168697	2019-12-15 00:00:00 UTC	PRJNA505592	110	174	public	1561972.0
SRR8190900	AMPLICON	public	SRX5010393	Illumina MiSeq	ILLUMINA	SRS4044332	SAMN10426696	seawater metagenome	SRP168697	2019-12-15 00:00:00 UTC	PRJNA505592	85	137	public	1561972.0
SRR8190901	AMPLICON	public	SRX5010392	Illumina MiSeq	ILLUMINA	SRS4044331	SAMN10426695	seawater metagenome	SRP168697	2019-12-15 00:00:00 UTC	PRJNA505592	79	127	public	1561972.0
SRR8190902	AMPLICON	public	SRX5010391	Illumina MiSeq	ILLUMINA	SRS4044330	SAMN10426698	seawater metagenome	SRP168697	2019-12-15 00:00:00 UTC	PRJNA505592	62	100	public	1561972.0
SRR8190903	AMPLICON	public	SRX5010390	Illumina MiSeq	ILLUMINA	SRS4044329	SAMN10426697	seawater metagenome	SRP168697	2019-12-15 00:00:00 UTC	PRJNA505592	61	98	public	1561972.0
SRR8190904	AMPLICON	public	SRX5010389	Illumina MiSeq	ILLUMINA	SRS4044328	SAMN10426412	seawater metagenome	SRP168697	2019-12-15 00:00:00 UTC	PRJNA505592	67	121	public	1561972.0
SRR8190905	AMPLICON	public	SRX5010388	Illumina MiSeq	ILLUMINA	SRS4044327	SAMN10426411	seawater metagenome	SRP168697	2019-12-15 00:00:00 UTC	PRJNA505592	0	0	public	1561972.0
SRR8190906	AMPLICON	public	SRX5010387	Illumina MiSeq	ILLUMINA	SRS4044326	SAMN10426414	seawater metagenome	SRP168697	2019-12-15 00:00:00 UTC	PRJNA505592	138	215	public	1561972.0
SRR8190907	AMPLICON	public	SRX5010386	Illumina MiSeq	ILLUMINA	SRS4044325	SAMN10426413	seawater metagenome	SRP168697	2019-12-15 00:00:00 UTC	PRJNA505592	59	106	public	1561972.0
SRR8190908	AMPLICON	public	SRX5010385	Illumina MiSeq	ILLUMINA	SRS4044324	SAMN10426579	seawater metagenome	SRP168697	2019-12-15 00:00:00 UTC	PRJNA505592	87	131	public	1561972.0
SRR8190909	AMPLICON	public	SRX5010384	Illumina MiSeq	ILLUMINA	SRS4044323	SAMN10426580	seawater metagenome	SRP168697	2019-12-15 00:00:00 UTC	PRJNA505592	102	165	public	1561972.0
SRR8190910	AMPLICON	public	SRX5010383	Illumina MiSeq	ILLUMINA	SRS4044322	SAMN10426418	seawater metagenome	SRP168697	2019-12-15 00:00:00 UTC	PRJNA505592	128	200	public	1561972.0
SRR8190911	AMPLICON	public	SRX5010382	Illumina MiSeq	ILLUMINA	SRS4044321	SAMN10426417	seawater metagenome	SRP168697	2019-12-15 00:00:00 UTC	PRJNA505592	100	156	public	1561972.0
SRR8190912	AMPLICON	public	SRX5010381	Illumina MiSeq	ILLUMINA	SRS4044320	SAMN10426575	seawater metagenome	SRP168697	2019-12-15 00:00:00 UTC	PRJNA505592	38	67	public	1561972.0
SRR8190913	AMPLICON	public	SRX5010380	Illumina MiSeq	ILLUMINA	SRS4044319	SAMN10426576	seawater metagenome	SRP168697	2019-12-15 00:00:00 UTC	PRJNA505592	33	57	public	1561972.0
SRR8190914	AMPLICON	public	SRX5010379	Illumina MiSeq	ILLUMINA	SRS4044318	SAMN10426577	seawater metagenome	SRP168697	2019-12-15 00:00:00 UTC	PRJNA505592	109	171	public	1561972.0
SRR8190915	AMPLICON	public	SRX5010378	Illumina MiSeq	ILLUMINA	SRS4044316	SAMN10426578	seawater metagenome	SRP168697	2019-12-15 00:00:00 UTC	PRJNA505592	143	223	public	1561972.0
SRR8190916	AMPLICON	public	SRX5010377	Illumina MiSeq	ILLUMINA	SRS4044317	SAMN10426571	seawater metagenome	SRP168697	2019-12-15 00:00:00 UTC	PRJNA505592	31	53	public	1561972.0
SRR8190917	AMPLICON	public	SRX5010376	Illumina MiSeq	ILLUMINA	SRS4044315	SAMN10426572	seawater metagenome	SRP168697	2019-12-15 00:00:00 UTC	PRJNA505592	66	112	public	1561972.0
SRR8190918	AMPLICON	public	SRX5010375	Illumina MiSeq	ILLUMINA	SRS4044314	SAMN10426573	seawater metagenome	SRP168697	2019-12-15 00:00:00 UTC	PRJNA505592	37	62	public	1561972.0
SRR8190919	AMPLICON	public	SRX5010374	Illumina MiSeq	ILLUMINA	SRS4044313	SAMN10426574	seawater metagenome	SRP168697	2019-12-15 00:00:00 UTC	PRJNA505592	41	71	public	1561972.0
SRR8190920	AMPLICON	public	SRX5010373	Illumina MiSeq	ILLUMINA	SRS4044312	SAMN10426419	seawater metagenome	SRP168697	2019-12-15 00:00:00 UTC	PRJNA505592	63	114	public	1561972.0
SRR8190921	AMPLICON	public	SRX5010372	Illumina MiSeq	ILLUMINA	SRS4044311	SAMN10426479	seawater metagenome	SRP168697	2019-12-15 00:00:00 UTC	PRJNA505592	17	37	public	1561972.0
SRR8190922	AMPLICON	public	SRX5010371	Illumina MiSeq	ILLUMINA	SRS4044310	SAMN10426480	seawater metagenome	SRP168697	2019-12-15 00:00:00 UTC	PRJNA505592	10	21	public	1561972.0
SRR8190923	AMPLICON	public	SRX5010370	Illumina MiSeq	ILLUMINA	SRS4044309	SAMN10426477	seawater metagenome	SRP168697	2019-12-15 00:00:00 UTC	PRJNA505592	7	15	public	1561972.0
SRR8190924	AMPLICON	public	SRX5010369	Illumina MiSeq	ILLUMINA	SRS4044307	SAMN10426478	seawater metagenome	SRP168697	2019-12-15 00:00:00 UTC	PRJNA505592	7	15	public	1561972.0
SRR8190925	AMPLICON	public	SRX5010368	Illumina MiSeq	ILLUMINA	SRS4044306	SAMN10426475	seawater metagenome	SRP168697	2019-12-15 00:00:00 UTC	PRJNA505592	11	26	public	1561972.0
SRR8190926	AMPLICON	public	SRX5010367	Illumina MiSeq	ILLUMINA	SRS4044305	SAMN10426476	seawater metagenome	SRP168697	2019-12-15 00:00:00 UTC	PRJNA505592	9	20	public	1561972.0
SRR8190927	AMPLICON	public	SRX5010366	Illumina MiSeq	ILLUMINA	SRS4044304	SAMN10426473	seawater metagenome	SRP168697	2019-12-15 00:00:00 UTC	PRJNA505592	20	44	public	1561972.0
SRR8190928	AMPLICON	public	SRX5010365	Illumina MiSeq	ILLUMINA	SRS4044303	SAMN10426474	seawater metagenome	SRP168697	2019-12-15 00:00:00 UTC	PRJNA505592	21	46	public	1561972.0
SRR8190929	AMPLICON	public	SRX5010364	Illumina MiSeq	ILLUMINA	SRS4044308	SAMN10426471	seawater metagenome	SRP168697	2019-12-15 00:00:00 UTC	PRJNA505592	19	42	public	1561972.0
SRR8190930	AMPLICON	public	SRX5010363	Illumina MiSeq	ILLUMINA	SRS4044302	SAMN10426472	seawater metagenome	SRP168697	2019-12-15 00:00:00 UTC	PRJNA505592	18	38	public	1561972.0
SRR8190931	AMPLICON	public	SRX5010362	Illumina MiSeq	ILLUMINA	SRS4044301	SAMN10426468	seawater metagenome	SRP168697	2019-12-15 00:00:00 UTC	PRJNA505592	26	54	public	1561972.0
SRR8190932	AMPLICON	public	SRX5010361	Illumina MiSeq	ILLUMINA	SRS4044300	SAMN10426500	seawater metagenome	SRP168697	2019-12-15 00:00:00 UTC	PRJNA505592	8	17	public	1561972.0
SRR8190933	AMPLICON	public	SRX5010360	Illumina MiSeq	ILLUMINA	SRS4044299	SAMN10426495	seawater metagenome	SRP168697	2019-12-15 00:00:00 UTC	PRJNA505592	6	14	public	1561972.0
SRR8190934	AMPLICON	public	SRX5010359	Illumina MiSeq	ILLUMINA	SRS4044298	SAMN10426496	seawater metagenome	SRP168697	2019-12-15 00:00:00 UTC	PRJNA505592	6	14	public	1561972.0
SRR8190935	AMPLICON	public	SRX5010358	Illumina MiSeq	ILLUMINA	SRS4044297	SAMN10426497	seawater metagenome	SRP168697	2019-12-15 00:00:00 UTC	PRJNA505592	7	16	public	1561972.0
SRR8190936	AMPLICON	public	SRX5010357	Illumina MiSeq	ILLUMINA	SRS4044296	SAMN10426498	seawater metagenome	SRP168697	2019-12-15 00:00:00 UTC	PRJNA505592	4	9	public	1561972.0
SRR8190937	AMPLICON	public	SRX5010356	Illumina MiSeq	ILLUMINA	SRS4044295	SAMN10426491	seawater metagenome	SRP168697	2019-12-15 00:00:00 UTC	PRJNA505592	31	68	public	1561972.0
SRR8190938	AMPLICON	public	SRX5010355	Illumina MiSeq	ILLUMINA	SRS4044294	SAMN10426488	seawater metagenome	SRP168697	2019-12-15 00:00:00 UTC	PRJNA505592	11	23	public	1561972.0
SRR8190939	AMPLICON	public	SRX5010354	Illumina MiSeq	ILLUMINA	SRS4044293	SAMN10426493	seawater metagenome	SRP168697	2019-12-15 00:00:00 UTC	PRJNA505592	26	56	public	1561972.0
SRR8190940	AMPLICON	public	SRX5010353	Illumina MiSeq	ILLUMINA	SRS4044292	SAMN10426494	seawater metagenome	SRP168697	2019-12-15 00:00:00 UTC	PRJNA505592	13	28	public	1561972.0
SRR8190941	AMPLICON	public	SRX5010352	Illumina MiSeq	ILLUMINA	SRS4044291	SAMN10426685	seawater metagenome	SRP168697	2019-12-15 00:00:00 UTC	PRJNA505592	58	103	public	1561972.0
SRR8190942	AMPLICON	public	SRX5010351	Illumina MiSeq	ILLUMINA	SRS4044290	SAMN10426686	seawater metagenome	SRP168697	2019-12-15 00:00:00 UTC	PRJNA505592	55	95	public	1561972.0
SRR8190943	AMPLICON	public	SRX5010350	Illumina MiSeq	ILLUMINA	SRS4044289	SAMN10426687	seawater metagenome	SRP168697	2019-12-15 00:00:00 UTC	PRJNA505592	0	1	public	1561972.0
SRR8190944	AMPLICON	public	SRX5010349	Illumina MiSeq	ILLUMINA	SRS4044288	SAMN10426688	seawater metagenome	SRP168697	2019-12-15 00:00:00 UTC	PRJNA505592	40	72	public	1561972.0
SRR8190945	AMPLICON	public	SRX5010348	Illumina MiSeq	ILLUMINA	SRS4044287	SAMN10426681	seawater metagenome	SRP168697	2019-12-15 00:00:00 UTC	PRJNA505592	101	184	public	1561972.0
SRR8190946	AMPLICON	public	SRX5010347	Illumina MiSeq	ILLUMINA	SRS4044286	SAMN10426682	seawater metagenome	SRP168697	2019-12-15 00:00:00 UTC	PRJNA505592	48	86	public	1561972.0
SRR8190947	AMPLICON	public	SRX5010346	Illumina MiSeq	ILLUMINA	SRS4044285	SAMN10426683	seawater metagenome	SRP168697	2019-12-15 00:00:00 UTC	PRJNA505592	62	110	public	1561972.0
SRR8190948	AMPLICON	public	SRX5010345	Illumina MiSeq	ILLUMINA	SRS4044284	SAMN10426684	seawater metagenome	SRP168697	2019-12-15 00:00:00 UTC	PRJNA505592	136	241	public	1561972.0
SRR8190949	AMPLICON	public	SRX5010344	Illumina MiSeq	ILLUMINA	SRS4044283	SAMN10426689	seawater metagenome	SRP168697	2019-12-15 00:00:00 UTC	PRJNA505592	49	87	public	1561972.0
SRR8190950	AMPLICON	public	SRX5010343	Illumina MiSeq	ILLUMINA	SRS4044282	SAMN10426690	seawater metagenome	SRP168697	2019-12-15 00:00:00 UTC	PRJNA505592	45	80	public	1561972.0
SRR8190951	AMPLICON	public	SRX5010342	Illumina MiSeq	ILLUMINA	SRS4044281	SAMN10426590	seawater metagenome	SRP168697	2019-12-15 00:00:00 UTC	PRJNA505592	96	167	public	1561972.0
SRR8190952	AMPLICON	public	SRX5010341	Illumina MiSeq	ILLUMINA	SRS4044280	SAMN10426589	seawater metagenome	SRP168697	2019-12-15 00:00:00 UTC	PRJNA505592	79	136	public	1561972.0
SRR8190953	AMPLICON	public	SRX5010340	Illumina MiSeq	ILLUMINA	SRS4044279	SAMN10426584	seawater metagenome	SRP168697	2019-12-15 00:00:00 UTC	PRJNA505592	79	119	public	1561972.0
SRR8190954	AMPLICON	public	SRX5010339	Illumina MiSeq	ILLUMINA	SRS4044278	SAMN10426583	seawater metagenome	SRP168697	2019-12-15 00:00:00 UTC	PRJNA505592	78	118	public	1561972.0
SRR8190955	AMPLICON	public	SRX5010338	Illumina MiSeq	ILLUMINA	SRS4044277	SAMN10426582	seawater metagenome	SRP168697	2019-12-15 00:00:00 UTC	PRJNA505592	92	139	public	1561972.0
SRR8190956	AMPLICON	public	SRX5010337	Illumina MiSeq	ILLUMINA	SRS4044276	SAMN10426581	seawater metagenome	SRP168697	2019-12-15 00:00:00 UTC	PRJNA505592	120	188	public	1561972.0
SRR8190957	AMPLICON	public	SRX5010336	Illumina MiSeq	ILLUMINA	SRS4044275	SAMN10426588	seawater metagenome	SRP168697	2019-12-15 00:00:00 UTC	PRJNA505592	94	162	public	1561972.0
SRR8190958	AMPLICON	public	SRX5010335	Illumina MiSeq	ILLUMINA	SRS4044274	SAMN10426587	seawater metagenome	SRP168697	2019-12-15 00:00:00 UTC	PRJNA505592	18	28	public	1561972.0
SRR8190959	AMPLICON	public	SRX5010334	Illumina MiSeq	ILLUMINA	SRS4044273	SAMN10426586	seawater metagenome	SRP168697	2019-12-15 00:00:00 UTC	PRJNA505592	19	30	public	1561972.0
SRR8190960	AMPLICON	public	SRX5010333	Illumina MiSeq	ILLUMINA	SRS4044272	SAMN10426585	seawater metagenome	SRP168697	2019-12-15 00:00:00 UTC	PRJNA505592	114	179	public	1561972.0
SRR8190961	AMPLICON	public	SRX5010332	Illumina MiSeq	ILLUMINA	SRS4044271	SAMN10426430	seawater metagenome	SRP168697	2019-12-15 00:00:00 UTC	PRJNA505592	61	110	public	1561972.0
SRR8190962	AMPLICON	public	SRX5010331	Illumina MiSeq	ILLUMINA	SRS4044270	SAMN10426429	seawater metagenome	SRP168697	2019-12-15 00:00:00 UTC	PRJNA505592	109	170	public	1561972.0
SRR8190963	AMPLICON	public	SRX5010330	Illumina MiSeq	ILLUMINA	SRS4044269	SAMN10426424	seawater metagenome	SRP168697	2019-12-15 00:00:00 UTC	PRJNA505592	75	134	public	1561972.0
SRR8190964	AMPLICON	public	SRX5010329	Illumina MiSeq	ILLUMINA	SRS4044268	SAMN10426423	seawater metagenome	SRP168697	2019-12-15 00:00:00 UTC	PRJNA505592	46	71	public	1561972.0
SRR8190965	AMPLICON	public	SRX5010328	Illumina MiSeq	ILLUMINA	SRS4044267	SAMN10426422	seawater metagenome	SRP168697	2019-12-15 00:00:00 UTC	PRJNA505592	92	139	public	1561972.0
SRR8190966	AMPLICON	public	SRX5010327	Illumina MiSeq	ILLUMINA	SRS4044266	SAMN10426421	seawater metagenome	SRP168697	2019-12-15 00:00:00 UTC	PRJNA505592	38	68	public	1561972.0
SRR8190967	AMPLICON	public	SRX5010326	Illumina MiSeq	ILLUMINA	SRS4044265	SAMN10426428	seawater metagenome	SRP168697	2019-12-15 00:00:00 UTC	PRJNA505592	127	199	public	1561972.0
SRR8190968	AMPLICON	public	SRX5010325	Illumina MiSeq	ILLUMINA	SRS4044264	SAMN10426427	seawater metagenome	SRP168697	2019-12-15 00:00:00 UTC	PRJNA505592	95	148	public	1561972.0
SRR8190969	AMPLICON	public	SRX5010324	Illumina MiSeq	ILLUMINA	SRS4044263	SAMN10426426	seawater metagenome	SRP168697	2019-12-15 00:00:00 UTC	PRJNA505592	46	76	public	1561972.0
SRR8190970	AMPLICON	public	SRX5010323	Illumina MiSeq	ILLUMINA	SRS4044262	SAMN10426425	seawater metagenome	SRP168697	2019-12-15 00:00:00 UTC	PRJNA505592	50	88	public	1561972.0
SRR8190971	AMPLICON	public	SRX5010322	Illumina MiSeq	ILLUMINA	SRS4044261	SAMN10426719	seawater metagenome	SRP168697	2019-12-15 00:00:00 UTC	PRJNA505592	18	32	public	1561972.0
SRR8190972	AMPLICON	public	SRX5010321	Illumina MiSeq	ILLUMINA	SRS4044260	SAMN10426720	seawater metagenome	SRP168697	2019-12-15 00:00:00 UTC	PRJNA505592	23	44	public	1561972.0
SRR8190973	AMPLICON	public	SRX5010320	Illumina MiSeq	ILLUMINA	SRS4044259	SAMN10426711	seawater metagenome	SRP168697	2019-12-15 00:00:00 UTC	PRJNA505592	41	65	public	1561972.0
SRR8190974	AMPLICON	public	SRX5010319	Illumina MiSeq	ILLUMINA	SRS4044258	SAMN10426712	seawater metagenome	SRP168697	2019-12-15 00:00:00 UTC	PRJNA505592	69	109	public	1561972.0
SRR8190975	AMPLICON	public	SRX5010318	Illumina MiSeq	ILLUMINA	SRS4044257	SAMN10426713	seawater metagenome	SRP168697	2019-12-15 00:00:00 UTC	PRJNA505592	65	103	public	1561972.0
SRR8190976	AMPLICON	public	SRX5010317	Illumina MiSeq	ILLUMINA	SRS4044256	SAMN10426714	seawater metagenome	SRP168697	2019-12-15 00:00:00 UTC	PRJNA505592	43	70	public	1561972.0
SRR8190977	AMPLICON	public	SRX5010316	Illumina MiSeq	ILLUMINA	SRS4044255	SAMN10426715	seawater metagenome	SRP168697	2019-12-15 00:00:00 UTC	PRJNA505592	74	119	public	1561972.0
SRR8190978	AMPLICON	public	SRX5010315	Illumina MiSeq	ILLUMINA	SRS4044254	SAMN10426716	seawater metagenome	SRP168697	2019-12-15 00:00:00 UTC	PRJNA505592	95	151	public	1561972.0
SRR8190979	AMPLICON	public	SRX5010314	Illumina MiSeq	ILLUMINA	SRS4044253	SAMN10426717	seawater metagenome	SRP168697	2019-12-15 00:00:00 UTC	PRJNA505592	0	0	public	1561972.0
SRR8190980	AMPLICON	public	SRX5010313	Illumina MiSeq	ILLUMINA	SRS4044252	SAMN10426718	seawater metagenome	SRP168697	2019-12-15 00:00:00 UTC	PRJNA505592	8	15	public	1561972.0
SRR8190981	AMPLICON	public	SRX5010312	Illumina MiSeq	ILLUMINA	SRS4044251	SAMN10426674	seawater metagenome	SRP168697	2019-12-15 00:00:00 UTC	PRJNA505592	92	162	public	1561972.0
SRR8190982	AMPLICON	public	SRX5010311	Illumina MiSeq	ILLUMINA	SRS4044250	SAMN10426673	seawater metagenome	SRP168697	2019-12-15 00:00:00 UTC	PRJNA505592	72	119	public	1561972.0
SRR8190983	AMPLICON	public	SRX5010310	Illumina MiSeq	ILLUMINA	SRS4044249	SAMN10426672	seawater metagenome	SRP168697	2019-12-15 00:00:00 UTC	PRJNA505592	91	159	public	1561972.0
SRR8190984	AMPLICON	public	SRX5010309	Illumina MiSeq	ILLUMINA	SRS4044248	SAMN10426671	seawater metagenome	SRP168697	2019-12-15 00:00:00 UTC	PRJNA505592	83	127	public	1561972.0
SRR8190985	AMPLICON	public	SRX5010308	Illumina MiSeq	ILLUMINA	SRS4044247	SAMN10426678	seawater metagenome	SRP168697	2019-12-15 00:00:00 UTC	PRJNA505592	81	130	public	1561972.0
SRR8190986	AMPLICON	public	SRX5010307	Illumina MiSeq	ILLUMINA	SRS4044246	SAMN10426677	seawater metagenome	SRP168697	2019-12-15 00:00:00 UTC	PRJNA505592	6	10	public	1561972.0
SRR8190987	AMPLICON	public	SRX5010306	Illumina MiSeq	ILLUMINA	SRS4044245	SAMN10426676	seawater metagenome	SRP168697	2019-12-15 00:00:00 UTC	PRJNA505592	61	104	public	1561972.0
SRR8190988	AMPLICON	public	SRX5010305	Illumina MiSeq	ILLUMINA	SRS4044244	SAMN10426675	seawater metagenome	SRP168697	2019-12-15 00:00:00 UTC	PRJNA505592	56	95	public	1561972.0
SRR8190989	AMPLICON	public	SRX5010304	Illumina MiSeq	ILLUMINA	SRS4044243	SAMN10426470	seawater metagenome	SRP168697	2019-12-15 00:00:00 UTC	PRJNA505592	4	8	public	1561972.0
SRR8190990	AMPLICON	public	SRX5010303	Illumina MiSeq	ILLUMINA	SRS4044242	SAMN10426680	seawater metagenome	SRP168697	2019-12-15 00:00:00 UTC	PRJNA505592	87	140	public	1561972.0
SRR8190991	AMPLICON	public	SRX5010302	Illumina MiSeq	ILLUMINA	SRS4044241	SAMN10426679	seawater metagenome	SRP168697	2019-12-15 00:00:00 UTC	PRJNA505592	100	162	public	1561972.0
SRR8190992	AMPLICON	public	SRX5010301	Illumina MiSeq	ILLUMINA	SRS4044240	SAMN10426499	seawater metagenome	SRP168697	2019-12-15 00:00:00 UTC	PRJNA505592	4	10	public	1561972.0
SRR8190993	AMPLICON	public	SRX5010300	Illumina MiSeq	ILLUMINA	SRS4044239	SAMN10426469	seawater metagenome	SRP168697	2019-12-15 00:00:00 UTC	PRJNA505592	11	24	public	1561972.0
SRR8190994	AMPLICON	public	SRX5010299	Illumina MiSeq	ILLUMINA	SRS4044238	SAMN10426557	seawater metagenome	SRP168697	2019-12-15 00:00:00 UTC	PRJNA505592	70	122	public	1561972.0
SRR8190995	AMPLICON	public	SRX5010298	Illumina MiSeq	ILLUMINA	SRS4044237	SAMN10426558	seawater metagenome	SRP168697	2019-12-15 00:00:00 UTC	PRJNA505592	44	75	public	1561972.0
SRR8190996	AMPLICON	public	SRX5010297	Illumina MiSeq	ILLUMINA	SRS4044236	SAMN10426555	seawater metagenome	SRP168697	2019-12-15 00:00:00 UTC	PRJNA505592	72	124	public	1561972.0
SRR8190997	AMPLICON	public	SRX5010296	Illumina MiSeq	ILLUMINA	SRS4044235	SAMN10426556	seawater metagenome	SRP168697	2019-12-15 00:00:00 UTC	PRJNA505592	58	103	public	1561972.0
SRR8190998	AMPLICON	public	SRX5010295	Illumina MiSeq	ILLUMINA	SRS4044234	SAMN10426553	seawater metagenome	SRP168697	2019-12-15 00:00:00 UTC	PRJNA505592	19	34	public	1561972.0
SRR8190999	AMPLICON	public	SRX5010294	Illumina MiSeq	ILLUMINA	SRS4044233	SAMN10426554	seawater metagenome	SRP168697	2019-12-15 00:00:00 UTC	PRJNA505592	68	120	public	1561972.0
SRR8191000	AMPLICON	public	SRX5010293	Illumina MiSeq	ILLUMINA	SRS4044232	SAMN10426551	seawater metagenome	SRP168697	2019-12-15 00:00:00 UTC	PRJNA505592	39	70	public	1561972.0
SRR8191001	AMPLICON	public	SRX5010292	Illumina MiSeq	ILLUMINA	SRS4044231	SAMN10426552	seawater metagenome	SRP168697	2019-12-15 00:00:00 UTC	PRJNA505592	61	109	public	1561972.0
SRR8191002	AMPLICON	public	SRX5010291	Illumina MiSeq	ILLUMINA	SRS4044230	SAMN10426503	seawater metagenome	SRP168697	2019-12-15 00:00:00 UTC	PRJNA505592	17	38	public	1561972.0
SRR8191003	AMPLICON	public	SRX5010290	Illumina MiSeq	ILLUMINA	SRS4044229	SAMN10426559	seawater metagenome	SRP168697	2019-12-15 00:00:00 UTC	PRJNA505592	16	26	public	1561972.0
SRR8191004	AMPLICON	public	SRX5010289	Illumina MiSeq	ILLUMINA	SRS4044228	SAMN10426560	seawater metagenome	SRP168697	2019-12-15 00:00:00 UTC	PRJNA505592	0	0	public	1561972.0
SRR8191005	AMPLICON	public	SRX5010288	Illumina MiSeq	ILLUMINA	SRS4044227	SAMN10426502	seawater metagenome	SRP168697	2019-12-15 00:00:00 UTC	PRJNA505592	7	17	public	1561972.0
SRR8191006	AMPLICON	public	SRX5010287	Illumina MiSeq	ILLUMINA	SRS4044226	SAMN10426451	seawater metagenome	SRP168697	2019-12-15 00:00:00 UTC	PRJNA505592	85	149	public	1561972.0
SRR8191007	AMPLICON	public	SRX5010286	Illumina MiSeq	ILLUMINA	SRS4044225	SAMN10426722	seawater metagenome	SRP168697	2019-12-15 00:00:00 UTC	PRJNA505592	25	48	public	1561972.0
SRR8191008	AMPLICON	public	SRX5010603	Illumina MiSeq	ILLUMINA	SRS4044542	SAMN10426728	seawater metagenome	SRP168697	2019-12-15 00:00:00 UTC	PRJNA505592	0	0	public	1561972.0
SRR8191009	AMPLICON	public	SRX5010602	Illumina MiSeq	ILLUMINA	SRS4044541	SAMN10426727	seawater metagenome	SRP168697	2019-12-15 00:00:00 UTC	PRJNA505592	0	0	public	1561972.0
SRR8191010	AMPLICON	public	SRX5010601	Illumina MiSeq	ILLUMINA	SRS4044540	SAMN10426726	seawater metagenome	SRP168697	2019-12-15 00:00:00 UTC	PRJNA505592	0	0	public	1561972.0
SRR8191011	AMPLICON	public	SRX5010600	Illumina MiSeq	ILLUMINA	SRS4044539	SAMN10426725	seawater metagenome	SRP168697	2019-12-15 00:00:00 UTC	PRJNA505592	41	73	public	1561972.0
SRR8191012	AMPLICON	public	SRX5010583	Illumina MiSeq	ILLUMINA	SRS4044523	SAMN10426721	seawater metagenome	SRP168697	2019-12-15 00:00:00 UTC	PRJNA505592	21	41	public	1561972.0
SRR8191013	AMPLICON	public	SRX5010599	Illumina MiSeq	ILLUMINA	SRS4044538	SAMN10426623	seawater metagenome	SRP168697	2019-12-15 00:00:00 UTC	PRJNA505592	0	0	public	1561972.0
SRR8191014	AMPLICON	public	SRX5010598	Illumina MiSeq	ILLUMINA	SRS4044537	SAMN10426723	seawater metagenome	SRP168697	2019-12-15 00:00:00 UTC	PRJNA505592	21	38	public	1561972.0
SRR8191015	AMPLICON	public	SRX5010597	Illumina MiSeq	ILLUMINA	SRS4044536	SAMN10426669	seawater metagenome	SRP168697	2019-12-15 00:00:00 UTC	PRJNA505592	77	123	public	1561972.0
SRR8191016	AMPLICON	public	SRX5010596	Illumina MiSeq	ILLUMINA	SRS4044535	SAMN10426670	seawater metagenome	SRP168697	2019-12-15 00:00:00 UTC	PRJNA505592	85	136	public	1561972.0
SRR8191017	AMPLICON	public	SRX5010595	Illumina MiSeq	ILLUMINA	SRS4044534	SAMN10426667	seawater metagenome	SRP168697	2019-12-15 00:00:00 UTC	PRJNA505592	125	196	public	1561972.0
SRR8191018	AMPLICON	public	SRX5010594	Illumina MiSeq	ILLUMINA	SRS4044533	SAMN10426668	seawater metagenome	SRP168697	2019-12-15 00:00:00 UTC	PRJNA505592	6	14	public	1561972.0
SRR8191019	AMPLICON	public	SRX5010593	Illumina MiSeq	ILLUMINA	SRS4044532	SAMN10426624	seawater metagenome	SRP168697	2019-12-15 00:00:00 UTC	PRJNA505592	134	207	public	1561972.0
SRR8191020	AMPLICON	public	SRX5010592	Illumina MiSeq	ILLUMINA	SRS4044531	SAMN10426666	seawater metagenome	SRP168697	2019-12-15 00:00:00 UTC	PRJNA505592	136	212	public	1561972.0
SRR8191021	AMPLICON	public	SRX5010591	Illumina MiSeq	ILLUMINA	SRS4044530	SAMN10426663	seawater metagenome	SRP168697	2019-12-15 00:00:00 UTC	PRJNA505592	130	203	public	1561972.0
SRR8191022	AMPLICON	public	SRX5010590	Illumina MiSeq	ILLUMINA	SRS4044529	SAMN10426664	seawater metagenome	SRP168697	2019-12-15 00:00:00 UTC	PRJNA505592	131	207	public	1561972.0
SRR8191023	AMPLICON	public	SRX5010589	Illumina MiSeq	ILLUMINA	SRS4044528	SAMN10426661	seawater metagenome	SRP168697	2019-12-15 00:00:00 UTC	PRJNA505592	90	135	public	1561972.0
SRR8191024	AMPLICON	public	SRX5010588	Illumina MiSeq	ILLUMINA	SRS4044527	SAMN10426662	seawater metagenome	SRP168697	2019-12-15 00:00:00 UTC	PRJNA505592	139	216	public	1561972.0
SRR8191025	AMPLICON	public	SRX5010587	Illumina MiSeq	ILLUMINA	SRS4044526	SAMN10426621	seawater metagenome	SRP168697	2019-12-15 00:00:00 UTC	PRJNA505592	26	45	public	1561972.0
SRR8191026	AMPLICON	public	SRX5010586	Illumina MiSeq	ILLUMINA	SRS4044525	SAMN10426635	seawater metagenome	SRP168697	2019-12-15 00:00:00 UTC	PRJNA505592	132	206	public	1561972.0
SRR8191027	AMPLICON	public	SRX5010585	Illumina MiSeq	ILLUMINA	SRS4044524	SAMN10426622	seawater metagenome	SRP168697	2019-12-15 00:00:00 UTC	PRJNA505592	9	15	public	1561972.0
SRR8191028	AMPLICON	public	SRX5010584	Illumina MiSeq	ILLUMINA	SRS4044522	SAMN10426643	seawater metagenome	SRP168697	2019-12-15 00:00:00 UTC	PRJNA505592	111	192	public	1561972.0
SRR8238030	AMPLICON	public	SRX5056345	Illumina MiSeq	ILLUMINA	SRS4073026	SAMN10462514	mouse gut metagenome	SRP170185	2018-11-22 00:00:00 UTC	PRJNA506540	12	23	public	410661.0
SRR8238031	AMPLICON	public	SRX5056344	Illumina MiSeq	ILLUMINA	SRS4073025	SAMN10462515	mouse gut metagenome	SRP170185	2018-11-22 00:00:00 UTC	PRJNA506540	10	20	public	410661.0
SRR8238032	AMPLICON	public	SRX5056343	Illumina MiSeq	ILLUMINA	SRS4073024	SAMN10462502	mouse gut metagenome	SRP170185	2018-11-22 00:00:00 UTC	PRJNA506540	12	23	public	410661.0
SRR8238033	AMPLICON	public	SRX5056342	Illumina MiSeq	ILLUMINA	SRS4073023	SAMN10462503	mouse gut metagenome	SRP170185	2018-11-22 00:00:00 UTC	PRJNA506540	11	22	public	410661.0
SRR8238034	AMPLICON	public	SRX5056341	Illumina MiSeq	ILLUMINA	SRS4073022	SAMN10462500	mouse gut metagenome	SRP170185	2018-11-22 00:00:00 UTC	PRJNA506540	14	27	public	410661.0
SRR8238035	AMPLICON	public	SRX5056340	Illumina MiSeq	ILLUMINA	SRS4073021	SAMN10462501	mouse gut metagenome	SRP170185	2018-11-22 00:00:00 UTC	PRJNA506540	19	37	public	410661.0
SRR8238036	AMPLICON	public	SRX5056339	Illumina MiSeq	ILLUMINA	SRS4073020	SAMN10462498	mouse gut metagenome	SRP170185	2018-11-22 00:00:00 UTC	PRJNA506540	13	25	public	410661.0
SRR8238037	AMPLICON	public	SRX5056338	Illumina MiSeq	ILLUMINA	SRS4073019	SAMN10462499	mouse gut metagenome	SRP170185	2018-11-22 00:00:00 UTC	PRJNA506540	8	16	public	410661.0
SRR8238038	AMPLICON	public	SRX5056337	Illumina MiSeq	ILLUMINA	SRS4073018	SAMN10462496	mouse gut metagenome	SRP170185	2018-11-22 00:00:00 UTC	PRJNA506540	7	14	public	410661.0
SRR8238039	AMPLICON	public	SRX5056336	Illumina MiSeq	ILLUMINA	SRS4073017	SAMN10462497	mouse gut metagenome	SRP170185	2018-11-22 00:00:00 UTC	PRJNA506540	13	25	public	410661.0
SRR8238040	AMPLICON	public	SRX5056335	Illumina MiSeq	ILLUMINA	SRS4073016	SAMN10462494	mouse gut metagenome	SRP170185	2018-11-22 00:00:00 UTC	PRJNA506540	6	12	public	410661.0
SRR8238041	AMPLICON	public	SRX5056334	Illumina MiSeq	ILLUMINA	SRS4073015	SAMN10462495	mouse gut metagenome	SRP170185	2018-11-22 00:00:00 UTC	PRJNA506540	7	14	public	410661.0
SRR8238042	AMPLICON	public	SRX5056333	Illumina MiSeq	ILLUMINA	SRS4073014	SAMN10462474	mouse gut metagenome	SRP170185	2018-11-22 00:00:00 UTC	PRJNA506540	7	14	public	410661.0
SRR8238043	AMPLICON	public	SRX5056332	Illumina MiSeq	ILLUMINA	SRS4073013	SAMN10462475	mouse gut metagenome	SRP170185	2018-11-22 00:00:00 UTC	PRJNA506540	9	18	public	410661.0
SRR8238044	AMPLICON	public	SRX5056331	Illumina MiSeq	ILLUMINA	SRS4073012	SAMN10462476	mouse gut metagenome	SRP170185	2018-11-22 00:00:00 UTC	PRJNA506540	6	12	public	410661.0
SRR8238045	AMPLICON	public	SRX5056330	Illumina MiSeq	ILLUMINA	SRS4073011	SAMN10462477	mouse gut metagenome	SRP170185	2018-11-22 00:00:00 UTC	PRJNA506540	21	40	public	410661.0
SRR8238046	AMPLICON	public	SRX5056329	Illumina MiSeq	ILLUMINA	SRS4073010	SAMN10462478	mouse gut metagenome	SRP170185	2018-11-22 00:00:00 UTC	PRJNA506540	11	22	public	410661.0
SRR8238047	AMPLICON	public	SRX5056328	Illumina MiSeq	ILLUMINA	SRS4073009	SAMN10462479	mouse gut metagenome	SRP170185	2018-11-22 00:00:00 UTC	PRJNA506540	15	28	public	410661.0
SRR8238048	AMPLICON	public	SRX5056327	Illumina MiSeq	ILLUMINA	SRS4073008	SAMN10462480	mouse gut metagenome	SRP170185	2018-11-22 00:00:00 UTC	PRJNA506540	16	30	public	410661.0
SRR8238049	AMPLICON	public	SRX5056326	Illumina MiSeq	ILLUMINA	SRS4073007	SAMN10462481	mouse gut metagenome	SRP170185	2018-11-22 00:00:00 UTC	PRJNA506540	14	26	public	410661.0
SRR8238050	AMPLICON	public	SRX5056325	Illumina MiSeq	ILLUMINA	SRS4073006	SAMN10462482	mouse gut metagenome	SRP170185	2018-11-22 00:00:00 UTC	PRJNA506540	13	25	public	410661.0
SRR8238051	AMPLICON	public	SRX5056324	Illumina MiSeq	ILLUMINA	SRS4073005	SAMN10462483	mouse gut metagenome	SRP170185	2018-11-22 00:00:00 UTC	PRJNA506540	9	17	public	410661.0
SRR8238052	AMPLICON	public	SRX5056323	Illumina MiSeq	ILLUMINA	SRS4073004	SAMN10462511	mouse gut metagenome	SRP170185	2018-11-22 00:00:00 UTC	PRJNA506540	11	21	public	410661.0
SRR8238053	AMPLICON	public	SRX5056322	Illumina MiSeq	ILLUMINA	SRS4073003	SAMN10462468	mouse gut metagenome	SRP170185	2018-11-22 00:00:00 UTC	PRJNA506540	7	13	public	410661.0
SRR8238054	AMPLICON	public	SRX5056321	Illumina MiSeq	ILLUMINA	SRS4073002	SAMN10462469	mouse gut metagenome	SRP170185	2018-11-22 00:00:00 UTC	PRJNA506540	20	37	public	410661.0
SRR8238055	AMPLICON	public	SRX5056320	Illumina MiSeq	ILLUMINA	SRS4073001	SAMN10462470	mouse gut metagenome	SRP170185	2018-11-22 00:00:00 UTC	PRJNA506540	20	38	public	410661.0
SRR8238056	AMPLICON	public	SRX5056319	Illumina MiSeq	ILLUMINA	SRS4073000	SAMN10462471	mouse gut metagenome	SRP170185	2018-11-22 00:00:00 UTC	PRJNA506540	6	12	public	410661.0
SRR8238057	AMPLICON	public	SRX5056318	Illumina MiSeq	ILLUMINA	SRS4072999	SAMN10462464	mouse gut metagenome	SRP170185	2018-11-22 00:00:00 UTC	PRJNA506540	4	7	public	410661.0
SRR8238058	AMPLICON	public	SRX5056317	Illumina MiSeq	ILLUMINA	SRS4072998	SAMN10462465	mouse gut metagenome	SRP170185	2018-11-22 00:00:00 UTC	PRJNA506540	5	9	public	410661.0
SRR8238059	AMPLICON	public	SRX5056316	Illumina MiSeq	ILLUMINA	SRS4072997	SAMN10462466	mouse gut metagenome	SRP170185	2018-11-22 00:00:00 UTC	PRJNA506540	10	17	public	410661.0
SRR8238060	AMPLICON	public	SRX5056315	Illumina MiSeq	ILLUMINA	SRS4072996	SAMN10462467	mouse gut metagenome	SRP170185	2018-11-22 00:00:00 UTC	PRJNA506540	6	12	public	410661.0
SRR8238061	AMPLICON	public	SRX5056314	Illumina MiSeq	ILLUMINA	SRS4072995	SAMN10462506	mouse gut metagenome	SRP170185	2018-11-22 00:00:00 UTC	PRJNA506540	5	9	public	410661.0
SRR8238062	AMPLICON	public	SRX5056313	Illumina MiSeq	ILLUMINA	SRS4072994	SAMN10462472	mouse gut metagenome	SRP170185	2018-11-22 00:00:00 UTC	PRJNA506540	6	11	public	410661.0
SRR8238063	AMPLICON	public	SRX5056312	Illumina MiSeq	ILLUMINA	SRS4072993	SAMN10462473	mouse gut metagenome	SRP170185	2018-11-22 00:00:00 UTC	PRJNA506540	7	12	public	410661.0
SRR8238064	AMPLICON	public	SRX5056311	Illumina MiSeq	ILLUMINA	SRS4072992	SAMN10462507	mouse gut metagenome	SRP170185	2018-11-22 00:00:00 UTC	PRJNA506540	8	15	public	410661.0
SRR8238065	AMPLICON	public	SRX5056310	Illumina MiSeq	ILLUMINA	SRS4072991	SAMN10462505	mouse gut metagenome	SRP170185	2018-11-22 00:00:00 UTC	PRJNA506540	6	12	public	410661.0
SRR8238066	AMPLICON	public	SRX5056309	Illumina MiSeq	ILLUMINA	SRS4072990	SAMN10462513	mouse gut metagenome	SRP170185	2018-11-22 00:00:00 UTC	PRJNA506540	12	23	public	410661.0
SRR8238067	AMPLICON	public	SRX5056308	Illumina MiSeq	ILLUMINA	SRS4072989	SAMN10462512	mouse gut metagenome	SRP170185	2018-11-22 00:00:00 UTC	PRJNA506540	22	41	public	410661.0
SRR8238068	AMPLICON	public	SRX5056307	Illumina MiSeq	ILLUMINA	SRS4072988	SAMN10462493	mouse gut metagenome	SRP170185	2018-11-22 00:00:00 UTC	PRJNA506540	6	12	public	410661.0
SRR8238069	AMPLICON	public	SRX5056306	Illumina MiSeq	ILLUMINA	SRS4072987	SAMN10462492	mouse gut metagenome	SRP170185	2018-11-22 00:00:00 UTC	PRJNA506540	5	10	public	410661.0
SRR8238070	AMPLICON	public	SRX5056305	Illumina MiSeq	ILLUMINA	SRS4072986	SAMN10462504	mouse gut metagenome	SRP170185	2018-11-22 00:00:00 UTC	PRJNA506540	9	18	public	410661.0
SRR8238071	AMPLICON	public	SRX5056304	Illumina MiSeq	ILLUMINA	SRS4072985	SAMN10462489	mouse gut metagenome	SRP170185	2018-11-22 00:00:00 UTC	PRJNA506540	5	10	public	410661.0
SRR8238072	AMPLICON	public	SRX5056303	Illumina MiSeq	ILLUMINA	SRS4072984	SAMN10462488	mouse gut metagenome	SRP170185	2018-11-22 00:00:00 UTC	PRJNA506540	9	17	public	410661.0
SRR8238073	AMPLICON	public	SRX5056302	Illumina MiSeq	ILLUMINA	SRS4072983	SAMN10462491	mouse gut metagenome	SRP170185	2018-11-22 00:00:00 UTC	PRJNA506540	5	10	public	410661.0
SRR8238074	AMPLICON	public	SRX5056301	Illumina MiSeq	ILLUMINA	SRS4072982	SAMN10462490	mouse gut metagenome	SRP170185	2018-11-22 00:00:00 UTC	PRJNA506540	5	10	public	410661.0
SRR8238075	AMPLICON	public	SRX5056300	Illumina MiSeq	ILLUMINA	SRS4072981	SAMN10462485	mouse gut metagenome	SRP170185	2018-11-22 00:00:00 UTC	PRJNA506540	15	29	public	410661.0
SRR8238076	AMPLICON	public	SRX5056299	Illumina MiSeq	ILLUMINA	SRS4072980	SAMN10462484	mouse gut metagenome	SRP170185	2018-11-22 00:00:00 UTC	PRJNA506540	15	28	public	410661.0
SRR8238077	AMPLICON	public	SRX5056298	Illumina MiSeq	ILLUMINA	SRS4072979	SAMN10462487	mouse gut metagenome	SRP170185	2018-11-22 00:00:00 UTC	PRJNA506540	15	30	public	410661.0
SRR8238078	AMPLICON	public	SRX5056297	Illumina MiSeq	ILLUMINA	SRS4072978	SAMN10462486	mouse gut metagenome	SRP170185	2018-11-22 00:00:00 UTC	PRJNA506540	11	21	public	410661.0
SRR8238079	AMPLICON	public	SRX5056296	Illumina MiSeq	ILLUMINA	SRS4072977	SAMN10462510	mouse gut metagenome	SRP170185	2018-11-22 00:00:00 UTC	PRJNA506540	7	13	public	410661.0
SRR8238080	AMPLICON	public	SRX5056295	Illumina MiSeq	ILLUMINA	SRS4072976	SAMN10462509	mouse gut metagenome	SRP170185	2018-11-22 00:00:00 UTC	PRJNA506540	10	18	public	410661.0
SRR8238081	AMPLICON	public	SRX5056294	Illumina MiSeq	ILLUMINA	SRS4072975	SAMN10462508	mouse gut metagenome	SRP170185	2018-11-22 00:00:00 UTC	PRJNA506540	11	20	public	410661.0
SRR8263796	Bisulfite-Seq	public	SRX5080757	Illumina HiSeq 2000	ILLUMINA	SRS4093366	SAMN10501814	Mus musculus	SRP171219	2019-05-16 00:00:00 UTC	PRJNA507637	1323	3774	public	10090.0
SRR8263797	Bisulfite-Seq	public	SRX5080758	Illumina HiSeq 2000	ILLUMINA	SRS4093367	SAMN10501813	Mus musculus	SRP171219	2019-05-16 00:00:00 UTC	PRJNA507637	1726	4950	public	10090.0
SRR8263798	Bisulfite-Seq	public	SRX5080759	Illumina HiSeq 2000	ILLUMINA	SRS4093368	SAMN10501812	Mus musculus	SRP171219	2019-05-16 00:00:00 UTC	PRJNA507637	1793	5098	public	10090.0
SRR8263799	Bisulfite-Seq	public	SRX5080760	Illumina HiSeq 2000	ILLUMINA	SRS4093369	SAMN10501811	Mus musculus	SRP171219	2019-05-16 00:00:00 UTC	PRJNA507637	1823	5166	public	10090.0
SRR8263800	Bisulfite-Seq	public	SRX5080761	Illumina HiSeq 2000	ILLUMINA	SRS4093370	SAMN10501810	Mus musculus	SRP171219	2019-05-16 00:00:00 UTC	PRJNA507637	1608	4543	public	10090.0
SRR8263801	Bisulfite-Seq	public	SRX5080762	Illumina HiSeq 2000	ILLUMINA	SRS4093371	SAMN10501809	Mus musculus	SRP171219	2019-05-16 00:00:00 UTC	PRJNA507637	1455	4050	public	10090.0
SRR8263802	Bisulfite-Seq	public	SRX5080763	Illumina HiSeq 2000	ILLUMINA	SRS4093372	SAMN10501808	Mus musculus	SRP171219	2019-05-16 00:00:00 UTC	PRJNA507637	1471	4051	public	10090.0
SRR8263803	Bisulfite-Seq	public	SRX5080764	Illumina HiSeq 2000	ILLUMINA	SRS4093373	SAMN10501807	Mus musculus	SRP171219	2019-05-16 00:00:00 UTC	PRJNA507637	1691	4756	public	10090.0
SRR8263804	Bisulfite-Seq	public	SRX5080765	Illumina HiSeq 2000	ILLUMINA	SRS4093374	SAMN10501806	Mus musculus	SRP171219	2019-05-16 00:00:00 UTC	PRJNA507637	1644	4609	public	10090.0
SRR8263805	Bisulfite-Seq	public	SRX5080766	Illumina HiSeq 2000	ILLUMINA	SRS4093375	SAMN10501805	Mus musculus	SRP171219	2019-05-16 00:00:00 UTC	PRJNA507637	1349	3775	public	10090.0
SRR8263806	Bisulfite-Seq	public	SRX5080767	Illumina HiSeq 2000	ILLUMINA	SRS4093376	SAMN10501804	Mus musculus	SRP171219	2019-05-16 00:00:00 UTC	PRJNA507637	1161	3235	public	10090.0
SRR8263807	Bisulfite-Seq	public	SRX5080768	Illumina HiSeq 2000	ILLUMINA	SRS4093377	SAMN10501863	Mus musculus	SRP171219	2019-05-16 00:00:00 UTC	PRJNA507637	1809	5091	public	10090.0
SRR8263808	Bisulfite-Seq	public	SRX5080769	Illumina HiSeq 2000	ILLUMINA	SRS4093378	SAMN10501862	Mus musculus	SRP171219	2019-05-16 00:00:00 UTC	PRJNA507637	1410	3686	public	10090.0
SRR8263809	Bisulfite-Seq	public	SRX5080770	Illumina HiSeq 2000	ILLUMINA	SRS4093379	SAMN10501861	Mus musculus	SRP171219	2019-05-16 00:00:00 UTC	PRJNA507637	1778	4860	public	10090.0
SRR8263810	Bisulfite-Seq	public	SRX5080771	Illumina HiSeq 2000	ILLUMINA	SRS4093380	SAMN10501860	Mus musculus	SRP171219	2019-05-16 00:00:00 UTC	PRJNA507637	1560	4254	public	10090.0
SRR8263811	Bisulfite-Seq	public	SRX5080772	Illumina HiSeq 2000	ILLUMINA	SRS4093381	SAMN10501859	Mus musculus	SRP171219	2019-05-16 00:00:00 UTC	PRJNA507637	1652	4491	public	10090.0
SRR8263812	Bisulfite-Seq	public	SRX5080773	Illumina HiSeq 2000	ILLUMINA	SRS4093382	SAMN10501858	Mus musculus	SRP171219	2019-05-16 00:00:00 UTC	PRJNA507637	1387	3781	public	10090.0
SRR8263813	Bisulfite-Seq	public	SRX5080774	Illumina HiSeq 2000	ILLUMINA	SRS4093383	SAMN10501857	Mus musculus	SRP171219	2019-05-16 00:00:00 UTC	PRJNA507637	1570	4224	public	10090.0
SRR8263814	Bisulfite-Seq	public	SRX5080775	Illumina HiSeq 2000	ILLUMINA	SRS4093384	SAMN10501856	Mus musculus	SRP171219	2019-05-16 00:00:00 UTC	PRJNA507637	1339	3642	public	10090.0
SRR8263815	Bisulfite-Seq	public	SRX5080776	Illumina HiSeq 2000	ILLUMINA	SRS4093385	SAMN10501855	Mus musculus	SRP171219	2019-05-16 00:00:00 UTC	PRJNA507637	1542	4255	public	10090.0
SRR8263816	Bisulfite-Seq	public	SRX5080777	Illumina HiSeq 2000	ILLUMINA	SRS4093386	SAMN10501854	Mus musculus	SRP171219	2019-05-16 00:00:00 UTC	PRJNA507637	1292	3562	public	10090.0
SRR8263817	Bisulfite-Seq	public	SRX5080778	Illumina HiSeq 2000	ILLUMINA	SRS4093387	SAMN10501821	Mus musculus	SRP171219	2019-05-16 00:00:00 UTC	PRJNA507637	1493	4100	public	10090.0
SRR8263818	Bisulfite-Seq	public	SRX5080779	Illumina HiSeq 2000	ILLUMINA	SRS4093388	SAMN10501820	Mus musculus	SRP171219	2019-05-16 00:00:00 UTC	PRJNA507637	1525	4163	public	10090.0
SRR8263819	Bisulfite-Seq	public	SRX5080780	Illumina HiSeq 2000	ILLUMINA	SRS4093389	SAMN10501819	Mus musculus	SRP171219	2019-05-16 00:00:00 UTC	PRJNA507637	1386	3761	public	10090.0
SRR8263820	Bisulfite-Seq	public	SRX5080781	Illumina HiSeq 2000	ILLUMINA	SRS4093390	SAMN10501818	Mus musculus	SRP171219	2019-05-16 00:00:00 UTC	PRJNA507637	1781	4662	public	10090.0
SRR8263821	Bisulfite-Seq	public	SRX5080782	Illumina HiSeq 2000	ILLUMINA	SRS4093391	SAMN10501817	Mus musculus	SRP171219	2019-05-16 00:00:00 UTC	PRJNA507637	1909	5083	public	10090.0
SRR8263822	Bisulfite-Seq	public	SRX5080783	Illumina HiSeq 2000	ILLUMINA	SRS4093392	SAMN10501816	Mus musculus	SRP171219	2019-05-16 00:00:00 UTC	PRJNA507637	1390	3692	public	10090.0
SRR8263823	Bisulfite-Seq	public	SRX5080784	Illumina HiSeq 2000	ILLUMINA	SRS4093393	SAMN10501815	Mus musculus	SRP171219	2019-05-16 00:00:00 UTC	PRJNA507637	1551	4196	public	10090.0
SRR8263824	Bisulfite-Seq	public	SRX5080785	Illumina HiSeq 2000	ILLUMINA	SRS4093394	SAMN10501797	Mus musculus	SRP171219	2019-05-16 00:00:00 UTC	PRJNA507637	1433	3869	public	10090.0
SRR8263825	Bisulfite-Seq	public	SRX5080786	Illumina HiSeq 2000	ILLUMINA	SRS4093395	SAMN10501796	Mus musculus	SRP171219	2019-05-16 00:00:00 UTC	PRJNA507637	1062	2863	public	10090.0
SRR8263826	Bisulfite-Seq	public	SRX5080787	Illumina HiSeq 2000	ILLUMINA	SRS4093396	SAMN10501795	Mus musculus	SRP171219	2019-05-16 00:00:00 UTC	PRJNA507637	1551	4179	public	10090.0
SRR8263827	Bisulfite-Seq	public	SRX5080788	Illumina HiSeq 2000	ILLUMINA	SRS4093397	SAMN10501794	Mus musculus	SRP171219	2019-05-16 00:00:00 UTC	PRJNA507637	1544	4186	public	10090.0
SRR8263828	Bisulfite-Seq	public	SRX5080789	Illumina HiSeq 2000	ILLUMINA	SRS4093398	SAMN10501793	Mus musculus	SRP171219	2019-05-16 00:00:00 UTC	PRJNA507637	1493	4038	public	10090.0
SRR8263829	Bisulfite-Seq	public	SRX5080790	Illumina HiSeq 2000	ILLUMINA	SRS4093399	SAMN10501792	Mus musculus	SRP171219	2019-05-16 00:00:00 UTC	PRJNA507637	1651	4472	public	10090.0
SRR8263830	Bisulfite-Seq	public	SRX5080791	Illumina HiSeq 2000	ILLUMINA	SRS4093401	SAMN10501791	Mus musculus	SRP171219	2019-05-16 00:00:00 UTC	PRJNA507637	1452	3877	public	10090.0
SRR8263831	Bisulfite-Seq	public	SRX5080792	Illumina HiSeq 2000	ILLUMINA	SRS4093400	SAMN10501790	Mus musculus	SRP171219	2019-05-16 00:00:00 UTC	PRJNA507637	1701	4619	public	10090.0
SRR8263832	Bisulfite-Seq	public	SRX5080793	Illumina HiSeq 2000	ILLUMINA	SRS4093402	SAMN10501789	Mus musculus	SRP171219	2019-05-16 00:00:00 UTC	PRJNA507637	1751	4523	public	10090.0
SRR8263833	Bisulfite-Seq	public	SRX5080794	Illumina HiSeq 2000	ILLUMINA	SRS4093403	SAMN10501788	Mus musculus	SRP171219	2019-05-16 00:00:00 UTC	PRJNA507637	1674	4567	public	10090.0
SRR8263834	Bisulfite-Seq	public	SRX5080795	Illumina HiSeq 2000	ILLUMINA	SRS4093404	SAMN10501787	Mus musculus	SRP171219	2019-05-16 00:00:00 UTC	PRJNA507637	1434	3927	public	10090.0
SRR8263835	Bisulfite-Seq	public	SRX5080796	Illumina HiSeq 2000	ILLUMINA	SRS4093405	SAMN10501786	Mus musculus	SRP171219	2019-05-16 00:00:00 UTC	PRJNA507637	1272	3478	public	10090.0
SRR8263836	Bisulfite-Seq	public	SRX5080797	Illumina HiSeq 2000	ILLUMINA	SRS4093406	SAMN10501785	Mus musculus	SRP171219	2019-05-16 00:00:00 UTC	PRJNA507637	1355	3721	public	10090.0
SRR8263837	Bisulfite-Seq	public	SRX5080798	Illumina HiSeq 2000	ILLUMINA	SRS4093407	SAMN10501784	Mus musculus	SRP171219	2019-05-16 00:00:00 UTC	PRJNA507637	1450	3949	public	10090.0
SRR8263838	Bisulfite-Seq	public	SRX5080799	Illumina HiSeq 2000	ILLUMINA	SRS4093408	SAMN10501783	Mus musculus	SRP171219	2019-05-16 00:00:00 UTC	PRJNA507637	1532	4194	public	10090.0
SRR8263839	Bisulfite-Seq	public	SRX5080800	Illumina HiSeq 2000	ILLUMINA	SRS4093409	SAMN10501782	Mus musculus	SRP171219	2019-05-16 00:00:00 UTC	PRJNA507637	1688	4620	public	10090.0
SRR8263840	Bisulfite-Seq	public	SRX5080801	Illumina HiSeq 2000	ILLUMINA	SRS4093410	SAMN10501781	Mus musculus	SRP171219	2019-05-16 00:00:00 UTC	PRJNA507637	1337	3666	public	10090.0
SRR8263841	Bisulfite-Seq	public	SRX5080802	Illumina HiSeq 2000	ILLUMINA	SRS4093411	SAMN10501780	Mus musculus	SRP171219	2019-05-16 00:00:00 UTC	PRJNA507637	1577	4328	public	10090.0
SRR8263842	Bisulfite-Seq	public	SRX5080803	Illumina HiSeq 2000	ILLUMINA	SRS4093413	SAMN10501779	Mus musculus	SRP171219	2019-05-16 00:00:00 UTC	PRJNA507637	1649	4460	public	10090.0
SRR8263843	Bisulfite-Seq	public	SRX5080804	Illumina HiSeq 2000	ILLUMINA	SRS4093412	SAMN10501778	Mus musculus	SRP171219	2019-05-16 00:00:00 UTC	PRJNA507637	1581	4347	public	10090.0
SRR8263844	Bisulfite-Seq	public	SRX5080805	Illumina HiSeq 2000	ILLUMINA	SRS4093414	SAMN10501777	Mus musculus	SRP171219	2019-05-16 00:00:00 UTC	PRJNA507637	1631	4328	public	10090.0
SRR8263845	Bisulfite-Seq	public	SRX5080806	Illumina HiSeq 2000	ILLUMINA	SRS4093415	SAMN10501776	Mus musculus	SRP171219	2019-05-16 00:00:00 UTC	PRJNA507637	1857	5034	public	10090.0
SRR8263846	Bisulfite-Seq	public	SRX5080807	Illumina HiSeq 2000	ILLUMINA	SRS4093416	SAMN10501775	Mus musculus	SRP171219	2019-05-16 00:00:00 UTC	PRJNA507637	1522	4167	public	10090.0
SRR8263847	Bisulfite-Seq	public	SRX5080808	Illumina HiSeq 2000	ILLUMINA	SRS4093417	SAMN10501774	Mus musculus	SRP171219	2019-05-16 00:00:00 UTC	PRJNA507637	1892	5194	public	10090.0
SRR8263848	Bisulfite-Seq	public	SRX5080809	Illumina HiSeq 2000	ILLUMINA	SRS4093418	SAMN10501833	Mus musculus	SRP171219	2019-05-16 00:00:00 UTC	PRJNA507637	1627	4467	public	10090.0
SRR8263849	Bisulfite-Seq	public	SRX5080810	Illumina HiSeq 2000	ILLUMINA	SRS4093419	SAMN10501832	Mus musculus	SRP171219	2019-05-16 00:00:00 UTC	PRJNA507637	1746	4747	public	10090.0
SRR8263850	Bisulfite-Seq	public	SRX5080811	Illumina HiSeq 2000	ILLUMINA	SRS4093420	SAMN10501831	Mus musculus	SRP171219	2019-05-16 00:00:00 UTC	PRJNA507637	1758	4795	public	10090.0
SRR8263851	Bisulfite-Seq	public	SRX5080812	Illumina HiSeq 2000	ILLUMINA	SRS4093421	SAMN10501830	Mus musculus	SRP171219	2019-05-16 00:00:00 UTC	PRJNA507637	1780	4882	public	10090.0
SRR8263852	Bisulfite-Seq	public	SRX5080813	Illumina HiSeq 2000	ILLUMINA	SRS4093422	SAMN10501823	Mus musculus	SRP171219	2019-05-16 00:00:00 UTC	PRJNA507637	1293	3557	public	10090.0
SRR8263853	Bisulfite-Seq	public	SRX5080814	Illumina HiSeq 2000	ILLUMINA	SRS4093423	SAMN10501822	Mus musculus	SRP171219	2019-05-16 00:00:00 UTC	PRJNA507637	1502	4146	public	10090.0
SRR8263854	Bisulfite-Seq	public	SRX5080815	Illumina HiSeq 2000	ILLUMINA	SRS4093424	SAMN10501675	Mus musculus	SRP171219	2019-05-16 00:00:00 UTC	PRJNA507637	1392	3771	public	10090.0
SRR8263855	Bisulfite-Seq	public	SRX5080816	Illumina HiSeq 2000	ILLUMINA	SRS4093425	SAMN10501674	Mus musculus	SRP171219	2019-05-16 00:00:00 UTC	PRJNA507637	1714	4744	public	10090.0
SRR8263856	Bisulfite-Seq	public	SRX5080817	Illumina HiSeq 2000	ILLUMINA	SRS4093426	SAMN10501673	Mus musculus	SRP171219	2019-05-16 00:00:00 UTC	PRJNA507637	1798	4716	public	10090.0
SRR8263857	Bisulfite-Seq	public	SRX5080818	Illumina HiSeq 2000	ILLUMINA	SRS4093427	SAMN10501672	Mus musculus	SRP171219	2019-05-16 00:00:00 UTC	PRJNA507637	2067	5584	public	10090.0
SRR8263858	Bisulfite-Seq	public	SRX5080819	Illumina HiSeq 2000	ILLUMINA	SRS4093428	SAMN10501773	Mus musculus	SRP171219	2019-05-16 00:00:00 UTC	PRJNA507637	1499	4010	public	10090.0
SRR8263859	Bisulfite-Seq	public	SRX5080820	Illumina HiSeq 2000	ILLUMINA	SRS4093429	SAMN10501772	Mus musculus	SRP171219	2019-05-16 00:00:00 UTC	PRJNA507637	1313	3506	public	10090.0
SRR8263860	Bisulfite-Seq	public	SRX5080821	Illumina HiSeq 2000	ILLUMINA	SRS4093430	SAMN10501768	Mus musculus	SRP171219	2019-05-16 00:00:00 UTC	PRJNA507637	2002	5404	public	10090.0
SRR8263861	Bisulfite-Seq	public	SRX5080822	Illumina HiSeq 2000	ILLUMINA	SRS4093432	SAMN10501764	Mus musculus	SRP171219	2019-05-16 00:00:00 UTC	PRJNA507637	1714	4556	public	10090.0
SRR8263862	Bisulfite-Seq	public	SRX5080823	Illumina HiSeq 2000	ILLUMINA	SRS4093431	SAMN10501762	Mus musculus	SRP171219	2019-05-16 00:00:00 UTC	PRJNA507637	1790	4796	public	10090.0
SRR8263863	Bisulfite-Seq	public	SRX5080824	Illumina HiSeq 2000	ILLUMINA	SRS4093433	SAMN10501756	Mus musculus	SRP171219	2019-05-16 00:00:00 UTC	PRJNA507637	1227	3264	public	10090.0
SRR8263864	Bisulfite-Seq	public	SRX5080825	Illumina HiSeq 2000	ILLUMINA	SRS4093434	SAMN10501751	Mus musculus	SRP171219	2019-05-16 00:00:00 UTC	PRJNA507637	1821	4899	public	10090.0
SRR8263865	Bisulfite-Seq	public	SRX5080826	Illumina HiSeq 2000	ILLUMINA	SRS4093435	SAMN10501745	Mus musculus	SRP171219	2019-05-16 00:00:00 UTC	PRJNA507637	1775	4774	public	10090.0
SRR8263866	Bisulfite-Seq	public	SRX5080827	Illumina HiSeq 2000	ILLUMINA	SRS4093436	SAMN10501740	Mus musculus	SRP171219	2019-05-16 00:00:00 UTC	PRJNA507637	1464	3890	public	10090.0
SRR8263867	Bisulfite-Seq	public	SRX5080828	Illumina HiSeq 2000	ILLUMINA	SRS4093437	SAMN10501732	Mus musculus	SRP171219	2019-05-16 00:00:00 UTC	PRJNA507637	2109	5591	public	10090.0
SRR8263868	Bisulfite-Seq	public	SRX5080829	Illumina HiSeq 2000	ILLUMINA	SRS4093438	SAMN10501726	Mus musculus	SRP171219	2019-05-16 00:00:00 UTC	PRJNA507637	1819	4658	public	10090.0
SRR8263869	Bisulfite-Seq	public	SRX5080830	Illumina HiSeq 2000	ILLUMINA	SRS4093439	SAMN10501720	Mus musculus	SRP171219	2019-05-16 00:00:00 UTC	PRJNA507637	1929	4931	public	10090.0
SRR8263870	Bisulfite-Seq	public	SRX5080831	Illumina HiSeq 2000	ILLUMINA	SRS4093440	SAMN10501712	Mus musculus	SRP171219	2019-05-16 00:00:00 UTC	PRJNA507637	1129	2951	public	10090.0
SRR8263871	Bisulfite-Seq	public	SRX5080832	Illumina HiSeq 2000	ILLUMINA	SRS4093441	SAMN10501705	Mus musculus	SRP171219	2019-05-16 00:00:00 UTC	PRJNA507637	1997	5145	public	10090.0
SRR8263872	Bisulfite-Seq	public	SRX5080833	Illumina HiSeq 2000	ILLUMINA	SRS4093442	SAMN10501698	Mus musculus	SRP171219	2019-05-16 00:00:00 UTC	PRJNA507637	2513	6517	public	10090.0
SRR8263873	Bisulfite-Seq	public	SRX5080834	Illumina HiSeq 2000	ILLUMINA	SRS4093443	SAMN10501691	Mus musculus	SRP171219	2019-05-16 00:00:00 UTC	PRJNA507637	1378	3595	public	10090.0
SRR8263874	Bisulfite-Seq	public	SRX5080835	Illumina HiSeq 2000	ILLUMINA	SRS4093444	SAMN10501687	Mus musculus	SRP171219	2019-05-16 00:00:00 UTC	PRJNA507637	1913	4971	public	10090.0
SRR8263875	Bisulfite-Seq	public	SRX5080836	Illumina HiSeq 2000	ILLUMINA	SRS4093445	SAMN10501686	Mus musculus	SRP171219	2019-05-16 00:00:00 UTC	PRJNA507637	2426	6215	public	10090.0
SRR8263876	Bisulfite-Seq	public	SRX5080837	Illumina HiSeq 2000	ILLUMINA	SRS4093446	SAMN10501685	Mus musculus	SRP171219	2019-05-16 00:00:00 UTC	PRJNA507637	2090	5431	public	10090.0
SRR8263877	Bisulfite-Seq	public	SRX5080838	Illumina HiSeq 2000	ILLUMINA	SRS4093447	SAMN10501684	Mus musculus	SRP171219	2019-05-16 00:00:00 UTC	PRJNA507637	1894	4926	public	10090.0
SRR8263878	Bisulfite-Seq	public	SRX5080839	Illumina HiSeq 2000	ILLUMINA	SRS4093448	SAMN10501683	Mus musculus	SRP171219	2019-05-16 00:00:00 UTC	PRJNA507637	1451	3755	public	10090.0
SRR8263879	Bisulfite-Seq	public	SRX5080840	Illumina HiSeq 2000	ILLUMINA	SRS4093449	SAMN10501682	Mus musculus	SRP171219	2019-05-16 00:00:00 UTC	PRJNA507637	1482	3871	public	10090.0
SRR8334524	ATAC-seq	public	SRX5146010	Illumina HiSeq 4000	ILLUMINA	SRS4156343	SAMN10605270	Homo sapiens	SRP173733	2020-07-01 00:00:00 UTC	PRJNA510453	1199	3137	public	9606.0
SRR8334525	ATAC-seq	public	SRX5146011	Illumina HiSeq 4000	ILLUMINA	SRS4156344	SAMN10605269	Homo sapiens	SRP173733	2020-07-01 00:00:00 UTC	PRJNA510453	928	2365	public	9606.0
SRR8334526	ATAC-seq	public	SRX5146012	Illumina HiSeq 4000	ILLUMINA	SRS4156345	SAMN10605268	Homo sapiens	SRP173733	2020-07-01 00:00:00 UTC	PRJNA510453	5355	13412	public	9606.0
SRR8334527	ATAC-seq	public	SRX5146013	Illumina HiSeq 4000	ILLUMINA	SRS4156346	SAMN10605267	Homo sapiens	SRP173733	2020-07-01 00:00:00 UTC	PRJNA510453	1946	4773	public	9606.0
SRR8571798	RNA-Seq	public	SRX5372929	NextSeq 500	ILLUMINA	SRS4363414	SAMN10924642	Mus musculus	SRP185853	2019-07-09 00:00:00 UTC	PRJNA522083	12859	29772	public	10090.0
SRR8571799	RNA-Seq	public	SRX5372930	NextSeq 500	ILLUMINA	SRS4363413	SAMN10924640	Mus musculus	SRP185853	2019-07-09 00:00:00 UTC	PRJNA522083	12087	28138	public	10090.0
SRR8655101	WGS	public	SRX5452823	Illumina MiSeq	ILLUMINA	SRS4428719	SAMN11028936	Kordia sp. TARA_039_SRF	SRP187287	2019-03-11 00:00:00 UTC	PRJNA524487	2069	3352	public	2530203.0
SRR8655102	WGS	public	SRX5452822	Illumina MiSeq	ILLUMINA	SRS4428719	SAMN11028936	Kordia sp. TARA_039_SRF	SRP187287	2019-03-11 00:00:00 UTC	PRJNA524487	2831	4537	public	2530203.0
SRR8655103	WGS	public	SRX5452821	Illumina HiSeq 2500	ILLUMINA	SRS4428719	SAMN11028936	Kordia sp. TARA_039_SRF	SRP187287	2019-03-11 00:00:00 UTC	PRJNA524487	4118	6684	public	2530203.0
SRR8655104	WGS	public	SRX5452820	Illumina HiSeq 2500	ILLUMINA	SRS4428719	SAMN11028936	Kordia sp. TARA_039_SRF	SRP187287	2019-03-11 00:00:00 UTC	PRJNA524487	4053	6668	public	2530203.0
SRR8655105	WGS	public	SRX5452819	Illumina HiSeq 2500	ILLUMINA	SRS4428719	SAMN11028936	Kordia sp. TARA_039_SRF	SRP187287	2019-03-11 00:00:00 UTC	PRJNA524487	5950	9499	public	2530203.0
SRR8655106	WGS	public	SRX5452818	Illumina HiSeq 2500	ILLUMINA	SRS4428719	SAMN11028936	Kordia sp. TARA_039_SRF	SRP187287	2019-03-11 00:00:00 UTC	PRJNA524487	5231	8319	public	2530203.0
SRR8655107	WGS	public	SRX5452817	Illumina MiSeq	ILLUMINA	SRS4428719	SAMN11028936	Kordia sp. TARA_039_SRF	SRP187287	2019-03-11 00:00:00 UTC	PRJNA524487	2763	4476	public	2530203.0
SRR8655108	WGS	public	SRX5452816	Illumina HiSeq 2500	ILLUMINA	SRS4428719	SAMN11028936	Kordia sp. TARA_039_SRF	SRP187287	2019-03-11 00:00:00 UTC	PRJNA524487	3349	5490	public	2530203.0
SRR8655109	WGS	public	SRX5452815	Illumina MiSeq	ILLUMINA	SRS4428719	SAMN11028936	Kordia sp. TARA_039_SRF	SRP187287	2019-03-11 00:00:00 UTC	PRJNA524487	2604	4283	public	2530203.0
SRR8655110	WGS	public	SRX5452814	Illumina MiSeq	ILLUMINA	SRS4428719	SAMN11028936	Kordia sp. TARA_039_SRF	SRP187287	2019-03-11 00:00:00 UTC	PRJNA524487	2329	3634	public	2530203.0
SRR8745630	miRNA-Seq	public	SRX5537665	NextSeq 500	ILLUMINA	SRS4503499	SAMN11152646	Aedes albopictus	SRP188743	2019-07-15 00:00:00 UTC	PRJNA527345	362	799	public	7160.0
SRR8745631	miRNA-Seq	public	SRX5537664	NextSeq 500	ILLUMINA	SRS4503498	SAMN11152644	Aedes albopictus	SRP188743	2019-07-15 00:00:00 UTC	PRJNA527345	355	775	public	7160.0
SRR8745632	miRNA-Seq	public	SRX5537663	NextSeq 500	ILLUMINA	SRS4503497	SAMN11152645	Aedes albopictus	SRP188743	2019-07-15 00:00:00 UTC	PRJNA527345	376	809	public	7160.0
SRR8745633	miRNA-Seq	public	SRX5537662	NextSeq 500	ILLUMINA	SRS4503496	SAMN11152642	Aedes albopictus	SRP188743	2019-07-15 00:00:00 UTC	PRJNA527345	348	772	public	7160.0
SRR8745634	miRNA-Seq	public	SRX5537661	NextSeq 500	ILLUMINA	SRS4503495	SAMN11152643	Aedes albopictus	SRP188743	2019-07-15 00:00:00 UTC	PRJNA527345	298	665	public	7160.0
SRR8745635	miRNA-Seq	public	SRX5537660	NextSeq 500	ILLUMINA	SRS4503494	SAMN11152640	Aedes albopictus	SRP188743	2019-07-15 00:00:00 UTC	PRJNA527345	407	871	public	7160.0
SRR8745636	miRNA-Seq	public	SRX5537659	NextSeq 500	ILLUMINA	SRS4503493	SAMN11152641	Aedes albopictus	SRP188743	2019-07-15 00:00:00 UTC	PRJNA527345	497	1064	public	7160.0
SRR8745637	miRNA-Seq	public	SRX5537658	NextSeq 500	ILLUMINA	SRS4503492	SAMN11152638	Aedes albopictus	SRP188743	2019-07-15 00:00:00 UTC	PRJNA527345	357	806	public	7160.0
SRR8745638	miRNA-Seq	public	SRX5537657	NextSeq 500	ILLUMINA	SRS4503491	SAMN11152639	Aedes albopictus	SRP188743	2019-07-15 00:00:00 UTC	PRJNA527345	365	793	public	7160.0
SRR8872929	RNA-Seq	public	SRX5659922	Illumina NovaSeq 6000	ILLUMINA	SRS4604150	SAMN10866470	Pseudomonas putida	SRP191665	2019-04-09 00:00:00 UTC	PRJNA520372	434	1498	public	303.0
SRR896523	WGS	public	SRX301957	Illumina HiSeq 2000	ILLUMINA	SRS441305	SAMN02199378	unclassified Euryarchaeota	SRP025874	2013-06-12 00:00:00 UTC	PRJNA195688	3164	4685	public	115531.0
SRR9044134	OTHER	public	SRX5820694	Illumina NovaSeq 6000	ILLUMINA	SRS4749340	SAMN11510347	Populus tremula x Populus alba	SRP197731	2019-05-11 00:00:00 UTC	PRJNA535651	1933	5964	public	80863.0
SRR9077153	RNA-Seq	public	SRX5852434	NextSeq 500	ILLUMINA	SRS4776399	SAMN11639746	Allium ericetorum	SRP198713	2020-06-15 00:00:00 UTC	PRJNA542932	4862	12474	public	166970.0
SRR9077154	RNA-Seq	public	SRX5852433	NextSeq 500	ILLUMINA	SRS4776398	SAMN11639747	Allium nutans	SRP198713	2020-06-15 00:00:00 UTC	PRJNA542932	3332	8401	public	138328.0
SRR9077155	RNA-Seq	public	SRX5852432	NextSeq 500	ILLUMINA	SRS4776397	SAMN11639744	Allium cepa	SRP198713	2020-06-15 00:00:00 UTC	PRJNA542932	1997	5161	public	4679.0
SRR9077156	RNA-Seq	public	SRX5852431	NextSeq 500	ILLUMINA	SRS4776396	SAMN11639745	Allium angulosum	SRP198713	2020-06-15 00:00:00 UTC	PRJNA542932	4654	12080	public	105301.0
SRR9077157	RNA-Seq	public	SRX5852430	NextSeq 500	ILLUMINA	SRS4776395	SAMN11639750	Tulbaghia violacea	SRP198713	2020-06-15 00:00:00 UTC	PRJNA542932	2971	8107	public	51492.0
SRR9077158	RNA-Seq	public	SRX5852429	NextSeq 500	ILLUMINA	SRS4776394	SAMN11639751	Cestrum elegans	SRP198713	2020-06-15 00:00:00 UTC	PRJNA542932	2799	7637	public	103475.0
SRR9077159	RNA-Seq	public	SRX5852428	NextSeq 500	ILLUMINA	SRS4776393	SAMN11639748	Allium ursinum	SRP198713	2020-06-15 00:00:00 UTC	PRJNA542932	4554	11676	public	4684.0
SRR9077160	RNA-Seq	public	SRX5852427	NextSeq 500	ILLUMINA	SRS4776392	SAMN11639749	Allium fistulosum	SRP198713	2020-06-15 00:00:00 UTC	PRJNA542932	3931	10183	public	35875.0
SRR9077161	RNA-Seq	public	SRX5852426	NextSeq 500	ILLUMINA	SRS4776391	SAMN11639752	Scilla peruviana	SRP198713	2020-06-15 00:00:00 UTC	PRJNA542932	2083	5349	public	65771.0
SRR9093168	OTHER	public	SRX5868408	Illumina NovaSeq 6000	ILLUMINA	SRS4791527	SAMN11786767	Mus musculus	SRP198970	2020-08-21 00:00:00 UTC	PRJNA543864	91	256	public	10090.0
SRR9093169	OTHER	public	SRX5868409	Illumina NovaSeq 6000	ILLUMINA	SRS4791526	SAMN11786766	Mus musculus	SRP198970	2020-08-21 00:00:00 UTC	PRJNA543864	82	235	public	10090.0
SRR9093170	OTHER	public	SRX5868410	Illumina NovaSeq 6000	ILLUMINA	SRS4791528	SAMN11786765	Mus musculus	SRP198970	2020-08-21 00:00:00 UTC	PRJNA543864	256	720	public	10090.0
SRR9093171	OTHER	public	SRX5868411	Illumina NovaSeq 6000	ILLUMINA	SRS4791529	SAMN11786807	Mus musculus	SRP198970	2020-08-21 00:00:00 UTC	PRJNA543864	79	224	public	10090.0
SRR9093172	OTHER	public	SRX5868412	Illumina NovaSeq 6000	ILLUMINA	SRS4791530	SAMN11786803	Mus musculus	SRP198970	2020-08-21 00:00:00 UTC	PRJNA543864	79	223	public	10090.0
SRR9093173	OTHER	public	SRX5868413	Illumina NovaSeq 6000	ILLUMINA	SRS4791531	SAMN11786802	Mus musculus	SRP198970	2020-08-21 00:00:00 UTC	PRJNA543864	105	294	public	10090.0
SRR9093174	OTHER	public	SRX5868414	Illumina NovaSeq 6000	ILLUMINA	SRS4791532	SAMN11786801	Mus musculus	SRP198970	2020-08-21 00:00:00 UTC	PRJNA543864	80	225	public	10090.0
SRR9093175	OTHER	public	SRX5868415	Illumina NovaSeq 6000	ILLUMINA	SRS4791533	SAMN11786800	Mus musculus	SRP198970	2020-08-21 00:00:00 UTC	PRJNA543864	108	304	public	10090.0
SRR9093176	OTHER	public	SRX5868416	Illumina NovaSeq 6000	ILLUMINA	SRS4791534	SAMN11786799	Mus musculus	SRP198970	2020-08-21 00:00:00 UTC	PRJNA543864	114	319	public	10090.0
SRR9093177	OTHER	public	SRX5868417	Illumina NovaSeq 6000	ILLUMINA	SRS4791535	SAMN11786798	Mus musculus	SRP198970	2020-08-21 00:00:00 UTC	PRJNA543864	96	273	public	10090.0
SRR9093178	OTHER	public	SRX5868418	Illumina NovaSeq 6000	ILLUMINA	SRS4791536	SAMN11786797	Mus musculus	SRP198970	2020-08-21 00:00:00 UTC	PRJNA543864	90	255	public	10090.0
SRR9093179	OTHER	public	SRX5868419	Illumina NovaSeq 6000	ILLUMINA	SRS4791538	SAMN11786796	Mus musculus	SRP198970	2020-08-21 00:00:00 UTC	PRJNA543864	172	485	public	10090.0
SRR9093180	OTHER	public	SRX5868420	Illumina NovaSeq 6000	ILLUMINA	SRS4791537	SAMN11786795	Mus musculus	SRP198970	2020-08-21 00:00:00 UTC	PRJNA543864	154	437	public	10090.0
SRR9093181	OTHER	public	SRX5868421	Illumina NovaSeq 6000	ILLUMINA	SRS4791539	SAMN11786794	Mus musculus	SRP198970	2020-08-21 00:00:00 UTC	PRJNA543864	182	513	public	10090.0
SRR9093182	OTHER	public	SRX5868422	Illumina NovaSeq 6000	ILLUMINA	SRS4791540	SAMN11786793	Mus musculus	SRP198970	2020-08-21 00:00:00 UTC	PRJNA543864	195	551	public	10090.0
SRR9093183	OTHER	public	SRX5868423	Illumina NovaSeq 6000	ILLUMINA	SRS4791541	SAMN11786792	Mus musculus	SRP198970	2020-08-21 00:00:00 UTC	PRJNA543864	174	497	public	10090.0
SRR9093184	OTHER	public	SRX5868424	Illumina NovaSeq 6000	ILLUMINA	SRS4791542	SAMN11786791	Mus musculus	SRP198970	2020-08-21 00:00:00 UTC	PRJNA543864	169	482	public	10090.0
SRR9093185	OTHER	public	SRX5868425	Illumina NovaSeq 6000	ILLUMINA	SRS4791543	SAMN11786790	Mus musculus	SRP198970	2020-08-21 00:00:00 UTC	PRJNA543864	204	575	public	10090.0
SRR9093186	OTHER	public	SRX5868426	Illumina NovaSeq 6000	ILLUMINA	SRS4791545	SAMN11786704	Mus musculus	SRP198970	2020-08-21 00:00:00 UTC	PRJNA543864	192	542	public	10090.0
SRR9093187	OTHER	public	SRX5868427	Illumina NovaSeq 6000	ILLUMINA	SRS4791544	SAMN11786703	Mus musculus	SRP198970	2020-08-21 00:00:00 UTC	PRJNA543864	191	542	public	10090.0
SRR9093188	OTHER	public	SRX5868428	Illumina NovaSeq 6000	ILLUMINA	SRS4791546	SAMN11786702	Mus musculus	SRP198970	2020-08-21 00:00:00 UTC	PRJNA543864	243	687	public	10090.0
SRR9093189	OTHER	public	SRX5868429	Illumina NovaSeq 6000	ILLUMINA	SRS4791547	SAMN11786701	Mus musculus	SRP198970	2020-08-21 00:00:00 UTC	PRJNA543864	224	638	public	10090.0
SRR9093190	OTHER	public	SRX5868430	Illumina NovaSeq 6000	ILLUMINA	SRS4791548	SAMN11786739	Mus musculus	SRP198970	2020-08-21 00:00:00 UTC	PRJNA543864	235	668	public	10090.0
SRR9093191	OTHER	public	SRX5868431	Illumina NovaSeq 6000	ILLUMINA	SRS4791550	SAMN11786738	Mus musculus	SRP198970	2020-08-21 00:00:00 UTC	PRJNA543864	307	874	public	10090.0
SRR9093192	OTHER	public	SRX5868432	Illumina NovaSeq 6000	ILLUMINA	SRS4791549	SAMN11786737	Mus musculus	SRP198970	2020-08-21 00:00:00 UTC	PRJNA543864	244	693	public	10090.0
SRR9093193	OTHER	public	SRX5868433	Illumina NovaSeq 6000	ILLUMINA	SRS4791551	SAMN11786736	Mus musculus	SRP198970	2020-08-21 00:00:00 UTC	PRJNA543864	266	753	public	10090.0
SRR9093194	OTHER	public	SRX5868434	Illumina NovaSeq 6000	ILLUMINA	SRS4791552	SAMN11786735	Mus musculus	SRP198970	2020-08-21 00:00:00 UTC	PRJNA543864	359	1021	public	10090.0
SRR9093195	OTHER	public	SRX5868435	Illumina NovaSeq 6000	ILLUMINA	SRS4791553	SAMN11786734	Mus musculus	SRP198970	2020-08-21 00:00:00 UTC	PRJNA543864	533	1523	public	10090.0
SRR9093196	OTHER	public	SRX5868436	Illumina NovaSeq 6000	ILLUMINA	SRS4791554	SAMN11786733	Mus musculus	SRP198970	2020-08-21 00:00:00 UTC	PRJNA543864	211	615	public	10090.0
SRR9093197	OTHER	public	SRX5868437	Illumina NovaSeq 6000	ILLUMINA	SRS4791555	SAMN11786732	Mus musculus	SRP198970	2020-08-21 00:00:00 UTC	PRJNA543864	287	824	public	10090.0
SRR9093198	OTHER	public	SRX5868438	Illumina NovaSeq 6000	ILLUMINA	SRS4791556	SAMN11786731	Mus musculus	SRP198970	2020-08-21 00:00:00 UTC	PRJNA543864	310	899	public	10090.0
SRR9093199	OTHER	public	SRX5868439	Illumina NovaSeq 6000	ILLUMINA	SRS4791557	SAMN11786730	Mus musculus	SRP198970	2020-08-21 00:00:00 UTC	PRJNA543864	294	850	public	10090.0
SRR9093200	OTHER	public	SRX5868440	Illumina NovaSeq 6000	ILLUMINA	SRS4791558	SAMN11786729	Mus musculus	SRP198970	2020-08-21 00:00:00 UTC	PRJNA543864	232	671	public	10090.0
SRR9093201	OTHER	public	SRX5868441	Illumina NovaSeq 6000	ILLUMINA	SRS4791559	SAMN11786728	Mus musculus	SRP198970	2020-08-21 00:00:00 UTC	PRJNA543864	350	1001	public	10090.0
SRR9093202	OTHER	public	SRX5868442	Illumina NovaSeq 6000	ILLUMINA	SRS4791561	SAMN11786727	Mus musculus	SRP198970	2020-08-21 00:00:00 UTC	PRJNA543864	203	589	public	10090.0
SRR9093203	OTHER	public	SRX5868443	Illumina NovaSeq 6000	ILLUMINA	SRS4791560	SAMN11786726	Mus musculus	SRP198970	2020-08-21 00:00:00 UTC	PRJNA543864	527	1485	public	10090.0
SRR9093204	OTHER	public	SRX5868444	Illumina NovaSeq 6000	ILLUMINA	SRS4791562	SAMN11786725	Mus musculus	SRP198970	2020-08-21 00:00:00 UTC	PRJNA543864	438	1241	public	10090.0
SRR9093205	OTHER	public	SRX5868445	Illumina NovaSeq 6000	ILLUMINA	SRS4791563	SAMN11786724	Mus musculus	SRP198970	2020-08-21 00:00:00 UTC	PRJNA543864	174	505	public	10090.0
SRR9093206	OTHER	public	SRX5868446	Illumina NovaSeq 6000	ILLUMINA	SRS4791564	SAMN11786723	Mus musculus	SRP198970	2020-08-21 00:00:00 UTC	PRJNA543864	519	1477	public	10090.0
SRR9093207	OTHER	public	SRX5868447	Illumina NovaSeq 6000	ILLUMINA	SRS4791565	SAMN11786722	Mus musculus	SRP198970	2020-08-21 00:00:00 UTC	PRJNA543864	198	573	public	10090.0
SRR9093208	OTHER	public	SRX5868448	Illumina NovaSeq 6000	ILLUMINA	SRS4791566	SAMN11786721	Mus musculus	SRP198970	2020-08-21 00:00:00 UTC	PRJNA543864	470	1333	public	10090.0
SRR9093209	OTHER	public	SRX5868449	Illumina NovaSeq 6000	ILLUMINA	SRS4791567	SAMN11786720	Mus musculus	SRP198970	2020-08-21 00:00:00 UTC	PRJNA543864	134	374	public	10090.0
SRR9093210	OTHER	public	SRX5868450	Illumina NovaSeq 6000	ILLUMINA	SRS4791568	SAMN11786764	Mus musculus	SRP198970	2020-08-21 00:00:00 UTC	PRJNA543864	196	541	public	10090.0
SRR9093211	OTHER	public	SRX5868451	Illumina NovaSeq 6000	ILLUMINA	SRS4791569	SAMN11786763	Mus musculus	SRP198970	2020-08-21 00:00:00 UTC	PRJNA543864	316	908	public	10090.0
SRR9093212	OTHER	public	SRX5868452	Illumina NovaSeq 6000	ILLUMINA	SRS4791570	SAMN11786762	Mus musculus	SRP198970	2020-08-21 00:00:00 UTC	PRJNA543864	201	554	public	10090.0
SRR9093213	OTHER	public	SRX5868453	Illumina NovaSeq 6000	ILLUMINA	SRS4791572	SAMN11786761	Mus musculus	SRP198970	2020-08-21 00:00:00 UTC	PRJNA543864	203	562	public	10090.0
SRR9093214	OTHER	public	SRX5868454	Illumina NovaSeq 6000	ILLUMINA	SRS4791571	SAMN11786760	Mus musculus	SRP198970	2020-08-21 00:00:00 UTC	PRJNA543864	93	266	public	10090.0
SRR9093215	OTHER	public	SRX5868455	Illumina NovaSeq 6000	ILLUMINA	SRS4791573	SAMN11786759	Mus musculus	SRP198970	2020-08-21 00:00:00 UTC	PRJNA543864	197	549	public	10090.0
SRR9093216	OTHER	public	SRX5868199	Illumina NovaSeq 6000	ILLUMINA	SRS4791317	SAMN11786077	Mus musculus	SRP198970	2020-08-21 00:00:00 UTC	PRJNA543864	189	531	public	10090.0
SRR9093217	OTHER	public	SRX5868200	Illumina NovaSeq 6000	ILLUMINA	SRS4791318	SAMN11786076	Mus musculus	SRP198970	2020-08-21 00:00:00 UTC	PRJNA543864	179	508	public	10090.0
SRR9093218	OTHER	public	SRX5868201	Illumina NovaSeq 6000	ILLUMINA	SRS4791319	SAMN11786075	Mus musculus	SRP198970	2020-08-21 00:00:00 UTC	PRJNA543864	139	394	public	10090.0
SRR9093219	OTHER	public	SRX5868202	Illumina NovaSeq 6000	ILLUMINA	SRS4791320	SAMN11786074	Mus musculus	SRP198970	2020-08-21 00:00:00 UTC	PRJNA543864	159	452	public	10090.0
SRR9093220	OTHER	public	SRX5868203	Illumina NovaSeq 6000	ILLUMINA	SRS4791321	SAMN11786073	Mus musculus	SRP198970	2020-08-21 00:00:00 UTC	PRJNA543864	259	740	public	10090.0
SRR9093221	OTHER	public	SRX5868204	Illumina NovaSeq 6000	ILLUMINA	SRS4791322	SAMN11786072	Mus musculus	SRP198970	2020-08-21 00:00:00 UTC	PRJNA543864	234	667	public	10090.0
SRR9093222	OTHER	public	SRX5868205	Illumina NovaSeq 6000	ILLUMINA	SRS4791323	SAMN11786071	Mus musculus	SRP198970	2020-08-21 00:00:00 UTC	PRJNA543864	373	1070	public	10090.0
SRR9093223	OTHER	public	SRX5868206	Illumina NovaSeq 6000	ILLUMINA	SRS4791324	SAMN11786070	Mus musculus	SRP198970	2020-08-21 00:00:00 UTC	PRJNA543864	317	907	public	10090.0
SRR9093224	OTHER	public	SRX5868207	Illumina NovaSeq 6000	ILLUMINA	SRS4791325	SAMN11786069	Mus musculus	SRP198970	2020-08-21 00:00:00 UTC	PRJNA543864	272	780	public	10090.0
SRR9093225	OTHER	public	SRX5868208	Illumina NovaSeq 6000	ILLUMINA	SRS4791326	SAMN11786068	Mus musculus	SRP198970	2020-08-21 00:00:00 UTC	PRJNA543864	240	683	public	10090.0
SRR9093226	OTHER	public	SRX5868209	Illumina NovaSeq 6000	ILLUMINA	SRS4791327	SAMN11786067	Mus musculus	SRP198970	2020-08-21 00:00:00 UTC	PRJNA543864	266	766	public	10090.0
SRR9093227	OTHER	public	SRX5868210	Illumina NovaSeq 6000	ILLUMINA	SRS4791328	SAMN11786066	Mus musculus	SRP198970	2020-08-21 00:00:00 UTC	PRJNA543864	207	599	public	10090.0
SRR9093228	OTHER	public	SRX5868211	Illumina NovaSeq 6000	ILLUMINA	SRS4791329	SAMN11786065	Mus musculus	SRP198970	2020-08-21 00:00:00 UTC	PRJNA543864	208	581	public	10090.0
SRR9093229	OTHER	public	SRX5868212	Illumina NovaSeq 6000	ILLUMINA	SRS4791330	SAMN11786064	Mus musculus	SRP198970	2020-08-21 00:00:00 UTC	PRJNA543864	220	612	public	10090.0
SRR9093230	OTHER	public	SRX5868213	Illumina NovaSeq 6000	ILLUMINA	SRS4791331	SAMN11786063	Mus musculus	SRP198970	2020-08-21 00:00:00 UTC	PRJNA543864	310	865	public	10090.0
SRR9093231	OTHER	public	SRX5868214	Illumina NovaSeq 6000	ILLUMINA	SRS4791332	SAMN11786062	Mus musculus	SRP198970	2020-08-21 00:00:00 UTC	PRJNA543864	194	544	public	10090.0
SRR9093232	OTHER	public	SRX5868808	Illumina NovaSeq 6000	ILLUMINA	SRS4791927	SAMN11786147	Mus musculus	SRP198970	2020-08-21 00:00:00 UTC	PRJNA543864	219	615	public	10090.0
SRR9093233	OTHER	public	SRX5868809	Illumina NovaSeq 6000	ILLUMINA	SRS4791926	SAMN11786146	Mus musculus	SRP198970	2020-08-21 00:00:00 UTC	PRJNA543864	229	627	public	10090.0
SRR9093234	OTHER	public	SRX5868810	Illumina NovaSeq 6000	ILLUMINA	SRS4791928	SAMN11786145	Mus musculus	SRP198970	2020-08-21 00:00:00 UTC	PRJNA543864	146	410	public	10090.0
SRR9093235	OTHER	public	SRX5868811	Illumina NovaSeq 6000	ILLUMINA	SRS4791929	SAMN11786144	Mus musculus	SRP198970	2020-08-21 00:00:00 UTC	PRJNA543864	180	510	public	10090.0
SRR9093236	OTHER	public	SRX5868812	Illumina NovaSeq 6000	ILLUMINA	SRS4791930	SAMN11786143	Mus musculus	SRP198970	2020-08-21 00:00:00 UTC	PRJNA543864	168	476	public	10090.0
SRR9093237	OTHER	public	SRX5868813	Illumina NovaSeq 6000	ILLUMINA	SRS4791931	SAMN11786142	Mus musculus	SRP198970	2020-08-21 00:00:00 UTC	PRJNA543864	200	568	public	10090.0
SRR9093238	OTHER	public	SRX5868814	Illumina NovaSeq 6000	ILLUMINA	SRS4791932	SAMN11786141	Mus musculus	SRP198970	2020-08-21 00:00:00 UTC	PRJNA543864	196	558	public	10090.0
SRR9093239	OTHER	public	SRX5868815	Illumina NovaSeq 6000	ILLUMINA	SRS4791933	SAMN11786140	Mus musculus	SRP198970	2020-08-21 00:00:00 UTC	PRJNA543864	172	489	public	10090.0
SRR9093240	OTHER	public	SRX5868816	Illumina NovaSeq 6000	ILLUMINA	SRS4791934	SAMN11786139	Mus musculus	SRP198970	2020-08-21 00:00:00 UTC	PRJNA543864	200	568	public	10090.0
SRR9093241	OTHER	public	SRX5868817	Illumina NovaSeq 6000	ILLUMINA	SRS4791935	SAMN11786138	Mus musculus	SRP198970	2020-08-21 00:00:00 UTC	PRJNA543864	151	428	public	10090.0
SRR9093242	OTHER	public	SRX5868818	Illumina NovaSeq 6000	ILLUMINA	SRS4791937	SAMN11786137	Mus musculus	SRP198970	2020-08-21 00:00:00 UTC	PRJNA543864	163	461	public	10090.0
SRR9093243	OTHER	public	SRX5868819	Illumina NovaSeq 6000	ILLUMINA	SRS4791936	SAMN11786136	Mus musculus	SRP198970	2020-08-21 00:00:00 UTC	PRJNA543864	78	225	public	10090.0
SRR9093244	OTHER	public	SRX5868820	Illumina NovaSeq 6000	ILLUMINA	SRS4791938	SAMN11786135	Mus musculus	SRP198970	2020-08-21 00:00:00 UTC	PRJNA543864	85	243	public	10090.0
SRR9093245	OTHER	public	SRX5868821	Illumina NovaSeq 6000	ILLUMINA	SRS4791939	SAMN11786134	Mus musculus	SRP198970	2020-08-21 00:00:00 UTC	PRJNA543864	112	321	public	10090.0
SRR9093246	OTHER	public	SRX5868822	Illumina NovaSeq 6000	ILLUMINA	SRS4791940	SAMN11786133	Mus musculus	SRP198970	2020-08-21 00:00:00 UTC	PRJNA543864	110	315	public	10090.0
SRR9093247	OTHER	public	SRX5868823	Illumina NovaSeq 6000	ILLUMINA	SRS4791941	SAMN11786132	Mus musculus	SRP198970	2020-08-21 00:00:00 UTC	PRJNA543864	99	284	public	10090.0
SRR9093248	OTHER	public	SRX5868840	Illumina NovaSeq 6000	ILLUMINA	SRS4791959	SAMN11786131	Mus musculus	SRP198970	2020-08-21 00:00:00 UTC	PRJNA543864	103	294	public	10090.0
SRR9093249	OTHER	public	SRX5868841	Illumina NovaSeq 6000	ILLUMINA	SRS4791960	SAMN11786130	Mus musculus	SRP198970	2020-08-21 00:00:00 UTC	PRJNA543864	101	290	public	10090.0
SRR9093250	OTHER	public	SRX5868842	Illumina NovaSeq 6000	ILLUMINA	SRS4791958	SAMN11786129	Mus musculus	SRP198970	2020-08-21 00:00:00 UTC	PRJNA543864	90	259	public	10090.0
SRR9093251	OTHER	public	SRX5868843	Illumina NovaSeq 6000	ILLUMINA	SRS4791961	SAMN11786168	Mus musculus	SRP198970	2020-08-21 00:00:00 UTC	PRJNA543864	153	431	public	10090.0
SRR9093252	OTHER	public	SRX5868844	Illumina NovaSeq 6000	ILLUMINA	SRS4791963	SAMN11786167	Mus musculus	SRP198970	2020-08-21 00:00:00 UTC	PRJNA543864	156	441	public	10090.0
SRR9093253	OTHER	public	SRX5868845	Illumina NovaSeq 6000	ILLUMINA	SRS4791962	SAMN11786166	Mus musculus	SRP198970	2020-08-21 00:00:00 UTC	PRJNA543864	129	366	public	10090.0
SRR9093254	OTHER	public	SRX5868846	Illumina NovaSeq 6000	ILLUMINA	SRS4791964	SAMN11786165	Mus musculus	SRP198970	2020-08-21 00:00:00 UTC	PRJNA543864	144	409	public	10090.0
SRR9093255	OTHER	public	SRX5868847	Illumina NovaSeq 6000	ILLUMINA	SRS4791965	SAMN11786164	Mus musculus	SRP198970	2020-08-21 00:00:00 UTC	PRJNA543864	140	398	public	10090.0
SRR9093256	OTHER	public	SRX5868848	Illumina NovaSeq 6000	ILLUMINA	SRS4791966	SAMN11786163	Mus musculus	SRP198970	2020-08-21 00:00:00 UTC	PRJNA543864	139	397	public	10090.0
SRR9093257	OTHER	public	SRX5868849	Illumina NovaSeq 6000	ILLUMINA	SRS4791967	SAMN11786162	Mus musculus	SRP198970	2020-08-21 00:00:00 UTC	PRJNA543864	122	350	public	10090.0
SRR9093258	OTHER	public	SRX5868850	Illumina NovaSeq 6000	ILLUMINA	SRS4791968	SAMN11786161	Mus musculus	SRP198970	2020-08-21 00:00:00 UTC	PRJNA543864	103	292	public	10090.0
SRR9093259	OTHER	public	SRX5868851	Illumina NovaSeq 6000	ILLUMINA	SRS4791970	SAMN11786159	Mus musculus	SRP198970	2020-08-21 00:00:00 UTC	PRJNA543864	303	858	public	10090.0
SRR9093260	OTHER	public	SRX5868852	Illumina NovaSeq 6000	ILLUMINA	SRS4791969	SAMN11786158	Mus musculus	SRP198970	2020-08-21 00:00:00 UTC	PRJNA543864	323	914	public	10090.0
SRR9093261	OTHER	public	SRX5868853	Illumina NovaSeq 6000	ILLUMINA	SRS4791971	SAMN11786157	Mus musculus	SRP198970	2020-08-21 00:00:00 UTC	PRJNA543864	343	970	public	10090.0
SRR9093262	OTHER	public	SRX5868854	Illumina NovaSeq 6000	ILLUMINA	SRS4791972	SAMN11786061	Mus musculus	SRP198970	2020-08-21 00:00:00 UTC	PRJNA543864	280	792	public	10090.0
SRR9093263	OTHER	public	SRX5868855	Illumina NovaSeq 6000	ILLUMINA	SRS4791973	SAMN11786060	Mus musculus	SRP198970	2020-08-21 00:00:00 UTC	PRJNA543864	265	751	public	10090.0
SRR9093264	OTHER	public	SRX5868456	Illumina NovaSeq 6000	ILLUMINA	SRS4791574	SAMN11786758	Mus musculus	SRP198970	2020-08-21 00:00:00 UTC	PRJNA543864	150	418	public	10090.0
SRR9093265	OTHER	public	SRX5868457	Illumina NovaSeq 6000	ILLUMINA	SRS4791575	SAMN11786757	Mus musculus	SRP198970	2020-08-21 00:00:00 UTC	PRJNA543864	187	521	public	10090.0
SRR9093266	OTHER	public	SRX5868458	Illumina NovaSeq 6000	ILLUMINA	SRS4791576	SAMN11786755	Mus musculus	SRP198970	2020-08-21 00:00:00 UTC	PRJNA543864	101	286	public	10090.0
SRR9093267	OTHER	public	SRX5868459	Illumina NovaSeq 6000	ILLUMINA	SRS4791577	SAMN11786754	Mus musculus	SRP198970	2020-08-21 00:00:00 UTC	PRJNA543864	212	589	public	10090.0
SRR9093268	OTHER	public	SRX5868460	Illumina NovaSeq 6000	ILLUMINA	SRS4791578	SAMN11786753	Mus musculus	SRP198970	2020-08-21 00:00:00 UTC	PRJNA543864	102	291	public	10090.0
SRR9093269	OTHER	public	SRX5868461	Illumina NovaSeq 6000	ILLUMINA	SRS4791579	SAMN11786752	Mus musculus	SRP198970	2020-08-21 00:00:00 UTC	PRJNA543864	100	288	public	10090.0
SRR9093270	OTHER	public	SRX5868462	Illumina NovaSeq 6000	ILLUMINA	SRS4791580	SAMN11786751	Mus musculus	SRP198970	2020-08-21 00:00:00 UTC	PRJNA543864	235	670	public	10090.0
SRR9093271	OTHER	public	SRX5868463	Illumina NovaSeq 6000	ILLUMINA	SRS4791581	SAMN11786750	Mus musculus	SRP198970	2020-08-21 00:00:00 UTC	PRJNA543864	114	324	public	10090.0
SRR9093272	OTHER	public	SRX5868464	Illumina NovaSeq 6000	ILLUMINA	SRS4791582	SAMN11786749	Mus musculus	SRP198970	2020-08-21 00:00:00 UTC	PRJNA543864	93	265	public	10090.0
SRR9093273	OTHER	public	SRX5868465	Illumina NovaSeq 6000	ILLUMINA	SRS4791583	SAMN11786748	Mus musculus	SRP198970	2020-08-21 00:00:00 UTC	PRJNA543864	106	305	public	10090.0
SRR9093274	OTHER	public	SRX5868466	Illumina NovaSeq 6000	ILLUMINA	SRS4791584	SAMN11786747	Mus musculus	SRP198970	2020-08-21 00:00:00 UTC	PRJNA543864	108	308	public	10090.0
SRR9093275	OTHER	public	SRX5868467	Illumina NovaSeq 6000	ILLUMINA	SRS4791585	SAMN11786746	Mus musculus	SRP198970	2020-08-21 00:00:00 UTC	PRJNA543864	135	383	public	10090.0
SRR9093276	OTHER	public	SRX5868468	Illumina NovaSeq 6000	ILLUMINA	SRS4791586	SAMN11786745	Mus musculus	SRP198970	2020-08-21 00:00:00 UTC	PRJNA543864	123	350	public	10090.0
SRR9093277	OTHER	public	SRX5868469	Illumina NovaSeq 6000	ILLUMINA	SRS4791587	SAMN11786744	Mus musculus	SRP198970	2020-08-21 00:00:00 UTC	PRJNA543864	148	421	public	10090.0
SRR9093278	OTHER	public	SRX5868470	Illumina NovaSeq 6000	ILLUMINA	SRS4791588	SAMN11786743	Mus musculus	SRP198970	2020-08-21 00:00:00 UTC	PRJNA543864	140	397	public	10090.0
SRR9093279	OTHER	public	SRX5868471	Illumina NovaSeq 6000	ILLUMINA	SRS4791589	SAMN11786742	Mus musculus	SRP198970	2020-08-21 00:00:00 UTC	PRJNA543864	133	382	public	10090.0
SRR9093280	OTHER	public	SRX5868472	Illumina NovaSeq 6000	ILLUMINA	SRS4791590	SAMN11786741	Mus musculus	SRP198970	2020-08-21 00:00:00 UTC	PRJNA543864	131	376	public	10090.0
SRR9093281	OTHER	public	SRX5868473	Illumina NovaSeq 6000	ILLUMINA	SRS4791591	SAMN11786740	Mus musculus	SRP198970	2020-08-21 00:00:00 UTC	PRJNA543864	134	383	public	10090.0
SRR9093282	OTHER	public	SRX5868474	Illumina NovaSeq 6000	ILLUMINA	SRS4791592	SAMN11786788	Mus musculus	SRP198970	2020-08-21 00:00:00 UTC	PRJNA543864	365	1023	public	10090.0
SRR9093283	OTHER	public	SRX5868475	Illumina NovaSeq 6000	ILLUMINA	SRS4791593	SAMN11786787	Mus musculus	SRP198970	2020-08-21 00:00:00 UTC	PRJNA543864	399	1123	public	10090.0
SRR9093284	OTHER	public	SRX5868476	Illumina NovaSeq 6000	ILLUMINA	SRS4791594	SAMN11786786	Mus musculus	SRP198970	2020-08-21 00:00:00 UTC	PRJNA543864	377	1063	public	10090.0
SRR9093285	OTHER	public	SRX5868477	Illumina NovaSeq 6000	ILLUMINA	SRS4791595	SAMN11786785	Mus musculus	SRP198970	2020-08-21 00:00:00 UTC	PRJNA543864	401	1125	public	10090.0
SRR9093286	OTHER	public	SRX5868478	Illumina NovaSeq 6000	ILLUMINA	SRS4791596	SAMN11786784	Mus musculus	SRP198970	2020-08-21 00:00:00 UTC	PRJNA543864	401	1134	public	10090.0
SRR9093287	OTHER	public	SRX5868479	Illumina NovaSeq 6000	ILLUMINA	SRS4791597	SAMN11786783	Mus musculus	SRP198970	2020-08-21 00:00:00 UTC	PRJNA543864	384	1081	public	10090.0
SRR9093288	OTHER	public	SRX5868480	Illumina NovaSeq 6000	ILLUMINA	SRS4791598	SAMN11786782	Mus musculus	SRP198970	2020-08-21 00:00:00 UTC	PRJNA543864	359	1021	public	10090.0
SRR9093289	OTHER	public	SRX5868481	Illumina NovaSeq 6000	ILLUMINA	SRS4791599	SAMN11786781	Mus musculus	SRP198970	2020-08-21 00:00:00 UTC	PRJNA543864	524	1485	public	10090.0
SRR9093290	OTHER	public	SRX5868482	Illumina NovaSeq 6000	ILLUMINA	SRS4791600	SAMN11786780	Mus musculus	SRP198970	2020-08-21 00:00:00 UTC	PRJNA543864	395	1118	public	10090.0
SRR9093291	OTHER	public	SRX5868483	Illumina NovaSeq 6000	ILLUMINA	SRS4791601	SAMN11786779	Mus musculus	SRP198970	2020-08-21 00:00:00 UTC	PRJNA543864	580	1645	public	10090.0
SRR9093292	OTHER	public	SRX5868484	Illumina NovaSeq 6000	ILLUMINA	SRS4791602	SAMN11786778	Mus musculus	SRP198970	2020-08-21 00:00:00 UTC	PRJNA543864	508	1438	public	10090.0
SRR9093293	OTHER	public	SRX5868485	Illumina NovaSeq 6000	ILLUMINA	SRS4791603	SAMN11786777	Mus musculus	SRP198970	2020-08-21 00:00:00 UTC	PRJNA543864	498	1405	public	10090.0
SRR9093294	OTHER	public	SRX5868486	Illumina NovaSeq 6000	ILLUMINA	SRS4791604	SAMN11786691	Mus musculus	SRP198970	2020-08-21 00:00:00 UTC	PRJNA543864	557	1584	public	10090.0
SRR9093295	OTHER	public	SRX5868487	Illumina NovaSeq 6000	ILLUMINA	SRS4791605	SAMN11786690	Mus musculus	SRP198970	2020-08-21 00:00:00 UTC	PRJNA543864	538	1516	public	10090.0
SRR9093296	OTHER	public	SRX5868488	Illumina NovaSeq 6000	ILLUMINA	SRS4791606	SAMN11786689	Mus musculus	SRP198970	2020-08-21 00:00:00 UTC	PRJNA543864	571	1588	public	10090.0
SRR9093297	OTHER	public	SRX5868489	Illumina NovaSeq 6000	ILLUMINA	SRS4791607	SAMN11786688	Mus musculus	SRP198970	2020-08-21 00:00:00 UTC	PRJNA543864	619	1743	public	10090.0
SRR9093298	OTHER	public	SRX5868490	Illumina NovaSeq 6000	ILLUMINA	SRS4791608	SAMN11786686	Mus musculus	SRP198970	2020-08-21 00:00:00 UTC	PRJNA543864	528	1503	public	10090.0
SRR9093299	OTHER	public	SRX5868491	Illumina NovaSeq 6000	ILLUMINA	SRS4791609	SAMN11786685	Mus musculus	SRP198970	2020-08-21 00:00:00 UTC	PRJNA543864	658	1865	public	10090.0
SRR9093300	OTHER	public	SRX5868492	Illumina NovaSeq 6000	ILLUMINA	SRS4791610	SAMN11786684	Mus musculus	SRP198970	2020-08-21 00:00:00 UTC	PRJNA543864	688	1939	public	10090.0
SRR9093301	OTHER	public	SRX5868493	Illumina NovaSeq 6000	ILLUMINA	SRS4791611	SAMN11786683	Mus musculus	SRP198970	2020-08-21 00:00:00 UTC	PRJNA543864	303	850	public	10090.0
SRR9093302	OTHER	public	SRX5868494	Illumina NovaSeq 6000	ILLUMINA	SRS4791612	SAMN11786682	Mus musculus	SRP198970	2020-08-21 00:00:00 UTC	PRJNA543864	276	777	public	10090.0
SRR9093303	OTHER	public	SRX5868495	Illumina NovaSeq 6000	ILLUMINA	SRS4791613	SAMN11786676	Mus musculus	SRP198970	2020-08-21 00:00:00 UTC	PRJNA543864	277	773	public	10090.0
SRR9093304	OTHER	public	SRX5868496	Illumina NovaSeq 6000	ILLUMINA	SRS4791614	SAMN11786719	Mus musculus	SRP198970	2020-08-21 00:00:00 UTC	PRJNA543864	609	1737	public	10090.0
SRR9093305	OTHER	public	SRX5868497	Illumina NovaSeq 6000	ILLUMINA	SRS4791615	SAMN11786718	Mus musculus	SRP198970	2020-08-21 00:00:00 UTC	PRJNA543864	706	2003	public	10090.0
SRR9093306	OTHER	public	SRX5868498	Illumina NovaSeq 6000	ILLUMINA	SRS4791616	SAMN11786681	Mus musculus	SRP198970	2020-08-21 00:00:00 UTC	PRJNA543864	708	2004	public	10090.0
SRR9093307	OTHER	public	SRX5868499	Illumina NovaSeq 6000	ILLUMINA	SRS4791617	SAMN11786680	Mus musculus	SRP198970	2020-08-21 00:00:00 UTC	PRJNA543864	298	835	public	10090.0
SRR9093308	OTHER	public	SRX5868500	Illumina NovaSeq 6000	ILLUMINA	SRS4791618	SAMN11786679	Mus musculus	SRP198970	2020-08-21 00:00:00 UTC	PRJNA543864	627	1783	public	10090.0
SRR9093309	OTHER	public	SRX5868501	Illumina NovaSeq 6000	ILLUMINA	SRS4791619	SAMN11786678	Mus musculus	SRP198970	2020-08-21 00:00:00 UTC	PRJNA543864	302	846	public	10090.0
SRR9093310	OTHER	public	SRX5868502	Illumina NovaSeq 6000	ILLUMINA	SRS4791620	SAMN11786677	Mus musculus	SRP198970	2020-08-21 00:00:00 UTC	PRJNA543864	302	850	public	10090.0
SRR9093311	OTHER	public	SRX5868503	Illumina NovaSeq 6000	ILLUMINA	SRS4791621	SAMN11786717	Mus musculus	SRP198970	2020-08-21 00:00:00 UTC	PRJNA543864	287	809	public	10090.0
SRR9093312	OTHER	public	SRX5868504	Illumina NovaSeq 6000	ILLUMINA	SRS4791622	SAMN11786716	Mus musculus	SRP198970	2020-08-21 00:00:00 UTC	PRJNA543864	336	940	public	10090.0
SRR9093313	OTHER	public	SRX5868505	Illumina NovaSeq 6000	ILLUMINA	SRS4791623	SAMN11786715	Mus musculus	SRP198970	2020-08-21 00:00:00 UTC	PRJNA543864	255	724	public	10090.0
SRR9093314	OTHER	public	SRX5868506	Illumina NovaSeq 6000	ILLUMINA	SRS4791624	SAMN11786714	Mus musculus	SRP198970	2020-08-21 00:00:00 UTC	PRJNA543864	340	967	public	10090.0
SRR9093315	OTHER	public	SRX5868507	Illumina NovaSeq 6000	ILLUMINA	SRS4791625	SAMN11786713	Mus musculus	SRP198970	2020-08-21 00:00:00 UTC	PRJNA543864	152	431	public	10090.0
SRR9093316	OTHER	public	SRX5868508	Illumina NovaSeq 6000	ILLUMINA	SRS4791626	SAMN11786712	Mus musculus	SRP198970	2020-08-21 00:00:00 UTC	PRJNA543864	368	1046	public	10090.0
SRR9093317	OTHER	public	SRX5868509	Illumina NovaSeq 6000	ILLUMINA	SRS4791627	SAMN11786711	Mus musculus	SRP198970	2020-08-21 00:00:00 UTC	PRJNA543864	232	643	public	10090.0
SRR9093318	OTHER	public	SRX5868510	Illumina NovaSeq 6000	ILLUMINA	SRS4791628	SAMN11786710	Mus musculus	SRP198970	2020-08-21 00:00:00 UTC	PRJNA543864	380	1080	public	10090.0
SRR9093319	OTHER	public	SRX5868511	Illumina NovaSeq 6000	ILLUMINA	SRS4791629	SAMN11786709	Mus musculus	SRP198970	2020-08-21 00:00:00 UTC	PRJNA543864	184	532	public	10090.0
SRR9093320	OTHER	public	SRX5868512	Illumina NovaSeq 6000	ILLUMINA	SRS4791630	SAMN11786708	Mus musculus	SRP198970	2020-08-21 00:00:00 UTC	PRJNA543864	179	513	public	10090.0
SRR9093321	OTHER	public	SRX5868513	Illumina NovaSeq 6000	ILLUMINA	SRS4791631	SAMN11786707	Mus musculus	SRP198970	2020-08-21 00:00:00 UTC	PRJNA543864	367	1045	public	10090.0
SRR9093322	OTHER	public	SRX5868514	Illumina NovaSeq 6000	ILLUMINA	SRS4791632	SAMN11786706	Mus musculus	SRP198970	2020-08-21 00:00:00 UTC	PRJNA543864	261	745	public	10090.0
SRR9093323	OTHER	public	SRX5868515	Illumina NovaSeq 6000	ILLUMINA	SRS4791633	SAMN11786705	Mus musculus	SRP198970	2020-08-21 00:00:00 UTC	PRJNA543864	187	528	public	10090.0
SRR9093324	OTHER	public	SRX5868516	Illumina NovaSeq 6000	ILLUMINA	SRS4791634	SAMN11786671	Mus musculus	SRP198970	2020-08-21 00:00:00 UTC	PRJNA543864	195	559	public	10090.0
SRR9093325	OTHER	public	SRX5868517	Illumina NovaSeq 6000	ILLUMINA	SRS4791635	SAMN11786670	Mus musculus	SRP198970	2020-08-21 00:00:00 UTC	PRJNA543864	186	534	public	10090.0
SRR9093326	OTHER	public	SRX5868518	Illumina NovaSeq 6000	ILLUMINA	SRS4791637	SAMN11786669	Mus musculus	SRP198970	2020-08-21 00:00:00 UTC	PRJNA543864	196	558	public	10090.0
SRR9093327	OTHER	public	SRX5868519	Illumina NovaSeq 6000	ILLUMINA	SRS4791636	SAMN11786668	Mus musculus	SRP198970	2020-08-21 00:00:00 UTC	PRJNA543864	349	996	public	10090.0
SRR9093328	OTHER	public	SRX5868520	Illumina NovaSeq 6000	ILLUMINA	SRS4791638	SAMN11786667	Mus musculus	SRP198970	2020-08-21 00:00:00 UTC	PRJNA543864	250	693	public	10090.0
SRR9093329	OTHER	public	SRX5868521	Illumina NovaSeq 6000	ILLUMINA	SRS4791639	SAMN11786666	Mus musculus	SRP198970	2020-08-21 00:00:00 UTC	PRJNA543864	235	656	public	10090.0
SRR9093330	OTHER	public	SRX5868522	Illumina NovaSeq 6000	ILLUMINA	SRS4791640	SAMN11786665	Mus musculus	SRP198970	2020-08-21 00:00:00 UTC	PRJNA543864	193	546	public	10090.0
SRR9093331	OTHER	public	SRX5868523	Illumina NovaSeq 6000	ILLUMINA	SRS4791641	SAMN11786664	Mus musculus	SRP198970	2020-08-21 00:00:00 UTC	PRJNA543864	238	668	public	10090.0
SRR9093332	OTHER	public	SRX5868524	Illumina NovaSeq 6000	ILLUMINA	SRS4791642	SAMN11786663	Mus musculus	SRP198970	2020-08-21 00:00:00 UTC	PRJNA543864	262	741	public	10090.0
SRR9093333	OTHER	public	SRX5868525	Illumina NovaSeq 6000	ILLUMINA	SRS4791643	SAMN11786662	Mus musculus	SRP198970	2020-08-21 00:00:00 UTC	PRJNA543864	256	718	public	10090.0
SRR9093334	OTHER	public	SRX5868526	Illumina NovaSeq 6000	ILLUMINA	SRS4791644	SAMN11786661	Mus musculus	SRP198970	2020-08-21 00:00:00 UTC	PRJNA543864	229	644	public	10090.0
SRR9093335	OTHER	public	SRX5868527	Illumina NovaSeq 6000	ILLUMINA	SRS4791646	SAMN11786660	Mus musculus	SRP198970	2020-08-21 00:00:00 UTC	PRJNA543864	223	628	public	10090.0
SRR9093336	OTHER	public	SRX5868528	Illumina NovaSeq 6000	ILLUMINA	SRS4791645	SAMN11786659	Mus musculus	SRP198970	2020-08-21 00:00:00 UTC	PRJNA543864	255	727	public	10090.0
SRR9093337	OTHER	public	SRX5868529	Illumina NovaSeq 6000	ILLUMINA	SRS4791647	SAMN11786658	Mus musculus	SRP198970	2020-08-21 00:00:00 UTC	PRJNA543864	460	1324	public	10090.0
SRR9093338	OTHER	public	SRX5868530	Illumina NovaSeq 6000	ILLUMINA	SRS4791648	SAMN11786657	Mus musculus	SRP198970	2020-08-21 00:00:00 UTC	PRJNA543864	261	734	public	10090.0
SRR9093339	OTHER	public	SRX5868531	Illumina NovaSeq 6000	ILLUMINA	SRS4791649	SAMN11786656	Mus musculus	SRP198970	2020-08-21 00:00:00 UTC	PRJNA543864	224	637	public	10090.0
SRR9093340	OTHER	public	SRX5868532	Illumina NovaSeq 6000	ILLUMINA	SRS4791650	SAMN11786655	Mus musculus	SRP198970	2020-08-21 00:00:00 UTC	PRJNA543864	219	626	public	10090.0
SRR9093341	OTHER	public	SRX5868533	Illumina NovaSeq 6000	ILLUMINA	SRS4791651	SAMN11786654	Mus musculus	SRP198970	2020-08-21 00:00:00 UTC	PRJNA543864	286	811	public	10090.0
SRR9093342	OTHER	public	SRX5868534	Illumina NovaSeq 6000	ILLUMINA	SRS4791652	SAMN11786653	Mus musculus	SRP198970	2020-08-21 00:00:00 UTC	PRJNA543864	302	860	public	10090.0
SRR9093343	OTHER	public	SRX5868535	Illumina NovaSeq 6000	ILLUMINA	SRS4791653	SAMN11786652	Mus musculus	SRP198970	2020-08-21 00:00:00 UTC	PRJNA543864	108	302	public	10090.0
SRR9093344	OTHER	public	SRX5868536	Illumina NovaSeq 6000	ILLUMINA	SRS4791655	SAMN11786651	Mus musculus	SRP198970	2020-08-21 00:00:00 UTC	PRJNA543864	130	365	public	10090.0
SRR9093345	OTHER	public	SRX5868537	Illumina NovaSeq 6000	ILLUMINA	SRS4791654	SAMN11786700	Mus musculus	SRP198970	2020-08-21 00:00:00 UTC	PRJNA543864	609	1756	public	10090.0
SRR9093346	OTHER	public	SRX5868538	Illumina NovaSeq 6000	ILLUMINA	SRS4791656	SAMN11786699	Mus musculus	SRP198970	2020-08-21 00:00:00 UTC	PRJNA543864	667	1895	public	10090.0
SRR9093347	OTHER	public	SRX5868539	Illumina NovaSeq 6000	ILLUMINA	SRS4791658	SAMN11786698	Mus musculus	SRP198970	2020-08-21 00:00:00 UTC	PRJNA543864	110	314	public	10090.0
SRR9093348	OTHER	public	SRX5868540	Illumina NovaSeq 6000	ILLUMINA	SRS4791657	SAMN11786697	Mus musculus	SRP198970	2020-08-21 00:00:00 UTC	PRJNA543864	712	2053	public	10090.0
SRR9093349	OTHER	public	SRX5868541	Illumina NovaSeq 6000	ILLUMINA	SRS4791659	SAMN11786696	Mus musculus	SRP198970	2020-08-21 00:00:00 UTC	PRJNA543864	501	1446	public	10090.0
SRR9093350	OTHER	public	SRX5868542	Illumina NovaSeq 6000	ILLUMINA	SRS4791660	SAMN11786695	Mus musculus	SRP198970	2020-08-21 00:00:00 UTC	PRJNA543864	601	1725	public	10090.0
SRR9093351	OTHER	public	SRX5868543	Illumina NovaSeq 6000	ILLUMINA	SRS4791661	SAMN11786694	Mus musculus	SRP198970	2020-08-21 00:00:00 UTC	PRJNA543864	523	1481	public	10090.0
SRR9093352	OTHER	public	SRX5868544	Illumina NovaSeq 6000	ILLUMINA	SRS4791662	SAMN11786693	Mus musculus	SRP198970	2020-08-21 00:00:00 UTC	PRJNA543864	130	365	public	10090.0
SRR9093353	OTHER	public	SRX5868545	Illumina NovaSeq 6000	ILLUMINA	SRS4791663	SAMN11786692	Mus musculus	SRP198970	2020-08-21 00:00:00 UTC	PRJNA543864	139	394	public	10090.0
SRR9093354	OTHER	public	SRX5868546	Illumina NovaSeq 6000	ILLUMINA	SRS4791664	SAMN11786600	Mus musculus	SRP198970	2020-08-21 00:00:00 UTC	PRJNA543864	110	310	public	10090.0
SRR9093355	OTHER	public	SRX5868547	Illumina NovaSeq 6000	ILLUMINA	SRS4791665	SAMN11786650	Mus musculus	SRP198970	2020-08-21 00:00:00 UTC	PRJNA543864	127	361	public	10090.0
SRR9093356	OTHER	public	SRX5868548	Illumina NovaSeq 6000	ILLUMINA	SRS4791666	SAMN11786649	Mus musculus	SRP198970	2020-08-21 00:00:00 UTC	PRJNA543864	115	327	public	10090.0
SRR9093357	OTHER	public	SRX5868549	Illumina NovaSeq 6000	ILLUMINA	SRS4791667	SAMN11786648	Mus musculus	SRP198970	2020-08-21 00:00:00 UTC	PRJNA543864	120	340	public	10090.0
SRR9093358	OTHER	public	SRX5868550	Illumina NovaSeq 6000	ILLUMINA	SRS4791668	SAMN11786647	Mus musculus	SRP198970	2020-08-21 00:00:00 UTC	PRJNA543864	125	351	public	10090.0
SRR9093359	OTHER	public	SRX5868551	Illumina NovaSeq 6000	ILLUMINA	SRS4791669	SAMN11786646	Mus musculus	SRP198970	2020-08-21 00:00:00 UTC	PRJNA543864	118	331	public	10090.0
SRR9093360	OTHER	public	SRX5868552	Illumina NovaSeq 6000	ILLUMINA	SRS4791670	SAMN11786645	Mus musculus	SRP198970	2020-08-21 00:00:00 UTC	PRJNA543864	124	351	public	10090.0
SRR9093361	OTHER	public	SRX5868553	Illumina NovaSeq 6000	ILLUMINA	SRS4791671	SAMN11786644	Mus musculus	SRP198970	2020-08-21 00:00:00 UTC	PRJNA543864	127	358	public	10090.0
SRR9093362	OTHER	public	SRX5868554	Illumina NovaSeq 6000	ILLUMINA	SRS4791672	SAMN11786643	Mus musculus	SRP198970	2020-08-21 00:00:00 UTC	PRJNA543864	115	326	public	10090.0
SRR9093363	OTHER	public	SRX5868555	Illumina NovaSeq 6000	ILLUMINA	SRS4791673	SAMN11786642	Mus musculus	SRP198970	2020-08-21 00:00:00 UTC	PRJNA543864	122	343	public	10090.0
SRR9093364	OTHER	public	SRX5868556	Illumina NovaSeq 6000	ILLUMINA	SRS4791674	SAMN11786640	Mus musculus	SRP198970	2020-08-21 00:00:00 UTC	PRJNA543864	112	318	public	10090.0
SRR9093365	OTHER	public	SRX5868557	Illumina NovaSeq 6000	ILLUMINA	SRS4791675	SAMN11786636	Mus musculus	SRP198970	2020-08-21 00:00:00 UTC	PRJNA543864	113	321	public	10090.0
SRR9093366	OTHER	public	SRX5868558	Illumina NovaSeq 6000	ILLUMINA	SRS4791676	SAMN11786639	Mus musculus	SRP198970	2020-08-21 00:00:00 UTC	PRJNA543864	92	260	public	10090.0
SRR9093367	OTHER	public	SRX5868559	Illumina NovaSeq 6000	ILLUMINA	SRS4791677	SAMN11786638	Mus musculus	SRP198970	2020-08-21 00:00:00 UTC	PRJNA543864	98	279	public	10090.0
SRR9093368	OTHER	public	SRX5868560	Illumina NovaSeq 6000	ILLUMINA	SRS4791678	SAMN11786637	Mus musculus	SRP198970	2020-08-21 00:00:00 UTC	PRJNA543864	103	290	public	10090.0
SRR9093369	OTHER	public	SRX5868561	Illumina NovaSeq 6000	ILLUMINA	SRS4791679	SAMN11786635	Mus musculus	SRP198970	2020-08-21 00:00:00 UTC	PRJNA543864	60	169	public	10090.0
SRR9093370	OTHER	public	SRX5868562	Illumina NovaSeq 6000	ILLUMINA	SRS4791680	SAMN11786634	Mus musculus	SRP198970	2020-08-21 00:00:00 UTC	PRJNA543864	93	263	public	10090.0
SRR9093371	OTHER	public	SRX5868563	Illumina NovaSeq 6000	ILLUMINA	SRS4791681	SAMN11786633	Mus musculus	SRP198970	2020-08-21 00:00:00 UTC	PRJNA543864	99	279	public	10090.0
SRR9093372	OTHER	public	SRX5868564	Illumina NovaSeq 6000	ILLUMINA	SRS4791682	SAMN11786631	Mus musculus	SRP198970	2020-08-21 00:00:00 UTC	PRJNA543864	93	266	public	10090.0
SRR9093373	OTHER	public	SRX5868565	Illumina NovaSeq 6000	ILLUMINA	SRS4791683	SAMN11786630	Mus musculus	SRP198970	2020-08-21 00:00:00 UTC	PRJNA543864	73	205	public	10090.0
SRR9093374	OTHER	public	SRX5868566	Illumina NovaSeq 6000	ILLUMINA	SRS4791684	SAMN11786629	Mus musculus	SRP198970	2020-08-21 00:00:00 UTC	PRJNA543864	95	269	public	10090.0
SRR9093375	OTHER	public	SRX5868567	Illumina NovaSeq 6000	ILLUMINA	SRS4791685	SAMN11786628	Mus musculus	SRP198970	2020-08-21 00:00:00 UTC	PRJNA543864	85	239	public	10090.0
SRR9093376	OTHER	public	SRX5868568	Illumina NovaSeq 6000	ILLUMINA	SRS4791686	SAMN11786627	Mus musculus	SRP198970	2020-08-21 00:00:00 UTC	PRJNA543864	89	255	public	10090.0
SRR9093377	OTHER	public	SRX5868569	Illumina NovaSeq 6000	ILLUMINA	SRS4791687	SAMN11786626	Mus musculus	SRP198970	2020-08-21 00:00:00 UTC	PRJNA543864	144	405	public	10090.0
SRR9093378	OTHER	public	SRX5868570	Illumina NovaSeq 6000	ILLUMINA	SRS4791688	SAMN11786625	Mus musculus	SRP198970	2020-08-21 00:00:00 UTC	PRJNA543864	71	201	public	10090.0
SRR9093379	OTHER	public	SRX5868571	Illumina NovaSeq 6000	ILLUMINA	SRS4791689	SAMN11786624	Mus musculus	SRP198970	2020-08-21 00:00:00 UTC	PRJNA543864	79	224	public	10090.0
SRR9093380	OTHER	public	SRX5868572	Illumina NovaSeq 6000	ILLUMINA	SRS4791690	SAMN11786675	Mus musculus	SRP198970	2020-08-21 00:00:00 UTC	PRJNA543864	65	185	public	10090.0
SRR9093381	OTHER	public	SRX5868573	Illumina NovaSeq 6000	ILLUMINA	SRS4791691	SAMN11786674	Mus musculus	SRP198970	2020-08-21 00:00:00 UTC	PRJNA543864	195	547	public	10090.0
SRR9093382	OTHER	public	SRX5868574	Illumina NovaSeq 6000	ILLUMINA	SRS4791692	SAMN11786673	Mus musculus	SRP198970	2020-08-21 00:00:00 UTC	PRJNA543864	75	212	public	10090.0
SRR9093383	OTHER	public	SRX5868575	Illumina NovaSeq 6000	ILLUMINA	SRS4791693	SAMN11786672	Mus musculus	SRP198970	2020-08-21 00:00:00 UTC	PRJNA543864	411	1149	public	10090.0
SRR9093384	OTHER	public	SRX5868576	Illumina NovaSeq 6000	ILLUMINA	SRS4791694	SAMN11786584	Mus musculus	SRP198970	2020-08-21 00:00:00 UTC	PRJNA543864	370	1033	public	10090.0
SRR9093385	OTHER	public	SRX5868577	Illumina NovaSeq 6000	ILLUMINA	SRS4791695	SAMN11786583	Mus musculus	SRP198970	2020-08-21 00:00:00 UTC	PRJNA543864	284	796	public	10090.0
SRR9093386	OTHER	public	SRX5868578	Illumina NovaSeq 6000	ILLUMINA	SRS4791696	SAMN11786582	Mus musculus	SRP198970	2020-08-21 00:00:00 UTC	PRJNA543864	422	1186	public	10090.0
SRR9093387	OTHER	public	SRX5868579	Illumina NovaSeq 6000	ILLUMINA	SRS4791697	SAMN11786581	Mus musculus	SRP198970	2020-08-21 00:00:00 UTC	PRJNA543864	427	1201	public	10090.0
SRR9093388	OTHER	public	SRX5868580	Illumina NovaSeq 6000	ILLUMINA	SRS4791698	SAMN11786580	Mus musculus	SRP198970	2020-08-21 00:00:00 UTC	PRJNA543864	757	2123	public	10090.0
SRR9093389	OTHER	public	SRX5868581	Illumina NovaSeq 6000	ILLUMINA	SRS4791699	SAMN11786579	Mus musculus	SRP198970	2020-08-21 00:00:00 UTC	PRJNA543864	412	1159	public	10090.0
SRR9093390	OTHER	public	SRX5868582	Illumina NovaSeq 6000	ILLUMINA	SRS4791700	SAMN11786578	Mus musculus	SRP198970	2020-08-21 00:00:00 UTC	PRJNA543864	367	1037	public	10090.0
SRR9093391	OTHER	public	SRX5868583	Illumina NovaSeq 6000	ILLUMINA	SRS4791701	SAMN11786623	Mus musculus	SRP198970	2020-08-21 00:00:00 UTC	PRJNA543864	215	603	public	10090.0
SRR9093392	OTHER	public	SRX5868584	Illumina NovaSeq 6000	ILLUMINA	SRS4791702	SAMN11786622	Mus musculus	SRP198970	2020-08-21 00:00:00 UTC	PRJNA543864	218	610	public	10090.0
SRR9093393	OTHER	public	SRX5868585	Illumina NovaSeq 6000	ILLUMINA	SRS4791703	SAMN11786617	Mus musculus	SRP198970	2020-08-21 00:00:00 UTC	PRJNA543864	217	611	public	10090.0
SRR9093394	OTHER	public	SRX5868586	Illumina NovaSeq 6000	ILLUMINA	SRS4791704	SAMN11786616	Mus musculus	SRP198970	2020-08-21 00:00:00 UTC	PRJNA543864	90	253	public	10090.0
SRR9093395	OTHER	public	SRX5868587	Illumina NovaSeq 6000	ILLUMINA	SRS4791705	SAMN11786615	Mus musculus	SRP198970	2020-08-21 00:00:00 UTC	PRJNA543864	223	625	public	10090.0
SRR9093396	OTHER	public	SRX5868588	Illumina NovaSeq 6000	ILLUMINA	SRS4791706	SAMN11786621	Mus musculus	SRP198970	2020-08-21 00:00:00 UTC	PRJNA543864	217	613	public	10090.0
SRR9093397	OTHER	public	SRX5868589	Illumina NovaSeq 6000	ILLUMINA	SRS4791707	SAMN11786620	Mus musculus	SRP198970	2020-08-21 00:00:00 UTC	PRJNA543864	224	627	public	10090.0
SRR9093398	OTHER	public	SRX5868590	Illumina NovaSeq 6000	ILLUMINA	SRS4791708	SAMN11786619	Mus musculus	SRP198970	2020-08-21 00:00:00 UTC	PRJNA543864	104	298	public	10090.0
SRR9093399	OTHER	public	SRX5868591	Illumina NovaSeq 6000	ILLUMINA	SRS4791709	SAMN11786618	Mus musculus	SRP198970	2020-08-21 00:00:00 UTC	PRJNA543864	81	227	public	10090.0
SRR9093400	OTHER	public	SRX5868592	Illumina NovaSeq 6000	ILLUMINA	SRS4791710	SAMN11786614	Mus musculus	SRP198970	2020-08-21 00:00:00 UTC	PRJNA543864	94	266	public	10090.0
SRR9093401	OTHER	public	SRX5868593	Illumina NovaSeq 6000	ILLUMINA	SRS4791711	SAMN11786613	Mus musculus	SRP198970	2020-08-21 00:00:00 UTC	PRJNA543864	86	243	public	10090.0
SRR9093402	OTHER	public	SRX5868594	Illumina NovaSeq 6000	ILLUMINA	SRS4791712	SAMN11786612	Mus musculus	SRP198970	2020-08-21 00:00:00 UTC	PRJNA543864	92	261	public	10090.0
SRR9093403	OTHER	public	SRX5868595	Illumina NovaSeq 6000	ILLUMINA	SRS4791713	SAMN11786611	Mus musculus	SRP198970	2020-08-21 00:00:00 UTC	PRJNA543864	92	260	public	10090.0
SRR9093404	OTHER	public	SRX5868596	Illumina NovaSeq 6000	ILLUMINA	SRS4791714	SAMN11786610	Mus musculus	SRP198970	2020-08-21 00:00:00 UTC	PRJNA543864	88	250	public	10090.0
SRR9093405	OTHER	public	SRX5868597	Illumina NovaSeq 6000	ILLUMINA	SRS4791715	SAMN11786609	Mus musculus	SRP198970	2020-08-21 00:00:00 UTC	PRJNA543864	104	298	public	10090.0
SRR9093406	OTHER	public	SRX5868598	Illumina NovaSeq 6000	ILLUMINA	SRS4791716	SAMN11786608	Mus musculus	SRP198970	2020-08-21 00:00:00 UTC	PRJNA543864	203	574	public	10090.0
SRR9093407	OTHER	public	SRX5868599	Illumina NovaSeq 6000	ILLUMINA	SRS4791717	SAMN11786607	Mus musculus	SRP198970	2020-08-21 00:00:00 UTC	PRJNA543864	99	285	public	10090.0
SRR9093408	OTHER	public	SRX5868600	Illumina NovaSeq 6000	ILLUMINA	SRS4791718	SAMN11786606	Mus musculus	SRP198970	2020-08-21 00:00:00 UTC	PRJNA543864	138	389	public	10090.0
SRR9093409	OTHER	public	SRX5868601	Illumina NovaSeq 6000	ILLUMINA	SRS4791720	SAMN11786605	Mus musculus	SRP198970	2020-08-21 00:00:00 UTC	PRJNA543864	106	304	public	10090.0
SRR9093410	OTHER	public	SRX5868602	Illumina NovaSeq 6000	ILLUMINA	SRS4791719	SAMN11786604	Mus musculus	SRP198970	2020-08-21 00:00:00 UTC	PRJNA543864	101	290	public	10090.0
SRR9093411	OTHER	public	SRX5868603	Illumina NovaSeq 6000	ILLUMINA	SRS4791721	SAMN11786603	Mus musculus	SRP198970	2020-08-21 00:00:00 UTC	PRJNA543864	138	387	public	10090.0
SRR9093412	OTHER	public	SRX5868604	Illumina NovaSeq 6000	ILLUMINA	SRS4791722	SAMN11786602	Mus musculus	SRP198970	2020-08-21 00:00:00 UTC	PRJNA543864	108	311	public	10090.0
SRR9093413	OTHER	public	SRX5868605	Illumina NovaSeq 6000	ILLUMINA	SRS4791723	SAMN11786601	Mus musculus	SRP198970	2020-08-21 00:00:00 UTC	PRJNA543864	152	425	public	10090.0
SRR9093414	OTHER	public	SRX5868606	Illumina NovaSeq 6000	ILLUMINA	SRS4791724	SAMN11786573	Mus musculus	SRP198970	2020-08-21 00:00:00 UTC	PRJNA543864	134	377	public	10090.0
SRR9093415	OTHER	public	SRX5868607	Illumina NovaSeq 6000	ILLUMINA	SRS4791725	SAMN11786572	Mus musculus	SRP198970	2020-08-21 00:00:00 UTC	PRJNA543864	139	391	public	10090.0
SRR9093416	OTHER	public	SRX5868608	Illumina NovaSeq 6000	ILLUMINA	SRS4791726	SAMN11786571	Mus musculus	SRP198970	2020-08-21 00:00:00 UTC	PRJNA543864	154	435	public	10090.0
SRR9093417	OTHER	public	SRX5868609	Illumina NovaSeq 6000	ILLUMINA	SRS4791727	SAMN11786570	Mus musculus	SRP198970	2020-08-21 00:00:00 UTC	PRJNA543864	144	407	public	10090.0
SRR9093418	OTHER	public	SRX5868610	Illumina NovaSeq 6000	ILLUMINA	SRS4791728	SAMN11786569	Mus musculus	SRP198970	2020-08-21 00:00:00 UTC	PRJNA543864	155	438	public	10090.0
SRR9093419	OTHER	public	SRX5868611	Illumina NovaSeq 6000	ILLUMINA	SRS4791729	SAMN11786568	Mus musculus	SRP198970	2020-08-21 00:00:00 UTC	PRJNA543864	187	516	public	10090.0
SRR9093420	OTHER	public	SRX5868612	Illumina NovaSeq 6000	ILLUMINA	SRS4791730	SAMN11786567	Mus musculus	SRP198970	2020-08-21 00:00:00 UTC	PRJNA543864	125	357	public	10090.0
SRR9093421	OTHER	public	SRX5868613	Illumina NovaSeq 6000	ILLUMINA	SRS4791731	SAMN11786566	Mus musculus	SRP198970	2020-08-21 00:00:00 UTC	PRJNA543864	148	415	public	10090.0
SRR9093422	OTHER	public	SRX5868614	Illumina NovaSeq 6000	ILLUMINA	SRS4791732	SAMN11786565	Mus musculus	SRP198970	2020-08-21 00:00:00 UTC	PRJNA543864	137	388	public	10090.0
SRR9093423	OTHER	public	SRX5868615	Illumina NovaSeq 6000	ILLUMINA	SRS4791733	SAMN11786564	Mus musculus	SRP198970	2020-08-21 00:00:00 UTC	PRJNA543864	152	430	public	10090.0
SRR9093424	OTHER	public	SRX5868616	Illumina NovaSeq 6000	ILLUMINA	SRS4791734	SAMN11786563	Mus musculus	SRP198970	2020-08-21 00:00:00 UTC	PRJNA543864	163	460	public	10090.0
SRR9093425	OTHER	public	SRX5868617	Illumina NovaSeq 6000	ILLUMINA	SRS4791735	SAMN11786562	Mus musculus	SRP198970	2020-08-21 00:00:00 UTC	PRJNA543864	166	463	public	10090.0
SRR9093426	OTHER	public	SRX5868618	Illumina NovaSeq 6000	ILLUMINA	SRS4791736	SAMN11786561	Mus musculus	SRP198970	2020-08-21 00:00:00 UTC	PRJNA543864	104	298	public	10090.0
SRR9093427	OTHER	public	SRX5868619	Illumina NovaSeq 6000	ILLUMINA	SRS4791737	SAMN11786560	Mus musculus	SRP198970	2020-08-21 00:00:00 UTC	PRJNA543864	160	449	public	10090.0
SRR9093428	OTHER	public	SRX5868620	Illumina NovaSeq 6000	ILLUMINA	SRS4791739	SAMN11786559	Mus musculus	SRP198970	2020-08-21 00:00:00 UTC	PRJNA543864	141	405	public	10090.0
SRR9093429	OTHER	public	SRX5868621	Illumina NovaSeq 6000	ILLUMINA	SRS4791738	SAMN11786599	Mus musculus	SRP198970	2020-08-21 00:00:00 UTC	PRJNA543864	202	571	public	10090.0
SRR9093430	OTHER	public	SRX5868622	Illumina NovaSeq 6000	ILLUMINA	SRS4791740	SAMN11786598	Mus musculus	SRP198970	2020-08-21 00:00:00 UTC	PRJNA543864	140	398	public	10090.0
SRR9093431	OTHER	public	SRX5868623	Illumina NovaSeq 6000	ILLUMINA	SRS4791741	SAMN11786597	Mus musculus	SRP198970	2020-08-21 00:00:00 UTC	PRJNA543864	216	614	public	10090.0
SRR9093432	OTHER	public	SRX5868624	Illumina NovaSeq 6000	ILLUMINA	SRS4791742	SAMN11786596	Mus musculus	SRP198970	2020-08-21 00:00:00 UTC	PRJNA543864	211	596	public	10090.0
SRR9093433	OTHER	public	SRX5868625	Illumina NovaSeq 6000	ILLUMINA	SRS4791743	SAMN11786595	Mus musculus	SRP198970	2020-08-21 00:00:00 UTC	PRJNA543864	213	607	public	10090.0
SRR9093434	OTHER	public	SRX5868626	Illumina NovaSeq 6000	ILLUMINA	SRS4791744	SAMN11786594	Mus musculus	SRP198970	2020-08-21 00:00:00 UTC	PRJNA543864	524	1514	public	10090.0
SRR9093435	OTHER	public	SRX5868627	Illumina NovaSeq 6000	ILLUMINA	SRS4791745	SAMN11786593	Mus musculus	SRP198970	2020-08-21 00:00:00 UTC	PRJNA543864	206	587	public	10090.0
SRR9093436	OTHER	public	SRX5868628	Illumina NovaSeq 6000	ILLUMINA	SRS4791746	SAMN11786592	Mus musculus	SRP198970	2020-08-21 00:00:00 UTC	PRJNA543864	201	553	public	10090.0
SRR9093437	OTHER	public	SRX5868629	Illumina NovaSeq 6000	ILLUMINA	SRS4791747	SAMN11786591	Mus musculus	SRP198970	2020-08-21 00:00:00 UTC	PRJNA543864	235	660	public	10090.0
SRR9093438	OTHER	public	SRX5868630	Illumina NovaSeq 6000	ILLUMINA	SRS4791750	SAMN11786590	Mus musculus	SRP198970	2020-08-21 00:00:00 UTC	PRJNA543864	154	425	public	10090.0
SRR9093439	OTHER	public	SRX5868631	Illumina NovaSeq 6000	ILLUMINA	SRS4791748	SAMN11786589	Mus musculus	SRP198970	2020-08-21 00:00:00 UTC	PRJNA543864	107	299	public	10090.0
SRR9093440	OTHER	public	SRX5868632	Illumina NovaSeq 6000	ILLUMINA	SRS4791749	SAMN11786588	Mus musculus	SRP198970	2020-08-21 00:00:00 UTC	PRJNA543864	607	1744	public	10090.0
SRR9093441	OTHER	public	SRX5868633	Illumina NovaSeq 6000	ILLUMINA	SRS4791752	SAMN11786587	Mus musculus	SRP198970	2020-08-21 00:00:00 UTC	PRJNA543864	581	1673	public	10090.0
SRR9093442	OTHER	public	SRX5868634	Illumina NovaSeq 6000	ILLUMINA	SRS4791751	SAMN11786586	Mus musculus	SRP198970	2020-08-21 00:00:00 UTC	PRJNA543864	467	1327	public	10090.0
SRR9093443	OTHER	public	SRX5868635	Illumina NovaSeq 6000	ILLUMINA	SRS4791753	SAMN11786585	Mus musculus	SRP198970	2020-08-21 00:00:00 UTC	PRJNA543864	519	1468	public	10090.0
SRR9093444	OTHER	public	SRX5868636	Illumina NovaSeq 6000	ILLUMINA	SRS4791754	SAMN11786836	Mus musculus	SRP198970	2020-08-21 00:00:00 UTC	PRJNA543864	411	1186	public	10090.0
SRR9093445	OTHER	public	SRX5868637	Illumina NovaSeq 6000	ILLUMINA	SRS4791755	SAMN11786835	Mus musculus	SRP198970	2020-08-21 00:00:00 UTC	PRJNA543864	153	424	public	10090.0
SRR9093446	OTHER	public	SRX5868638	Illumina NovaSeq 6000	ILLUMINA	SRS4791756	SAMN11786834	Mus musculus	SRP198970	2020-08-21 00:00:00 UTC	PRJNA543864	188	520	public	10090.0
SRR9093447	OTHER	public	SRX5868639	Illumina NovaSeq 6000	ILLUMINA	SRS4791757	SAMN11786833	Mus musculus	SRP198970	2020-08-21 00:00:00 UTC	PRJNA543864	146	405	public	10090.0
SRR9093448	OTHER	public	SRX5868640	Illumina NovaSeq 6000	ILLUMINA	SRS4791758	SAMN11786832	Mus musculus	SRP198970	2020-08-21 00:00:00 UTC	PRJNA543864	63	179	public	10090.0
SRR9093449	OTHER	public	SRX5868641	Illumina NovaSeq 6000	ILLUMINA	SRS4791759	SAMN11786831	Mus musculus	SRP198970	2020-08-21 00:00:00 UTC	PRJNA543864	61	174	public	10090.0
SRR9093450	OTHER	public	SRX5868642	Illumina NovaSeq 6000	ILLUMINA	SRS4791760	SAMN11786830	Mus musculus	SRP198970	2020-08-21 00:00:00 UTC	PRJNA543864	143	398	public	10090.0
SRR9093451	OTHER	public	SRX5868643	Illumina NovaSeq 6000	ILLUMINA	SRS4791761	SAMN11786829	Mus musculus	SRP198970	2020-08-21 00:00:00 UTC	PRJNA543864	71	201	public	10090.0
SRR9093452	OTHER	public	SRX5868644	Illumina NovaSeq 6000	ILLUMINA	SRS4791762	SAMN11786828	Mus musculus	SRP198970	2020-08-21 00:00:00 UTC	PRJNA543864	183	512	public	10090.0
SRR9093453	OTHER	public	SRX5868645	Illumina NovaSeq 6000	ILLUMINA	SRS4791763	SAMN11786827	Mus musculus	SRP198970	2020-08-21 00:00:00 UTC	PRJNA543864	78	220	public	10090.0
SRR9093454	OTHER	public	SRX5868646	Illumina NovaSeq 6000	ILLUMINA	SRS4791765	SAMN11786860	Mus musculus	SRP198970	2020-08-21 00:00:00 UTC	PRJNA543864	182	506	public	10090.0
SRR9093455	OTHER	public	SRX5868647	Illumina NovaSeq 6000	ILLUMINA	SRS4791764	SAMN11786859	Mus musculus	SRP198970	2020-08-21 00:00:00 UTC	PRJNA543864	72	205	public	10090.0
SRR9093456	OTHER	public	SRX5868648	Illumina NovaSeq 6000	ILLUMINA	SRS4791767	SAMN11786864	Mus musculus	SRP198970	2020-08-21 00:00:00 UTC	PRJNA543864	79	226	public	10090.0
SRR9093457	OTHER	public	SRX5868649	Illumina NovaSeq 6000	ILLUMINA	SRS4791766	SAMN11786863	Mus musculus	SRP198970	2020-08-21 00:00:00 UTC	PRJNA543864	79	224	public	10090.0
SRR9093458	OTHER	public	SRX5868650	Illumina NovaSeq 6000	ILLUMINA	SRS4791769	SAMN11786862	Mus musculus	SRP198970	2020-08-21 00:00:00 UTC	PRJNA543864	71	200	public	10090.0
SRR9093459	OTHER	public	SRX5868651	Illumina NovaSeq 6000	ILLUMINA	SRS4791768	SAMN11786861	Mus musculus	SRP198970	2020-08-21 00:00:00 UTC	PRJNA543864	84	238	public	10090.0
SRR9093460	OTHER	public	SRX5868652	Illumina NovaSeq 6000	ILLUMINA	SRS4791770	SAMN11786858	Mus musculus	SRP198970	2020-08-21 00:00:00 UTC	PRJNA543864	81	229	public	10090.0
SRR9093461	OTHER	public	SRX5868653	Illumina NovaSeq 6000	ILLUMINA	SRS4791771	SAMN11786856	Mus musculus	SRP198970	2020-08-21 00:00:00 UTC	PRJNA543864	80	225	public	10090.0
SRR9093462	OTHER	public	SRX5868654	Illumina NovaSeq 6000	ILLUMINA	SRS4791772	SAMN11786855	Mus musculus	SRP198970	2020-08-21 00:00:00 UTC	PRJNA543864	90	253	public	10090.0
SRR9093463	OTHER	public	SRX5868655	Illumina NovaSeq 6000	ILLUMINA	SRS4791773	SAMN11786854	Mus musculus	SRP198970	2020-08-21 00:00:00 UTC	PRJNA543864	82	230	public	10090.0
SRR9093464	OTHER	public	SRX5868656	Illumina NovaSeq 6000	ILLUMINA	SRS4791774	SAMN11786853	Mus musculus	SRP198970	2020-08-21 00:00:00 UTC	PRJNA543864	82	231	public	10090.0
SRR9093465	OTHER	public	SRX5868657	Illumina NovaSeq 6000	ILLUMINA	SRS4791775	SAMN11786852	Mus musculus	SRP198970	2020-08-21 00:00:00 UTC	PRJNA543864	72	206	public	10090.0
SRR9093466	OTHER	public	SRX5868658	Illumina NovaSeq 6000	ILLUMINA	SRS4791776	SAMN11786851	Mus musculus	SRP198970	2020-08-21 00:00:00 UTC	PRJNA543864	98	274	public	10090.0
SRR9093467	OTHER	public	SRX5868659	Illumina NovaSeq 6000	ILLUMINA	SRS4791777	SAMN11786850	Mus musculus	SRP198970	2020-08-21 00:00:00 UTC	PRJNA543864	108	305	public	10090.0
SRR9093468	OTHER	public	SRX5868660	Illumina NovaSeq 6000	ILLUMINA	SRS4791778	SAMN11786849	Mus musculus	SRP198970	2020-08-21 00:00:00 UTC	PRJNA543864	102	287	public	10090.0
SRR9093469	OTHER	public	SRX5868661	Illumina NovaSeq 6000	ILLUMINA	SRS4791779	SAMN11786848	Mus musculus	SRP198970	2020-08-21 00:00:00 UTC	PRJNA543864	109	306	public	10090.0
SRR9093470	OTHER	public	SRX5868662	Illumina NovaSeq 6000	ILLUMINA	SRS4791780	SAMN11786847	Mus musculus	SRP198970	2020-08-21 00:00:00 UTC	PRJNA543864	110	308	public	10090.0
SRR9093471	OTHER	public	SRX5868663	Illumina NovaSeq 6000	ILLUMINA	SRS4791781	SAMN11786886	Mus musculus	SRP198970	2020-08-21 00:00:00 UTC	PRJNA543864	158	446	public	10090.0
SRR9093472	OTHER	public	SRX5868664	Illumina NovaSeq 6000	ILLUMINA	SRS4791782	SAMN11786885	Mus musculus	SRP198970	2020-08-21 00:00:00 UTC	PRJNA543864	96	271	public	10090.0
SRR9093473	OTHER	public	SRX5868665	Illumina NovaSeq 6000	ILLUMINA	SRS4791783	SAMN11786884	Mus musculus	SRP198970	2020-08-21 00:00:00 UTC	PRJNA543864	109	308	public	10090.0
SRR9093474	OTHER	public	SRX5868666	Illumina NovaSeq 6000	ILLUMINA	SRS4791784	SAMN11786789	Mus musculus	SRP198970	2020-08-21 00:00:00 UTC	PRJNA543864	105	296	public	10090.0
SRR9093475	OTHER	public	SRX5868667	Illumina NovaSeq 6000	ILLUMINA	SRS4791785	SAMN11786826	Mus musculus	SRP198970	2020-08-21 00:00:00 UTC	PRJNA543864	175	490	public	10090.0
SRR9093476	OTHER	public	SRX5868668	Illumina NovaSeq 6000	ILLUMINA	SRS4791786	SAMN11786825	Mus musculus	SRP198970	2020-08-21 00:00:00 UTC	PRJNA543864	199	563	public	10090.0
SRR9093477	OTHER	public	SRX5868669	Illumina NovaSeq 6000	ILLUMINA	SRS4791787	SAMN11786824	Mus musculus	SRP198970	2020-08-21 00:00:00 UTC	PRJNA543864	189	538	public	10090.0
SRR9093478	OTHER	public	SRX5868670	Illumina NovaSeq 6000	ILLUMINA	SRS4791788	SAMN11786823	Mus musculus	SRP198970	2020-08-21 00:00:00 UTC	PRJNA543864	185	524	public	10090.0
SRR9093479	OTHER	public	SRX5868671	Illumina NovaSeq 6000	ILLUMINA	SRS4791789	SAMN11786822	Mus musculus	SRP198970	2020-08-21 00:00:00 UTC	PRJNA543864	164	466	public	10090.0
SRR9093480	OTHER	public	SRX5868672	Illumina NovaSeq 6000	ILLUMINA	SRS4791790	SAMN11786821	Mus musculus	SRP198970	2020-08-21 00:00:00 UTC	PRJNA543864	70	201	public	10090.0
SRR9093481	OTHER	public	SRX5868673	Illumina NovaSeq 6000	ILLUMINA	SRS4791792	SAMN11786820	Mus musculus	SRP198970	2020-08-21 00:00:00 UTC	PRJNA543864	170	484	public	10090.0
SRR9093482	OTHER	public	SRX5868674	Illumina NovaSeq 6000	ILLUMINA	SRS4791791	SAMN11786819	Mus musculus	SRP198970	2020-08-21 00:00:00 UTC	PRJNA543864	257	709	public	10090.0
SRR9093484	OTHER	public	SRX5868675	Illumina NovaSeq 6000	ILLUMINA	SRS4791793	SAMN11786818	Mus musculus	SRP198970	2020-08-21 00:00:00 UTC	PRJNA543864	283	803	public	10090.0
SRR9093485	OTHER	public	SRX5868676	Illumina NovaSeq 6000	ILLUMINA	SRS4791794	SAMN11786817	Mus musculus	SRP198970	2020-08-21 00:00:00 UTC	PRJNA543864	233	665	public	10090.0
SRR9093486	OTHER	public	SRX5868677	Illumina NovaSeq 6000	ILLUMINA	SRS4791795	SAMN11786816	Mus musculus	SRP198970	2020-08-21 00:00:00 UTC	PRJNA543864	230	659	public	10090.0
SRR9093487	OTHER	public	SRX5868678	Illumina NovaSeq 6000	ILLUMINA	SRS4791796	SAMN11786815	Mus musculus	SRP198970	2020-08-21 00:00:00 UTC	PRJNA543864	97	274	public	10090.0
SRR9093488	OTHER	public	SRX5868679	Illumina NovaSeq 6000	ILLUMINA	SRS4791797	SAMN11786814	Mus musculus	SRP198970	2020-08-21 00:00:00 UTC	PRJNA543864	89	256	public	10090.0
SRR9093489	OTHER	public	SRX5868680	Illumina NovaSeq 6000	ILLUMINA	SRS4791799	SAMN11786813	Mus musculus	SRP198970	2020-08-21 00:00:00 UTC	PRJNA543864	270	771	public	10090.0
SRR9093490	OTHER	public	SRX5868681	Illumina NovaSeq 6000	ILLUMINA	SRS4791798	SAMN11786812	Mus musculus	SRP198970	2020-08-21 00:00:00 UTC	PRJNA543864	301	848	public	10090.0
SRR9093491	OTHER	public	SRX5868682	Illumina NovaSeq 6000	ILLUMINA	SRS4791800	SAMN11786811	Mus musculus	SRP198970	2020-08-21 00:00:00 UTC	PRJNA543864	89	257	public	10090.0
SRR9093492	OTHER	public	SRX5868683	Illumina NovaSeq 6000	ILLUMINA	SRS4791801	SAMN11786810	Mus musculus	SRP198970	2020-08-21 00:00:00 UTC	PRJNA543864	241	683	public	10090.0
SRR9093493	OTHER	public	SRX5868684	Illumina NovaSeq 6000	ILLUMINA	SRS4791802	SAMN11786809	Mus musculus	SRP198970	2020-08-21 00:00:00 UTC	PRJNA543864	77	221	public	10090.0
SRR9093494	OTHER	public	SRX5868685	Illumina NovaSeq 6000	ILLUMINA	SRS4791803	SAMN11786808	Mus musculus	SRP198970	2020-08-21 00:00:00 UTC	PRJNA543864	80	231	public	10090.0
SRR9093495	OTHER	public	SRX5868686	Illumina NovaSeq 6000	ILLUMINA	SRS4791804	SAMN11786846	Mus musculus	SRP198970	2020-08-21 00:00:00 UTC	PRJNA543864	282	800	public	10090.0
SRR9093496	OTHER	public	SRX5868687	Illumina NovaSeq 6000	ILLUMINA	SRS4791805	SAMN11786845	Mus musculus	SRP198970	2020-08-21 00:00:00 UTC	PRJNA543864	257	738	public	10090.0
SRR9093497	OTHER	public	SRX5868688	Illumina NovaSeq 6000	ILLUMINA	SRS4791806	SAMN11786844	Mus musculus	SRP198970	2020-08-21 00:00:00 UTC	PRJNA543864	101	286	public	10090.0
SRR9093498	OTHER	public	SRX5868689	Illumina NovaSeq 6000	ILLUMINA	SRS4791807	SAMN11786843	Mus musculus	SRP198970	2020-08-21 00:00:00 UTC	PRJNA543864	240	691	public	10090.0
SRR9093499	OTHER	public	SRX5868690	Illumina NovaSeq 6000	ILLUMINA	SRS4791808	SAMN11786842	Mus musculus	SRP198970	2020-08-21 00:00:00 UTC	PRJNA543864	104	296	public	10090.0
SRR9093500	OTHER	public	SRX5868691	Illumina NovaSeq 6000	ILLUMINA	SRS4791809	SAMN11786841	Mus musculus	SRP198970	2020-08-21 00:00:00 UTC	PRJNA543864	92	260	public	10090.0
SRR9093501	OTHER	public	SRX5868692	Illumina NovaSeq 6000	ILLUMINA	SRS4791810	SAMN11786840	Mus musculus	SRP198970	2020-08-21 00:00:00 UTC	PRJNA543864	121	345	public	10090.0
SRR9093502	OTHER	public	SRX5868693	Illumina NovaSeq 6000	ILLUMINA	SRS4791811	SAMN11786839	Mus musculus	SRP198970	2020-08-21 00:00:00 UTC	PRJNA543864	114	323	public	10090.0
SRR9093503	OTHER	public	SRX5868694	Illumina NovaSeq 6000	ILLUMINA	SRS4791812	SAMN11786838	Mus musculus	SRP198970	2020-08-21 00:00:00 UTC	PRJNA543864	134	380	public	10090.0
SRR9093504	OTHER	public	SRX5868695	Illumina NovaSeq 6000	ILLUMINA	SRS4791813	SAMN11786837	Mus musculus	SRP198970	2020-08-21 00:00:00 UTC	PRJNA543864	127	364	public	10090.0
SRR9093505	OTHER	public	SRX5868696	Illumina NovaSeq 6000	ILLUMINA	SRS4791814	SAMN11786920	Mus musculus	SRP198970	2020-08-21 00:00:00 UTC	PRJNA543864	123	350	public	10090.0
SRR9093506	OTHER	public	SRX5868697	Illumina NovaSeq 6000	ILLUMINA	SRS4791820	SAMN11786919	Mus musculus	SRP198970	2020-08-21 00:00:00 UTC	PRJNA543864	111	311	public	10090.0
SRR9093507	OTHER	public	SRX5868698	Illumina NovaSeq 6000	ILLUMINA	SRS4791815	SAMN11786918	Mus musculus	SRP198970	2020-08-21 00:00:00 UTC	PRJNA543864	121	346	public	10090.0
SRR9093508	OTHER	public	SRX5868699	Illumina NovaSeq 6000	ILLUMINA	SRS4791816	SAMN11786917	Mus musculus	SRP198970	2020-08-21 00:00:00 UTC	PRJNA543864	118	330	public	10090.0
SRR9093509	OTHER	public	SRX5868700	Illumina NovaSeq 6000	ILLUMINA	SRS4791817	SAMN11786916	Mus musculus	SRP198970	2020-08-21 00:00:00 UTC	PRJNA543864	111	312	public	10090.0
SRR9093510	OTHER	public	SRX5868701	Illumina NovaSeq 6000	ILLUMINA	SRS4791818	SAMN11786890	Mus musculus	SRP198970	2020-08-21 00:00:00 UTC	PRJNA543864	133	380	public	10090.0
SRR9093511	OTHER	public	SRX5868702	Illumina NovaSeq 6000	ILLUMINA	SRS4791819	SAMN11786889	Mus musculus	SRP198970	2020-08-21 00:00:00 UTC	PRJNA543864	106	299	public	10090.0
SRR9093512	OTHER	public	SRX5868703	Illumina NovaSeq 6000	ILLUMINA	SRS4791821	SAMN11786888	Mus musculus	SRP198970	2020-08-21 00:00:00 UTC	PRJNA543864	77	217	public	10090.0
SRR9093513	OTHER	public	SRX5868704	Illumina NovaSeq 6000	ILLUMINA	SRS4791823	SAMN11786887	Mus musculus	SRP198970	2020-08-21 00:00:00 UTC	PRJNA543864	106	298	public	10090.0
SRR9093514	OTHER	public	SRX5868705	Illumina NovaSeq 6000	ILLUMINA	SRS4791822	SAMN11786931	Mus musculus	SRP198970	2020-08-21 00:00:00 UTC	PRJNA543864	65	186	public	10090.0
SRR9093515	OTHER	public	SRX5868706	Illumina NovaSeq 6000	ILLUMINA	SRS4791824	SAMN11786930	Mus musculus	SRP198970	2020-08-21 00:00:00 UTC	PRJNA543864	195	518	public	10090.0
SRR9093516	OTHER	public	SRX5868707	Illumina NovaSeq 6000	ILLUMINA	SRS4791825	SAMN11786929	Mus musculus	SRP198970	2020-08-21 00:00:00 UTC	PRJNA543864	179	478	public	10090.0
SRR9093517	OTHER	public	SRX5868708	Illumina NovaSeq 6000	ILLUMINA	SRS4791826	SAMN11786928	Mus musculus	SRP198970	2020-08-21 00:00:00 UTC	PRJNA543864	209	558	public	10090.0
SRR9093518	OTHER	public	SRX5868709	Illumina NovaSeq 6000	ILLUMINA	SRS4791827	SAMN11786927	Mus musculus	SRP198970	2020-08-21 00:00:00 UTC	PRJNA543864	231	613	public	10090.0
SRR9093519	OTHER	public	SRX5868710	Illumina NovaSeq 6000	ILLUMINA	SRS4791828	SAMN11786926	Mus musculus	SRP198970	2020-08-21 00:00:00 UTC	PRJNA543864	198	530	public	10090.0
SRR9093520	OTHER	public	SRX5868711	Illumina NovaSeq 6000	ILLUMINA	SRS4791829	SAMN11786925	Mus musculus	SRP198970	2020-08-21 00:00:00 UTC	PRJNA543864	249	667	public	10090.0
SRR9093521	OTHER	public	SRX5868712	Illumina NovaSeq 6000	ILLUMINA	SRS4791830	SAMN11786924	Mus musculus	SRP198970	2020-08-21 00:00:00 UTC	PRJNA543864	232	620	public	10090.0
SRR9093522	OTHER	public	SRX5868713	Illumina NovaSeq 6000	ILLUMINA	SRS4791831	SAMN11786923	Mus musculus	SRP198970	2020-08-21 00:00:00 UTC	PRJNA543864	293	832	public	10090.0
SRR9093523	OTHER	public	SRX5868714	Illumina NovaSeq 6000	ILLUMINA	SRS4791832	SAMN11786922	Mus musculus	SRP198970	2020-08-21 00:00:00 UTC	PRJNA543864	295	844	public	10090.0
SRR9093524	OTHER	public	SRX5868715	Illumina NovaSeq 6000	ILLUMINA	SRS4791833	SAMN11786921	Mus musculus	SRP198970	2020-08-21 00:00:00 UTC	PRJNA543864	215	574	public	10090.0
SRR9093525	OTHER	public	SRX5868716	Illumina NovaSeq 6000	ILLUMINA	SRS4791834	SAMN11786883	Mus musculus	SRP198970	2020-08-21 00:00:00 UTC	PRJNA543864	171	489	public	10090.0
SRR9093526	OTHER	public	SRX5868717	Illumina NovaSeq 6000	ILLUMINA	SRS4791835	SAMN11786882	Mus musculus	SRP198970	2020-08-21 00:00:00 UTC	PRJNA543864	449	1289	public	10090.0
SRR9093527	OTHER	public	SRX5868718	Illumina NovaSeq 6000	ILLUMINA	SRS4791836	SAMN11786881	Mus musculus	SRP198970	2020-08-21 00:00:00 UTC	PRJNA543864	107	303	public	10090.0
SRR9093528	OTHER	public	SRX5868719	Illumina NovaSeq 6000	ILLUMINA	SRS4791837	SAMN11786880	Mus musculus	SRP198970	2020-08-21 00:00:00 UTC	PRJNA543864	360	1030	public	10090.0
SRR9093529	OTHER	public	SRX5868720	Illumina NovaSeq 6000	ILLUMINA	SRS4791839	SAMN11786879	Mus musculus	SRP198970	2020-08-21 00:00:00 UTC	PRJNA543864	305	877	public	10090.0
SRR9093530	OTHER	public	SRX5868721	Illumina NovaSeq 6000	ILLUMINA	SRS4791838	SAMN11786878	Mus musculus	SRP198970	2020-08-21 00:00:00 UTC	PRJNA543864	336	963	public	10090.0
SRR9093532	OTHER	public	SRX5868722	Illumina NovaSeq 6000	ILLUMINA	SRS4791840	SAMN11786877	Mus musculus	SRP198970	2020-08-21 00:00:00 UTC	PRJNA543864	136	383	public	10090.0
SRR9093533	OTHER	public	SRX5868723	Illumina NovaSeq 6000	ILLUMINA	SRS4791841	SAMN11786876	Mus musculus	SRP198970	2020-08-21 00:00:00 UTC	PRJNA543864	612	1690	public	10090.0
SRR9093534	OTHER	public	SRX5868724	Illumina NovaSeq 6000	ILLUMINA	SRS4791842	SAMN11786875	Mus musculus	SRP198970	2020-08-21 00:00:00 UTC	PRJNA543864	603	1675	public	10090.0
SRR9093535	OTHER	public	SRX5868725	Illumina NovaSeq 6000	ILLUMINA	SRS4791843	SAMN11786874	Mus musculus	SRP198970	2020-08-21 00:00:00 UTC	PRJNA543864	663	1847	public	10090.0
SRR9093536	OTHER	public	SRX5868726	Illumina NovaSeq 6000	ILLUMINA	SRS4791844	SAMN11786873	Mus musculus	SRP198970	2020-08-21 00:00:00 UTC	PRJNA543864	528	1471	public	10090.0
SRR9093537	OTHER	public	SRX5868727	Illumina NovaSeq 6000	ILLUMINA	SRS4791845	SAMN11786872	Mus musculus	SRP198970	2020-08-21 00:00:00 UTC	PRJNA543864	607	1693	public	10090.0
SRR9093538	OTHER	public	SRX5868728	Illumina NovaSeq 6000	ILLUMINA	SRS4791846	SAMN11786871	Mus musculus	SRP198970	2020-08-21 00:00:00 UTC	PRJNA543864	475	1335	public	10090.0
SRR9093539	OTHER	public	SRX5868729	Illumina NovaSeq 6000	ILLUMINA	SRS4791847	SAMN11786870	Mus musculus	SRP198970	2020-08-21 00:00:00 UTC	PRJNA543864	510	1437	public	10090.0
SRR9093540	OTHER	public	SRX5868730	Illumina NovaSeq 6000	ILLUMINA	SRS4791848	SAMN11786869	Mus musculus	SRP198970	2020-08-21 00:00:00 UTC	PRJNA543864	459	1311	public	10090.0
SRR9093541	OTHER	public	SRX5868731	Illumina NovaSeq 6000	ILLUMINA	SRS4791850	SAMN11786868	Mus musculus	SRP198970	2020-08-21 00:00:00 UTC	PRJNA543864	136	386	public	10090.0
SRR9093542	OTHER	public	SRX5868732	Illumina NovaSeq 6000	ILLUMINA	SRS4791849	SAMN11786867	Mus musculus	SRP198970	2020-08-21 00:00:00 UTC	PRJNA543864	133	377	public	10090.0
SRR9093543	OTHER	public	SRX5868733	Illumina NovaSeq 6000	ILLUMINA	SRS4791851	SAMN11786866	Mus musculus	SRP198970	2020-08-21 00:00:00 UTC	PRJNA543864	130	369	public	10090.0
SRR9093544	OTHER	public	SRX5868734	Illumina NovaSeq 6000	ILLUMINA	SRS4791852	SAMN11786865	Mus musculus	SRP198970	2020-08-21 00:00:00 UTC	PRJNA543864	73	205	public	10090.0
SRR9093545	OTHER	public	SRX5868735	Illumina NovaSeq 6000	ILLUMINA	SRS4791853	SAMN11786905	Mus musculus	SRP198970	2020-08-21 00:00:00 UTC	PRJNA543864	115	328	public	10090.0
SRR9093546	OTHER	public	SRX5868736	Illumina NovaSeq 6000	ILLUMINA	SRS4791854	SAMN11786904	Mus musculus	SRP198970	2020-08-21 00:00:00 UTC	PRJNA543864	111	317	public	10090.0
SRR9093547	OTHER	public	SRX5868737	Illumina NovaSeq 6000	ILLUMINA	SRS4791855	SAMN11786903	Mus musculus	SRP198970	2020-08-21 00:00:00 UTC	PRJNA543864	57	159	public	10090.0
SRR9093548	OTHER	public	SRX5868738	Illumina NovaSeq 6000	ILLUMINA	SRS4791856	SAMN11786902	Mus musculus	SRP198970	2020-08-21 00:00:00 UTC	PRJNA543864	103	286	public	10090.0
SRR9093549	OTHER	public	SRX5868739	Illumina NovaSeq 6000	ILLUMINA	SRS4791857	SAMN11786901	Mus musculus	SRP198970	2020-08-21 00:00:00 UTC	PRJNA543864	85	238	public	10090.0
SRR9093550	OTHER	public	SRX5868740	Illumina NovaSeq 6000	ILLUMINA	SRS4791858	SAMN11786900	Mus musculus	SRP198970	2020-08-21 00:00:00 UTC	PRJNA543864	86	242	public	10090.0
SRR9093551	OTHER	public	SRX5868741	Illumina NovaSeq 6000	ILLUMINA	SRS4791859	SAMN11786899	Mus musculus	SRP198970	2020-08-21 00:00:00 UTC	PRJNA543864	248	705	public	10090.0
SRR9093552	OTHER	public	SRX5868742	Illumina NovaSeq 6000	ILLUMINA	SRS4791860	SAMN11786898	Mus musculus	SRP198970	2020-08-21 00:00:00 UTC	PRJNA543864	167	464	public	10090.0
SRR9093553	OTHER	public	SRX5868743	Illumina NovaSeq 6000	ILLUMINA	SRS4791861	SAMN11786897	Mus musculus	SRP198970	2020-08-21 00:00:00 UTC	PRJNA543864	116	328	public	10090.0
SRR9093554	OTHER	public	SRX5868744	Illumina NovaSeq 6000	ILLUMINA	SRS4791862	SAMN11786896	Mus musculus	SRP198970	2020-08-21 00:00:00 UTC	PRJNA543864	92	258	public	10090.0
SRR9093555	OTHER	public	SRX5868745	Illumina NovaSeq 6000	ILLUMINA	SRS4791864	SAMN11786895	Mus musculus	SRP198970	2020-08-21 00:00:00 UTC	PRJNA543864	79	221	public	10090.0
SRR9093556	OTHER	public	SRX5868746	Illumina NovaSeq 6000	ILLUMINA	SRS4791863	SAMN11786894	Mus musculus	SRP198970	2020-08-21 00:00:00 UTC	PRJNA543864	121	343	public	10090.0
SRR9093557	OTHER	public	SRX5868747	Illumina NovaSeq 6000	ILLUMINA	SRS4791865	SAMN11786893	Mus musculus	SRP198970	2020-08-21 00:00:00 UTC	PRJNA543864	135	380	public	10090.0
SRR9093558	OTHER	public	SRX5868748	Illumina NovaSeq 6000	ILLUMINA	SRS4791866	SAMN11786892	Mus musculus	SRP198970	2020-08-21 00:00:00 UTC	PRJNA543864	143	403	public	10090.0
SRR9093559	OTHER	public	SRX5868749	Illumina NovaSeq 6000	ILLUMINA	SRS4791867	SAMN11786891	Mus musculus	SRP198970	2020-08-21 00:00:00 UTC	PRJNA543864	155	440	public	10090.0
SRR9093560	OTHER	public	SRX5868750	Illumina NovaSeq 6000	ILLUMINA	SRS4791869	SAMN11786529	Mus musculus	SRP198970	2020-08-21 00:00:00 UTC	PRJNA543864	134	381	public	10090.0
SRR9093561	OTHER	public	SRX5868751	Illumina NovaSeq 6000	ILLUMINA	SRS4791868	SAMN11786528	Mus musculus	SRP198970	2020-08-21 00:00:00 UTC	PRJNA543864	129	368	public	10090.0
SRR9093562	OTHER	public	SRX5868752	Illumina NovaSeq 6000	ILLUMINA	SRS4791870	SAMN11786527	Mus musculus	SRP198970	2020-08-21 00:00:00 UTC	PRJNA543864	133	378	public	10090.0
SRR9093563	OTHER	public	SRX5868753	Illumina NovaSeq 6000	ILLUMINA	SRS4791871	SAMN11786526	Mus musculus	SRP198970	2020-08-21 00:00:00 UTC	PRJNA543864	192	533	public	10090.0
SRR9093564	OTHER	public	SRX5868754	Illumina NovaSeq 6000	ILLUMINA	SRS4791872	SAMN11786525	Mus musculus	SRP198970	2020-08-21 00:00:00 UTC	PRJNA543864	160	453	public	10090.0
SRR9093565	OTHER	public	SRX5868755	Illumina NovaSeq 6000	ILLUMINA	SRS4791873	SAMN11786524	Mus musculus	SRP198970	2020-08-21 00:00:00 UTC	PRJNA543864	157	446	public	10090.0
SRR9093566	OTHER	public	SRX5868756	Illumina NovaSeq 6000	ILLUMINA	SRS4791874	SAMN11786523	Mus musculus	SRP198970	2020-08-21 00:00:00 UTC	PRJNA543864	161	460	public	10090.0
SRR9093567	OTHER	public	SRX5868757	Illumina NovaSeq 6000	ILLUMINA	SRS4791875	SAMN11786522	Mus musculus	SRP198970	2020-08-21 00:00:00 UTC	PRJNA543864	81	233	public	10090.0
SRR9093568	OTHER	public	SRX5868758	Illumina NovaSeq 6000	ILLUMINA	SRS4791876	SAMN11786521	Mus musculus	SRP198970	2020-08-21 00:00:00 UTC	PRJNA543864	80	230	public	10090.0
SRR9093569	OTHER	public	SRX5868759	Illumina NovaSeq 6000	ILLUMINA	SRS4791877	SAMN11786558	Mus musculus	SRP198970	2020-08-21 00:00:00 UTC	PRJNA543864	83	239	public	10090.0
SRR9093570	OTHER	public	SRX5868760	Illumina NovaSeq 6000	ILLUMINA	SRS4791878	SAMN11786557	Mus musculus	SRP198970	2020-08-21 00:00:00 UTC	PRJNA543864	198	556	public	10090.0
SRR9093571	OTHER	public	SRX5868761	Illumina NovaSeq 6000	ILLUMINA	SRS4791879	SAMN11786556	Mus musculus	SRP198970	2020-08-21 00:00:00 UTC	PRJNA543864	155	444	public	10090.0
SRR9093572	OTHER	public	SRX5868762	Illumina NovaSeq 6000	ILLUMINA	SRS4791880	SAMN11786555	Mus musculus	SRP198970	2020-08-21 00:00:00 UTC	PRJNA543864	76	218	public	10090.0
SRR9093573	OTHER	public	SRX5868763	Illumina NovaSeq 6000	ILLUMINA	SRS4791881	SAMN11786554	Mus musculus	SRP198970	2020-08-21 00:00:00 UTC	PRJNA543864	163	465	public	10090.0
SRR9093574	OTHER	public	SRX5868764	Illumina NovaSeq 6000	ILLUMINA	SRS4791882	SAMN11786553	Mus musculus	SRP198970	2020-08-21 00:00:00 UTC	PRJNA543864	77	223	public	10090.0
SRR9093575	OTHER	public	SRX5868765	Illumina NovaSeq 6000	ILLUMINA	SRS4791883	SAMN11786552	Mus musculus	SRP198970	2020-08-21 00:00:00 UTC	PRJNA543864	87	253	public	10090.0
SRR9093576	OTHER	public	SRX5868766	Illumina NovaSeq 6000	ILLUMINA	SRS4791884	SAMN11786551	Mus musculus	SRP198970	2020-08-21 00:00:00 UTC	PRJNA543864	79	225	public	10090.0
SRR9093577	OTHER	public	SRX5868767	Illumina NovaSeq 6000	ILLUMINA	SRS4791885	SAMN11786546	Mus musculus	SRP198970	2020-08-21 00:00:00 UTC	PRJNA543864	82	239	public	10090.0
SRR9093578	OTHER	public	SRX5868768	Illumina NovaSeq 6000	ILLUMINA	SRS4791886	SAMN11786550	Mus musculus	SRP198970	2020-08-21 00:00:00 UTC	PRJNA543864	82	233	public	10090.0
SRR9093579	OTHER	public	SRX5868769	Illumina NovaSeq 6000	ILLUMINA	SRS4791887	SAMN11786549	Mus musculus	SRP198970	2020-08-21 00:00:00 UTC	PRJNA543864	78	223	public	10090.0
SRR9093580	OTHER	public	SRX5868770	Illumina NovaSeq 6000	ILLUMINA	SRS4791889	SAMN11786548	Mus musculus	SRP198970	2020-08-21 00:00:00 UTC	PRJNA543864	104	299	public	10090.0
SRR9093581	OTHER	public	SRX5868771	Illumina NovaSeq 6000	ILLUMINA	SRS4791888	SAMN11786547	Mus musculus	SRP198970	2020-08-21 00:00:00 UTC	PRJNA543864	98	281	public	10090.0
SRR9093582	OTHER	public	SRX5868772	Illumina NovaSeq 6000	ILLUMINA	SRS4791890	SAMN11786545	Mus musculus	SRP198970	2020-08-21 00:00:00 UTC	PRJNA543864	90	260	public	10090.0
SRR9093583	OTHER	public	SRX5868773	Illumina NovaSeq 6000	ILLUMINA	SRS4791891	SAMN11786544	Mus musculus	SRP198970	2020-08-21 00:00:00 UTC	PRJNA543864	101	288	public	10090.0
SRR9093584	OTHER	public	SRX5868774	Illumina NovaSeq 6000	ILLUMINA	SRS4791892	SAMN11786543	Mus musculus	SRP198970	2020-08-21 00:00:00 UTC	PRJNA543864	99	283	public	10090.0
SRR9093585	OTHER	public	SRX5868775	Illumina NovaSeq 6000	ILLUMINA	SRS4791893	SAMN11786542	Mus musculus	SRP198970	2020-08-21 00:00:00 UTC	PRJNA543864	109	307	public	10090.0
SRR9093586	OTHER	public	SRX5868776	Illumina NovaSeq 6000	ILLUMINA	SRS4791894	SAMN11786577	Mus musculus	SRP198970	2020-08-21 00:00:00 UTC	PRJNA543864	95	271	public	10090.0
SRR9093587	OTHER	public	SRX5868777	Illumina NovaSeq 6000	ILLUMINA	SRS4791895	SAMN11786576	Mus musculus	SRP198970	2020-08-21 00:00:00 UTC	PRJNA543864	133	372	public	10090.0
SRR9093588	OTHER	public	SRX5868778	Illumina NovaSeq 6000	ILLUMINA	SRS4791896	SAMN11786575	Mus musculus	SRP198970	2020-08-21 00:00:00 UTC	PRJNA543864	114	319	public	10090.0
SRR9093589	OTHER	public	SRX5868779	Illumina NovaSeq 6000	ILLUMINA	SRS4791897	SAMN11786574	Mus musculus	SRP198970	2020-08-21 00:00:00 UTC	PRJNA543864	125	358	public	10090.0
SRR9093590	OTHER	public	SRX5868780	Illumina NovaSeq 6000	ILLUMINA	SRS4791898	SAMN11786515	Mus musculus	SRP198970	2020-08-21 00:00:00 UTC	PRJNA543864	127	358	public	10090.0
SRR9093591	OTHER	public	SRX5868781	Illumina NovaSeq 6000	ILLUMINA	SRS4791899	SAMN11786514	Mus musculus	SRP198970	2020-08-21 00:00:00 UTC	PRJNA543864	127	359	public	10090.0
SRR9093592	OTHER	public	SRX5868782	Illumina NovaSeq 6000	ILLUMINA	SRS4791900	SAMN11786513	Mus musculus	SRP198970	2020-08-21 00:00:00 UTC	PRJNA543864	98	279	public	10090.0
SRR9093593	OTHER	public	SRX5868783	Illumina NovaSeq 6000	ILLUMINA	SRS4791901	SAMN11786512	Mus musculus	SRP198970	2020-08-21 00:00:00 UTC	PRJNA543864	175	496	public	10090.0
SRR9093594	OTHER	public	SRX5868784	Illumina NovaSeq 6000	ILLUMINA	SRS4791902	SAMN11786511	Mus musculus	SRP198970	2020-08-21 00:00:00 UTC	PRJNA543864	247	696	public	10090.0
SRR9093595	OTHER	public	SRX5868785	Illumina NovaSeq 6000	ILLUMINA	SRS4791903	SAMN11786510	Mus musculus	SRP198970	2020-08-21 00:00:00 UTC	PRJNA543864	145	413	public	10090.0
SRR9093596	OTHER	public	SRX5868786	Illumina NovaSeq 6000	ILLUMINA	SRS4791904	SAMN11786509	Mus musculus	SRP198970	2020-08-21 00:00:00 UTC	PRJNA543864	159	450	public	10090.0
SRR9093597	OTHER	public	SRX5868787	Illumina NovaSeq 6000	ILLUMINA	SRS4791905	SAMN11786508	Mus musculus	SRP198970	2020-08-21 00:00:00 UTC	PRJNA543864	196	558	public	10090.0
SRR9093598	OTHER	public	SRX5868788	Illumina NovaSeq 6000	ILLUMINA	SRS4791906	SAMN11786507	Mus musculus	SRP198970	2020-08-21 00:00:00 UTC	PRJNA543864	210	604	public	10090.0
SRR9093599	OTHER	public	SRX5868789	Illumina NovaSeq 6000	ILLUMINA	SRS4791907	SAMN11786506	Mus musculus	SRP198970	2020-08-21 00:00:00 UTC	PRJNA543864	193	551	public	10090.0
SRR9093600	OTHER	public	SRX5868790	Illumina NovaSeq 6000	ILLUMINA	SRS4791909	SAMN11786505	Mus musculus	SRP198970	2020-08-21 00:00:00 UTC	PRJNA543864	186	526	public	10090.0
SRR9093601	OTHER	public	SRX5868791	Illumina NovaSeq 6000	ILLUMINA	SRS4791908	SAMN11786504	Mus musculus	SRP198970	2020-08-21 00:00:00 UTC	PRJNA543864	264	754	public	10090.0
SRR9093602	OTHER	public	SRX5868792	Illumina NovaSeq 6000	ILLUMINA	SRS4791910	SAMN11786503	Mus musculus	SRP198970	2020-08-21 00:00:00 UTC	PRJNA543864	168	479	public	10090.0
SRR9093603	OTHER	public	SRX5868793	Illumina NovaSeq 6000	ILLUMINA	SRS4791911	SAMN11786502	Mus musculus	SRP198970	2020-08-21 00:00:00 UTC	PRJNA543864	310	890	public	10090.0
SRR9093604	OTHER	public	SRX5868794	Illumina NovaSeq 6000	ILLUMINA	SRS4791912	SAMN11786501	Mus musculus	SRP198970	2020-08-21 00:00:00 UTC	PRJNA543864	265	756	public	10090.0
SRR9093605	OTHER	public	SRX5868795	Illumina NovaSeq 6000	ILLUMINA	SRS4791913	SAMN11786500	Mus musculus	SRP198970	2020-08-21 00:00:00 UTC	PRJNA543864	189	545	public	10090.0
SRR9093606	OTHER	public	SRX5868796	Illumina NovaSeq 6000	ILLUMINA	SRS4791914	SAMN11786499	Mus musculus	SRP198970	2020-08-21 00:00:00 UTC	PRJNA543864	91	258	public	10090.0
SRR9093607	OTHER	public	SRX5868797	Illumina NovaSeq 6000	ILLUMINA	SRS4791915	SAMN11786498	Mus musculus	SRP198970	2020-08-21 00:00:00 UTC	PRJNA543864	308	878	public	10090.0
SRR9093608	OTHER	public	SRX5868798	Illumina NovaSeq 6000	ILLUMINA	SRS4791917	SAMN11786541	Mus musculus	SRP198970	2020-08-21 00:00:00 UTC	PRJNA543864	111	315	public	10090.0
SRR9093609	OTHER	public	SRX5868799	Illumina NovaSeq 6000	ILLUMINA	SRS4791916	SAMN11786540	Mus musculus	SRP198970	2020-08-21 00:00:00 UTC	PRJNA543864	311	892	public	10090.0
SRR9093610	OTHER	public	SRX5868800	Illumina NovaSeq 6000	ILLUMINA	SRS4791918	SAMN11786539	Mus musculus	SRP198970	2020-08-21 00:00:00 UTC	PRJNA543864	255	718	public	10090.0
SRR9093611	OTHER	public	SRX5868801	Illumina NovaSeq 6000	ILLUMINA	SRS4791919	SAMN11786538	Mus musculus	SRP198970	2020-08-21 00:00:00 UTC	PRJNA543864	211	595	public	10090.0
SRR9093612	OTHER	public	SRX5868802	Illumina NovaSeq 6000	ILLUMINA	SRS4791920	SAMN11786537	Mus musculus	SRP198970	2020-08-21 00:00:00 UTC	PRJNA543864	239	676	public	10090.0
SRR9093613	OTHER	public	SRX5868803	Illumina NovaSeq 6000	ILLUMINA	SRS4791921	SAMN11786536	Mus musculus	SRP198970	2020-08-21 00:00:00 UTC	PRJNA543864	201	572	public	10090.0
SRR9093614	OTHER	public	SRX5868804	Illumina NovaSeq 6000	ILLUMINA	SRS4791922	SAMN11786535	Mus musculus	SRP198970	2020-08-21 00:00:00 UTC	PRJNA543864	184	525	public	10090.0
SRR9093615	OTHER	public	SRX5868805	Illumina NovaSeq 6000	ILLUMINA	SRS4791923	SAMN11786534	Mus musculus	SRP198970	2020-08-21 00:00:00 UTC	PRJNA543864	83	234	public	10090.0
SRR9093616	OTHER	public	SRX5868806	Illumina NovaSeq 6000	ILLUMINA	SRS4791924	SAMN11786533	Mus musculus	SRP198970	2020-08-21 00:00:00 UTC	PRJNA543864	155	442	public	10090.0
SRR9093617	OTHER	public	SRX5868807	Illumina NovaSeq 6000	ILLUMINA	SRS4791925	SAMN11786532	Mus musculus	SRP198970	2020-08-21 00:00:00 UTC	PRJNA543864	184	517	public	10090.0
SRR9093618	OTHER	public	SRX5868824	Illumina NovaSeq 6000	ILLUMINA	SRS4791942	SAMN11786531	Mus musculus	SRP198970	2020-08-21 00:00:00 UTC	PRJNA543864	314	881	public	10090.0
SRR9093619	OTHER	public	SRX5868825	Illumina NovaSeq 6000	ILLUMINA	SRS4791943	SAMN11786530	Mus musculus	SRP198970	2020-08-21 00:00:00 UTC	PRJNA543864	378	1052	public	10090.0
SRR9093620	OTHER	public	SRX5868826	Illumina NovaSeq 6000	ILLUMINA	SRS4791944	SAMN11786458	Mus musculus	SRP198970	2020-08-21 00:00:00 UTC	PRJNA543864	415	1155	public	10090.0
SRR9093621	OTHER	public	SRX5868827	Illumina NovaSeq 6000	ILLUMINA	SRS4791945	SAMN11786457	Mus musculus	SRP198970	2020-08-21 00:00:00 UTC	PRJNA543864	110	313	public	10090.0
SRR9093622	OTHER	public	SRX5868828	Illumina NovaSeq 6000	ILLUMINA	SRS4791946	SAMN11786456	Mus musculus	SRP198970	2020-08-21 00:00:00 UTC	PRJNA543864	399	1113	public	10090.0
SRR9093623	OTHER	public	SRX5868829	Illumina NovaSeq 6000	ILLUMINA	SRS4791947	SAMN11786455	Mus musculus	SRP198970	2020-08-21 00:00:00 UTC	PRJNA543864	408	1131	public	10090.0
SRR9093624	OTHER	public	SRX5868830	Illumina NovaSeq 6000	ILLUMINA	SRS4791948	SAMN11786497	Mus musculus	SRP198970	2020-08-21 00:00:00 UTC	PRJNA543864	346	966	public	10090.0
SRR9093625	OTHER	public	SRX5868831	Illumina NovaSeq 6000	ILLUMINA	SRS4791949	SAMN11786496	Mus musculus	SRP198970	2020-08-21 00:00:00 UTC	PRJNA543864	95	265	public	10090.0
SRR9093626	OTHER	public	SRX5868832	Illumina NovaSeq 6000	ILLUMINA	SRS4791950	SAMN11786495	Mus musculus	SRP198970	2020-08-21 00:00:00 UTC	PRJNA543864	94	267	public	10090.0
SRR9093627	OTHER	public	SRX5868833	Illumina NovaSeq 6000	ILLUMINA	SRS4791951	SAMN11786494	Mus musculus	SRP198970	2020-08-21 00:00:00 UTC	PRJNA543864	94	268	public	10090.0
SRR9093628	OTHER	public	SRX5868834	Illumina NovaSeq 6000	ILLUMINA	SRS4791952	SAMN11786493	Mus musculus	SRP198970	2020-08-21 00:00:00 UTC	PRJNA543864	88	251	public	10090.0
SRR9093629	OTHER	public	SRX5868835	Illumina NovaSeq 6000	ILLUMINA	SRS4791953	SAMN11786492	Mus musculus	SRP198970	2020-08-21 00:00:00 UTC	PRJNA543864	99	281	public	10090.0
SRR9093630	OTHER	public	SRX5868836	Illumina NovaSeq 6000	ILLUMINA	SRS4791954	SAMN11786491	Mus musculus	SRP198970	2020-08-21 00:00:00 UTC	PRJNA543864	87	248	public	10090.0
SRR9093631	OTHER	public	SRX5868837	Illumina NovaSeq 6000	ILLUMINA	SRS4791955	SAMN11786490	Mus musculus	SRP198970	2020-08-21 00:00:00 UTC	PRJNA543864	425	1177	public	10090.0
SRR9093632	OTHER	public	SRX5868838	Illumina NovaSeq 6000	ILLUMINA	SRS4791956	SAMN11786489	Mus musculus	SRP198970	2020-08-21 00:00:00 UTC	PRJNA543864	359	994	public	10090.0
SRR9093633	OTHER	public	SRX5868839	Illumina NovaSeq 6000	ILLUMINA	SRS4791957	SAMN11786488	Mus musculus	SRP198970	2020-08-21 00:00:00 UTC	PRJNA543864	76	219	public	10090.0
SRR9093634	OTHER	public	SRX5868856	Illumina NovaSeq 6000	ILLUMINA	SRS4791974	SAMN11786487	Mus musculus	SRP198970	2020-08-21 00:00:00 UTC	PRJNA543864	88	247	public	10090.0
SRR9093635	OTHER	public	SRX5868857	Illumina NovaSeq 6000	ILLUMINA	SRS4791975	SAMN11786486	Mus musculus	SRP198970	2020-08-21 00:00:00 UTC	PRJNA543864	104	293	public	10090.0
SRR9093636	OTHER	public	SRX5868858	Illumina NovaSeq 6000	ILLUMINA	SRS4791977	SAMN11786485	Mus musculus	SRP198970	2020-08-21 00:00:00 UTC	PRJNA543864	108	304	public	10090.0
SRR9093637	OTHER	public	SRX5868859	Illumina NovaSeq 6000	ILLUMINA	SRS4791976	SAMN11786484	Mus musculus	SRP198970	2020-08-21 00:00:00 UTC	PRJNA543864	99	278	public	10090.0
SRR9093638	OTHER	public	SRX5868860	Illumina NovaSeq 6000	ILLUMINA	SRS4791978	SAMN11786483	Mus musculus	SRP198970	2020-08-21 00:00:00 UTC	PRJNA543864	108	303	public	10090.0
SRR9093639	OTHER	public	SRX5868861	Illumina NovaSeq 6000	ILLUMINA	SRS4791979	SAMN11786482	Mus musculus	SRP198970	2020-08-21 00:00:00 UTC	PRJNA543864	74	208	public	10090.0
SRR9093640	OTHER	public	SRX5868862	Illumina NovaSeq 6000	ILLUMINA	SRS4791980	SAMN11786481	Mus musculus	SRP198970	2020-08-21 00:00:00 UTC	PRJNA543864	105	299	public	10090.0
SRR9093641	OTHER	public	SRX5868863	Illumina NovaSeq 6000	ILLUMINA	SRS4791981	SAMN11786480	Mus musculus	SRP198970	2020-08-21 00:00:00 UTC	PRJNA543864	113	321	public	10090.0
SRR9093642	OTHER	public	SRX5868864	Illumina NovaSeq 6000	ILLUMINA	SRS4791982	SAMN11786479	Mus musculus	SRP198970	2020-08-21 00:00:00 UTC	PRJNA543864	119	340	public	10090.0
SRR9093643	OTHER	public	SRX5868865	Illumina NovaSeq 6000	ILLUMINA	SRS4791983	SAMN11786478	Mus musculus	SRP198970	2020-08-21 00:00:00 UTC	PRJNA543864	125	354	public	10090.0
SRR9093644	OTHER	public	SRX5868866	Illumina NovaSeq 6000	ILLUMINA	SRS4791984	SAMN11786477	Mus musculus	SRP198970	2020-08-21 00:00:00 UTC	PRJNA543864	115	324	public	10090.0
SRR9093645	OTHER	public	SRX5868867	Illumina NovaSeq 6000	ILLUMINA	SRS4791985	SAMN11786520	Mus musculus	SRP198970	2020-08-21 00:00:00 UTC	PRJNA543864	170	476	public	10090.0
SRR9093646	OTHER	public	SRX5868868	Illumina NovaSeq 6000	ILLUMINA	SRS4791986	SAMN11786519	Mus musculus	SRP198970	2020-08-21 00:00:00 UTC	PRJNA543864	58	167	public	10090.0
SRR9093647	OTHER	public	SRX5868869	Illumina NovaSeq 6000	ILLUMINA	SRS4791987	SAMN11786518	Mus musculus	SRP198970	2020-08-21 00:00:00 UTC	PRJNA543864	127	365	public	10090.0
SRR9093648	OTHER	public	SRX5868870	Illumina NovaSeq 6000	ILLUMINA	SRS4791988	SAMN11786517	Mus musculus	SRP198970	2020-08-21 00:00:00 UTC	PRJNA543864	147	413	public	10090.0
SRR9093649	OTHER	public	SRX5868871	Illumina NovaSeq 6000	ILLUMINA	SRS4791989	SAMN11786516	Mus musculus	SRP198970	2020-08-21 00:00:00 UTC	PRJNA543864	181	524	public	10090.0
SRR9093650	OTHER	public	SRX5868888	Illumina NovaSeq 6000	ILLUMINA	SRS4792006	SAMN11786443	Mus musculus	SRP198970	2020-08-21 00:00:00 UTC	PRJNA543864	165	473	public	10090.0
SRR9093651	OTHER	public	SRX5868889	Illumina NovaSeq 6000	ILLUMINA	SRS4792007	SAMN11786442	Mus musculus	SRP198970	2020-08-21 00:00:00 UTC	PRJNA543864	49	140	public	10090.0
SRR9093652	OTHER	public	SRX5868890	Illumina NovaSeq 6000	ILLUMINA	SRS4792010	SAMN11786441	Mus musculus	SRP198970	2020-08-21 00:00:00 UTC	PRJNA543864	59	167	public	10090.0
SRR9093653	OTHER	public	SRX5868891	Illumina NovaSeq 6000	ILLUMINA	SRS4792009	SAMN11786440	Mus musculus	SRP198970	2020-08-21 00:00:00 UTC	PRJNA543864	67	192	public	10090.0
SRR9093654	OTHER	public	SRX5868892	Illumina NovaSeq 6000	ILLUMINA	SRS4792008	SAMN11786439	Mus musculus	SRP198970	2020-08-21 00:00:00 UTC	PRJNA543864	61	175	public	10090.0
SRR9093655	OTHER	public	SRX5868893	Illumina NovaSeq 6000	ILLUMINA	SRS4792011	SAMN11786438	Mus musculus	SRP198970	2020-08-21 00:00:00 UTC	PRJNA543864	170	491	public	10090.0
SRR9093656	OTHER	public	SRX5868894	Illumina NovaSeq 6000	ILLUMINA	SRS4792013	SAMN11786437	Mus musculus	SRP198970	2020-08-21 00:00:00 UTC	PRJNA543864	156	452	public	10090.0
SRR9093657	OTHER	public	SRX5868895	Illumina NovaSeq 6000	ILLUMINA	SRS4792012	SAMN11786436	Mus musculus	SRP198970	2020-08-21 00:00:00 UTC	PRJNA543864	97	274	public	10090.0
SRR9093658	OTHER	public	SRX5868896	Illumina NovaSeq 6000	ILLUMINA	SRS4792014	SAMN11786435	Mus musculus	SRP198970	2020-08-21 00:00:00 UTC	PRJNA543864	198	562	public	10090.0
SRR9093659	OTHER	public	SRX5868897	Illumina NovaSeq 6000	ILLUMINA	SRS4792015	SAMN11786434	Mus musculus	SRP198970	2020-08-21 00:00:00 UTC	PRJNA543864	171	493	public	10090.0
SRR9093660	OTHER	public	SRX5868898	Illumina NovaSeq 6000	ILLUMINA	SRS4792016	SAMN11786433	Mus musculus	SRP198970	2020-08-21 00:00:00 UTC	PRJNA543864	65	184	public	10090.0
SRR9093661	OTHER	public	SRX5868899	Illumina NovaSeq 6000	ILLUMINA	SRS4792017	SAMN11786432	Mus musculus	SRP198970	2020-08-21 00:00:00 UTC	PRJNA543864	201	578	public	10090.0
SRR9093662	OTHER	public	SRX5868900	Illumina NovaSeq 6000	ILLUMINA	SRS4792018	SAMN11786476	Mus musculus	SRP198970	2020-08-21 00:00:00 UTC	PRJNA543864	61	176	public	10090.0
SRR9093663	OTHER	public	SRX5868901	Illumina NovaSeq 6000	ILLUMINA	SRS4792019	SAMN11786475	Mus musculus	SRP198970	2020-08-21 00:00:00 UTC	PRJNA543864	56	163	public	10090.0
SRR9093664	OTHER	public	SRX5868902	Illumina NovaSeq 6000	ILLUMINA	SRS4792020	SAMN11786474	Mus musculus	SRP198970	2020-08-21 00:00:00 UTC	PRJNA543864	103	290	public	10090.0
SRR9093665	OTHER	public	SRX5868903	Illumina NovaSeq 6000	ILLUMINA	SRS4792021	SAMN11786470	Mus musculus	SRP198970	2020-08-21 00:00:00 UTC	PRJNA543864	123	347	public	10090.0
SRR9093666	OTHER	public	SRX5868920	Illumina NovaSeq 6000	ILLUMINA	SRS4792038	SAMN11786469	Mus musculus	SRP198970	2020-08-21 00:00:00 UTC	PRJNA543864	107	303	public	10090.0
SRR9093667	OTHER	public	SRX5868921	Illumina NovaSeq 6000	ILLUMINA	SRS4792039	SAMN11786468	Mus musculus	SRP198970	2020-08-21 00:00:00 UTC	PRJNA543864	115	327	public	10090.0
SRR9093668	OTHER	public	SRX5868922	Illumina NovaSeq 6000	ILLUMINA	SRS4792040	SAMN11786473	Mus musculus	SRP198970	2020-08-21 00:00:00 UTC	PRJNA543864	120	340	public	10090.0
SRR9093669	OTHER	public	SRX5868923	Illumina NovaSeq 6000	ILLUMINA	SRS4792041	SAMN11786472	Mus musculus	SRP198970	2020-08-21 00:00:00 UTC	PRJNA543864	110	310	public	10090.0
SRR9093670	OTHER	public	SRX5868924	Illumina NovaSeq 6000	ILLUMINA	SRS4792042	SAMN11786471	Mus musculus	SRP198970	2020-08-21 00:00:00 UTC	PRJNA543864	109	309	public	10090.0
SRR9093671	OTHER	public	SRX5868925	Illumina NovaSeq 6000	ILLUMINA	SRS4792043	SAMN11786467	Mus musculus	SRP198970	2020-08-21 00:00:00 UTC	PRJNA543864	107	306	public	10090.0
SRR9093672	OTHER	public	SRX5868926	Illumina NovaSeq 6000	ILLUMINA	SRS4792045	SAMN11786466	Mus musculus	SRP198970	2020-08-21 00:00:00 UTC	PRJNA543864	115	326	public	10090.0
SRR9093673	OTHER	public	SRX5868927	Illumina NovaSeq 6000	ILLUMINA	SRS4792044	SAMN11786465	Mus musculus	SRP198970	2020-08-21 00:00:00 UTC	PRJNA543864	132	370	public	10090.0
SRR9093674	OTHER	public	SRX5868928	Illumina NovaSeq 6000	ILLUMINA	SRS4792046	SAMN11786464	Mus musculus	SRP198970	2020-08-21 00:00:00 UTC	PRJNA543864	141	399	public	10090.0
SRR9093675	OTHER	public	SRX5868929	Illumina NovaSeq 6000	ILLUMINA	SRS4792047	SAMN11786463	Mus musculus	SRP198970	2020-08-21 00:00:00 UTC	PRJNA543864	140	400	public	10090.0
SRR9093676	OTHER	public	SRX5868930	Illumina NovaSeq 6000	ILLUMINA	SRS4792048	SAMN11786462	Mus musculus	SRP198970	2020-08-21 00:00:00 UTC	PRJNA543864	143	405	public	10090.0
SRR9093677	OTHER	public	SRX5868931	Illumina NovaSeq 6000	ILLUMINA	SRS4792049	SAMN11786461	Mus musculus	SRP198970	2020-08-21 00:00:00 UTC	PRJNA543864	132	376	public	10090.0
SRR9093678	OTHER	public	SRX5868932	Illumina NovaSeq 6000	ILLUMINA	SRS4792050	SAMN11786460	Mus musculus	SRP198970	2020-08-21 00:00:00 UTC	PRJNA543864	152	430	public	10090.0
SRR9093679	OTHER	public	SRX5868933	Illumina NovaSeq 6000	ILLUMINA	SRS4792051	SAMN11786459	Mus musculus	SRP198970	2020-08-21 00:00:00 UTC	PRJNA543864	121	349	public	10090.0
SRR9093680	OTHER	public	SRX5868934	Illumina NovaSeq 6000	ILLUMINA	SRS4792052	SAMN11786427	Mus musculus	SRP198970	2020-08-21 00:00:00 UTC	PRJNA543864	89	251	public	10090.0
SRR9093681	OTHER	public	SRX5868935	Illumina NovaSeq 6000	ILLUMINA	SRS4792053	SAMN11786426	Mus musculus	SRP198970	2020-08-21 00:00:00 UTC	PRJNA543864	89	253	public	10090.0
SRR9093682	OTHER	public	SRX5868952	Illumina NovaSeq 6000	ILLUMINA	SRS4792070	SAMN11786425	Mus musculus	SRP198970	2020-08-21 00:00:00 UTC	PRJNA543864	94	268	public	10090.0
SRR9093683	OTHER	public	SRX5868953	Illumina NovaSeq 6000	ILLUMINA	SRS4792071	SAMN11786424	Mus musculus	SRP198970	2020-08-21 00:00:00 UTC	PRJNA543864	89	254	public	10090.0
SRR9093684	OTHER	public	SRX5868954	Illumina NovaSeq 6000	ILLUMINA	SRS4792072	SAMN11786423	Mus musculus	SRP198970	2020-08-21 00:00:00 UTC	PRJNA543864	103	292	public	10090.0
SRR9093685	OTHER	public	SRX5868955	Illumina NovaSeq 6000	ILLUMINA	SRS4792073	SAMN11786422	Mus musculus	SRP198970	2020-08-21 00:00:00 UTC	PRJNA543864	86	246	public	10090.0
SRR9093686	OTHER	public	SRX5868956	Illumina NovaSeq 6000	ILLUMINA	SRS4792074	SAMN11786420	Mus musculus	SRP198970	2020-08-21 00:00:00 UTC	PRJNA543864	98	276	public	10090.0
SRR9093687	OTHER	public	SRX5868957	Illumina NovaSeq 6000	ILLUMINA	SRS4792075	SAMN11786419	Mus musculus	SRP198970	2020-08-21 00:00:00 UTC	PRJNA543864	128	354	public	10090.0
SRR9093688	OTHER	public	SRX5868958	Illumina NovaSeq 6000	ILLUMINA	SRS4792076	SAMN11786418	Mus musculus	SRP198970	2020-08-21 00:00:00 UTC	PRJNA543864	113	314	public	10090.0
SRR9093689	OTHER	public	SRX5868959	Illumina NovaSeq 6000	ILLUMINA	SRS4792077	SAMN11786417	Mus musculus	SRP198970	2020-08-21 00:00:00 UTC	PRJNA543864	77	218	public	10090.0
SRR9093690	OTHER	public	SRX5868960	Illumina NovaSeq 6000	ILLUMINA	SRS4792078	SAMN11786416	Mus musculus	SRP198970	2020-08-21 00:00:00 UTC	PRJNA543864	91	256	public	10090.0
SRR9093691	OTHER	public	SRX5868961	Illumina NovaSeq 6000	ILLUMINA	SRS4792079	SAMN11786415	Mus musculus	SRP198970	2020-08-21 00:00:00 UTC	PRJNA543864	125	352	public	10090.0
SRR9093692	OTHER	public	SRX5868962	Illumina NovaSeq 6000	ILLUMINA	SRS4792080	SAMN11786414	Mus musculus	SRP198970	2020-08-21 00:00:00 UTC	PRJNA543864	121	339	public	10090.0
SRR9093693	OTHER	public	SRX5868963	Illumina NovaSeq 6000	ILLUMINA	SRS4792081	SAMN11786413	Mus musculus	SRP198970	2020-08-21 00:00:00 UTC	PRJNA543864	103	290	public	10090.0
SRR9093694	OTHER	public	SRX5868964	Illumina NovaSeq 6000	ILLUMINA	SRS4792082	SAMN11786412	Mus musculus	SRP198970	2020-08-21 00:00:00 UTC	PRJNA543864	194	558	public	10090.0
SRR9093695	OTHER	public	SRX5868965	Illumina NovaSeq 6000	ILLUMINA	SRS4792083	SAMN11786411	Mus musculus	SRP198970	2020-08-21 00:00:00 UTC	PRJNA543864	117	331	public	10090.0
SRR9093696	OTHER	public	SRX5868966	Illumina NovaSeq 6000	ILLUMINA	SRS4792084	SAMN11786410	Mus musculus	SRP198970	2020-08-21 00:00:00 UTC	PRJNA543864	186	535	public	10090.0
SRR9093697	OTHER	public	SRX5868967	Illumina NovaSeq 6000	ILLUMINA	SRS4792085	SAMN11786409	Mus musculus	SRP198970	2020-08-21 00:00:00 UTC	PRJNA543864	224	643	public	10090.0
SRR9093698	OTHER	public	SRX5868984	Illumina NovaSeq 6000	ILLUMINA	SRS4792102	SAMN11786408	Mus musculus	SRP198970	2020-08-21 00:00:00 UTC	PRJNA543864	316	910	public	10090.0
SRR9093699	OTHER	public	SRX5868985	Illumina NovaSeq 6000	ILLUMINA	SRS4792103	SAMN11786454	Mus musculus	SRP198970	2020-08-21 00:00:00 UTC	PRJNA543864	233	667	public	10090.0
SRR9093700	OTHER	public	SRX5868986	Illumina NovaSeq 6000	ILLUMINA	SRS4792104	SAMN11786453	Mus musculus	SRP198970	2020-08-21 00:00:00 UTC	PRJNA543864	291	825	public	10090.0
SRR9093701	OTHER	public	SRX5868987	Illumina NovaSeq 6000	ILLUMINA	SRS4792105	SAMN11786452	Mus musculus	SRP198970	2020-08-21 00:00:00 UTC	PRJNA543864	315	902	public	10090.0
SRR9093702	OTHER	public	SRX5868988	Illumina NovaSeq 6000	ILLUMINA	SRS4792106	SAMN11786451	Mus musculus	SRP198970	2020-08-21 00:00:00 UTC	PRJNA543864	170	490	public	10090.0
SRR9093703	OTHER	public	SRX5868989	Illumina NovaSeq 6000	ILLUMINA	SRS4792107	SAMN11786450	Mus musculus	SRP198970	2020-08-21 00:00:00 UTC	PRJNA543864	286	826	public	10090.0
SRR9093704	OTHER	public	SRX5868990	Illumina NovaSeq 6000	ILLUMINA	SRS4792108	SAMN11786449	Mus musculus	SRP198970	2020-08-21 00:00:00 UTC	PRJNA543864	248	705	public	10090.0
SRR9093705	OTHER	public	SRX5868991	Illumina NovaSeq 6000	ILLUMINA	SRS4792109	SAMN11786448	Mus musculus	SRP198970	2020-08-21 00:00:00 UTC	PRJNA543864	52	149	public	10090.0
SRR9093706	OTHER	public	SRX5868992	Illumina NovaSeq 6000	ILLUMINA	SRS4792110	SAMN11786447	Mus musculus	SRP198970	2020-08-21 00:00:00 UTC	PRJNA543864	374	1053	public	10090.0
SRR9093707	OTHER	public	SRX5868993	Illumina NovaSeq 6000	ILLUMINA	SRS4792111	SAMN11786446	Mus musculus	SRP198970	2020-08-21 00:00:00 UTC	PRJNA543864	342	963	public	10090.0
SRR9093708	OTHER	public	SRX5868994	Illumina NovaSeq 6000	ILLUMINA	SRS4792112	SAMN11786445	Mus musculus	SRP198970	2020-08-21 00:00:00 UTC	PRJNA543864	383	1084	public	10090.0
SRR9093709	OTHER	public	SRX5868995	Illumina NovaSeq 6000	ILLUMINA	SRS4792114	SAMN11786444	Mus musculus	SRP198970	2020-08-21 00:00:00 UTC	PRJNA543864	56	159	public	10090.0
SRR9093710	OTHER	public	SRX5868996	Illumina NovaSeq 6000	ILLUMINA	SRS4792113	SAMN11786193	Mus musculus	SRP198970	2020-08-21 00:00:00 UTC	PRJNA543864	225	643	public	10090.0
SRR9093711	OTHER	public	SRX5868997	Illumina NovaSeq 6000	ILLUMINA	SRS4792115	SAMN11786192	Mus musculus	SRP198970	2020-08-21 00:00:00 UTC	PRJNA543864	374	1056	public	10090.0
SRR9093712	OTHER	public	SRX5868998	Illumina NovaSeq 6000	ILLUMINA	SRS4792116	SAMN11786191	Mus musculus	SRP198970	2020-08-21 00:00:00 UTC	PRJNA543864	320	905	public	10090.0
SRR9093713	OTHER	public	SRX5868999	Illumina NovaSeq 6000	ILLUMINA	SRS4792117	SAMN11786190	Mus musculus	SRP198970	2020-08-21 00:00:00 UTC	PRJNA543864	56	160	public	10090.0
SRR9093714	OTHER	public	SRX5869016	Illumina NovaSeq 6000	ILLUMINA	SRS4792135	SAMN11786189	Mus musculus	SRP198970	2020-08-21 00:00:00 UTC	PRJNA543864	795	2211	public	10090.0
SRR9093715	OTHER	public	SRX5869017	Illumina NovaSeq 6000	ILLUMINA	SRS4792134	SAMN11786187	Mus musculus	SRP198970	2020-08-21 00:00:00 UTC	PRJNA543864	902	2518	public	10090.0
SRR9093716	OTHER	public	SRX5869018	Illumina NovaSeq 6000	ILLUMINA	SRS4792136	SAMN11786185	Mus musculus	SRP198970	2020-08-21 00:00:00 UTC	PRJNA543864	848	2375	public	10090.0
SRR9093717	OTHER	public	SRX5869019	Illumina NovaSeq 6000	ILLUMINA	SRS4792137	SAMN11786184	Mus musculus	SRP198970	2020-08-21 00:00:00 UTC	PRJNA543864	807	2261	public	10090.0
SRR9093718	OTHER	public	SRX5869020	Illumina NovaSeq 6000	ILLUMINA	SRS4792139	SAMN11786183	Mus musculus	SRP198970	2020-08-21 00:00:00 UTC	PRJNA543864	771	2161	public	10090.0
SRR9093719	OTHER	public	SRX5869021	Illumina NovaSeq 6000	ILLUMINA	SRS4792138	SAMN11786182	Mus musculus	SRP198970	2020-08-21 00:00:00 UTC	PRJNA543864	683	1925	public	10090.0
SRR9093720	OTHER	public	SRX5869022	Illumina NovaSeq 6000	ILLUMINA	SRS4792140	SAMN11786181	Mus musculus	SRP198970	2020-08-21 00:00:00 UTC	PRJNA543864	56	159	public	10090.0
SRR9093721	OTHER	public	SRX5869023	Illumina NovaSeq 6000	ILLUMINA	SRS4792141	SAMN11786180	Mus musculus	SRP198970	2020-08-21 00:00:00 UTC	PRJNA543864	86	241	public	10090.0
SRR9093722	OTHER	public	SRX5869024	Illumina NovaSeq 6000	ILLUMINA	SRS4792142	SAMN11786179	Mus musculus	SRP198970	2020-08-21 00:00:00 UTC	PRJNA543864	82	229	public	10090.0
SRR9093723	OTHER	public	SRX5869025	Illumina NovaSeq 6000	ILLUMINA	SRS4792144	SAMN11786178	Mus musculus	SRP198970	2020-08-21 00:00:00 UTC	PRJNA543864	87	246	public	10090.0
SRR9093724	OTHER	public	SRX5869026	Illumina NovaSeq 6000	ILLUMINA	SRS4792143	SAMN11786177	Mus musculus	SRP198970	2020-08-21 00:00:00 UTC	PRJNA543864	105	296	public	10090.0
SRR9093725	OTHER	public	SRX5869027	Illumina NovaSeq 6000	ILLUMINA	SRS4792145	SAMN11786176	Mus musculus	SRP198970	2020-08-21 00:00:00 UTC	PRJNA543864	95	268	public	10090.0
SRR9093726	OTHER	public	SRX5869028	Illumina NovaSeq 6000	ILLUMINA	SRS4792146	SAMN11786175	Mus musculus	SRP198970	2020-08-21 00:00:00 UTC	PRJNA543864	106	297	public	10090.0
SRR9093727	OTHER	public	SRX5869029	Illumina NovaSeq 6000	ILLUMINA	SRS4792147	SAMN11786174	Mus musculus	SRP198970	2020-08-21 00:00:00 UTC	PRJNA543864	86	243	public	10090.0
SRR9093728	OTHER	public	SRX5869030	Illumina NovaSeq 6000	ILLUMINA	SRS4792149	SAMN11786173	Mus musculus	SRP198970	2020-08-21 00:00:00 UTC	PRJNA543864	63	178	public	10090.0
SRR9093729	OTHER	public	SRX5869031	Illumina NovaSeq 6000	ILLUMINA	SRS4792148	SAMN11786172	Mus musculus	SRP198970	2020-08-21 00:00:00 UTC	PRJNA543864	93	262	public	10090.0
SRR9093730	OTHER	public	SRX5869048	Illumina NovaSeq 6000	ILLUMINA	SRS4792165	SAMN11786171	Mus musculus	SRP198970	2020-08-21 00:00:00 UTC	PRJNA543864	62	177	public	10090.0
SRR9093731	OTHER	public	SRX5869049	Illumina NovaSeq 6000	ILLUMINA	SRS4792168	SAMN11786170	Mus musculus	SRP198970	2020-08-21 00:00:00 UTC	PRJNA543864	58	167	public	10090.0
SRR9093732	OTHER	public	SRX5869050	Illumina NovaSeq 6000	ILLUMINA	SRS4792167	SAMN11786169	Mus musculus	SRP198970	2020-08-21 00:00:00 UTC	PRJNA543864	73	208	public	10090.0
SRR9093733	OTHER	public	SRX5869051	Illumina NovaSeq 6000	ILLUMINA	SRS4792169	SAMN11786219	Mus musculus	SRP198970	2020-08-21 00:00:00 UTC	PRJNA543864	66	188	public	10090.0
SRR9093734	OTHER	public	SRX5869052	Illumina NovaSeq 6000	ILLUMINA	SRS4792171	SAMN11786218	Mus musculus	SRP198970	2020-08-21 00:00:00 UTC	PRJNA543864	51	147	public	10090.0
SRR9093735	OTHER	public	SRX5869053	Illumina NovaSeq 6000	ILLUMINA	SRS4792170	SAMN11786217	Mus musculus	SRP198970	2020-08-21 00:00:00 UTC	PRJNA543864	78	219	public	10090.0
SRR9093736	OTHER	public	SRX5869054	Illumina NovaSeq 6000	ILLUMINA	SRS4792172	SAMN11786216	Mus musculus	SRP198970	2020-08-21 00:00:00 UTC	PRJNA543864	83	233	public	10090.0
SRR9093737	OTHER	public	SRX5869055	Illumina NovaSeq 6000	ILLUMINA	SRS4792173	SAMN11786215	Mus musculus	SRP198970	2020-08-21 00:00:00 UTC	PRJNA543864	60	174	public	10090.0
SRR9093738	OTHER	public	SRX5869056	Illumina NovaSeq 6000	ILLUMINA	SRS4792174	SAMN11786214	Mus musculus	SRP198970	2020-08-21 00:00:00 UTC	PRJNA543864	50	145	public	10090.0
SRR9093739	OTHER	public	SRX5869057	Illumina NovaSeq 6000	ILLUMINA	SRS4792175	SAMN11786213	Mus musculus	SRP198970	2020-08-21 00:00:00 UTC	PRJNA543864	53	153	public	10090.0
SRR9093740	OTHER	public	SRX5869058	Illumina NovaSeq 6000	ILLUMINA	SRS4792176	SAMN11786360	Mus musculus	SRP198970	2020-08-21 00:00:00 UTC	PRJNA543864	69	197	public	10090.0
SRR9093741	OTHER	public	SRX5869059	Illumina NovaSeq 6000	ILLUMINA	SRS4792177	SAMN11786359	Mus musculus	SRP198970	2020-08-21 00:00:00 UTC	PRJNA543864	61	173	public	10090.0
SRR9093742	OTHER	public	SRX5869060	Illumina NovaSeq 6000	ILLUMINA	SRS4792178	SAMN11786407	Mus musculus	SRP198970	2020-08-21 00:00:00 UTC	PRJNA543864	76	218	public	10090.0
SRR9093743	OTHER	public	SRX5869061	Illumina NovaSeq 6000	ILLUMINA	SRS4792181	SAMN11786406	Mus musculus	SRP198970	2020-08-21 00:00:00 UTC	PRJNA543864	113	325	public	10090.0
SRR9093744	OTHER	public	SRX5869062	Illumina NovaSeq 6000	ILLUMINA	SRS4792180	SAMN11786405	Mus musculus	SRP198970	2020-08-21 00:00:00 UTC	PRJNA543864	80	226	public	10090.0
SRR9093745	OTHER	public	SRX5869063	Illumina NovaSeq 6000	ILLUMINA	SRS4792179	SAMN11786404	Mus musculus	SRP198970	2020-08-21 00:00:00 UTC	PRJNA543864	79	227	public	10090.0
SRR9093746	OTHER	public	SRX5869080	Illumina NovaSeq 6000	ILLUMINA	SRS4792198	SAMN11786403	Mus musculus	SRP198970	2020-08-21 00:00:00 UTC	PRJNA543864	80	229	public	10090.0
SRR9093747	OTHER	public	SRX5869081	Illumina NovaSeq 6000	ILLUMINA	SRS4792199	SAMN11786402	Mus musculus	SRP198970	2020-08-21 00:00:00 UTC	PRJNA543864	104	292	public	10090.0
SRR9093748	OTHER	public	SRX5869082	Illumina NovaSeq 6000	ILLUMINA	SRS4792200	SAMN11786401	Mus musculus	SRP198970	2020-08-21 00:00:00 UTC	PRJNA543864	76	218	public	10090.0
SRR9093749	OTHER	public	SRX5869083	Illumina NovaSeq 6000	ILLUMINA	SRS4792201	SAMN11786400	Mus musculus	SRP198970	2020-08-21 00:00:00 UTC	PRJNA543864	75	217	public	10090.0
SRR9093750	OTHER	public	SRX5869084	Illumina NovaSeq 6000	ILLUMINA	SRS4792203	SAMN11786399	Mus musculus	SRP198970	2020-08-21 00:00:00 UTC	PRJNA543864	83	234	public	10090.0
SRR9093751	OTHER	public	SRX5869085	Illumina NovaSeq 6000	ILLUMINA	SRS4792202	SAMN11786398	Mus musculus	SRP198970	2020-08-21 00:00:00 UTC	PRJNA543864	68	193	public	10090.0
SRR9093752	OTHER	public	SRX5869086	Illumina NovaSeq 6000	ILLUMINA	SRS4792205	SAMN11786397	Mus musculus	SRP198970	2020-08-21 00:00:00 UTC	PRJNA543864	81	231	public	10090.0
SRR9093753	OTHER	public	SRX5869087	Illumina NovaSeq 6000	ILLUMINA	SRS4792204	SAMN11786396	Mus musculus	SRP198970	2020-08-21 00:00:00 UTC	PRJNA543864	81	232	public	10090.0
SRR9093754	OTHER	public	SRX5869088	Illumina NovaSeq 6000	ILLUMINA	SRS4792206	SAMN11786395	Mus musculus	SRP198970	2020-08-21 00:00:00 UTC	PRJNA543864	82	234	public	10090.0
SRR9093755	OTHER	public	SRX5869089	Illumina NovaSeq 6000	ILLUMINA	SRS4792207	SAMN11786394	Mus musculus	SRP198970	2020-08-21 00:00:00 UTC	PRJNA543864	84	239	public	10090.0
SRR9093756	OTHER	public	SRX5869090	Illumina NovaSeq 6000	ILLUMINA	SRS4792211	SAMN11786393	Mus musculus	SRP198970	2020-08-21 00:00:00 UTC	PRJNA543864	73	210	public	10090.0
SRR9093757	OTHER	public	SRX5869091	Illumina NovaSeq 6000	ILLUMINA	SRS4792210	SAMN11786392	Mus musculus	SRP198970	2020-08-21 00:00:00 UTC	PRJNA543864	98	277	public	10090.0
SRR9093758	OTHER	public	SRX5869092	Illumina NovaSeq 6000	ILLUMINA	SRS4792208	SAMN11786391	Mus musculus	SRP198970	2020-08-21 00:00:00 UTC	PRJNA543864	152	430	public	10090.0
SRR9093759	OTHER	public	SRX5869093	Illumina NovaSeq 6000	ILLUMINA	SRS4792209	SAMN11786390	Mus musculus	SRP198970	2020-08-21 00:00:00 UTC	PRJNA543864	153	434	public	10090.0
SRR9093760	OTHER	public	SRX5869094	Illumina NovaSeq 6000	ILLUMINA	SRS4792212	SAMN11786389	Mus musculus	SRP198970	2020-08-21 00:00:00 UTC	PRJNA543864	158	454	public	10090.0
SRR9093761	OTHER	public	SRX5869095	Illumina NovaSeq 6000	ILLUMINA	SRS4792213	SAMN11786388	Mus musculus	SRP198970	2020-08-21 00:00:00 UTC	PRJNA543864	133	380	public	10090.0
SRR9093762	OTHER	public	SRX5869112	Illumina NovaSeq 6000	ILLUMINA	SRS4792230	SAMN11786387	Mus musculus	SRP198970	2020-08-21 00:00:00 UTC	PRJNA543864	172	488	public	10090.0
SRR9093763	OTHER	public	SRX5869113	Illumina NovaSeq 6000	ILLUMINA	SRS4792232	SAMN11786386	Mus musculus	SRP198970	2020-08-21 00:00:00 UTC	PRJNA543864	166	466	public	10090.0
SRR9093764	OTHER	public	SRX5869114	Illumina NovaSeq 6000	ILLUMINA	SRS4792233	SAMN11786385	Mus musculus	SRP198970	2020-08-21 00:00:00 UTC	PRJNA543864	172	488	public	10090.0
SRR9093765	OTHER	public	SRX5869115	Illumina NovaSeq 6000	ILLUMINA	SRS4792231	SAMN11786384	Mus musculus	SRP198970	2020-08-21 00:00:00 UTC	PRJNA543864	117	330	public	10090.0
SRR9093766	OTHER	public	SRX5869116	Illumina NovaSeq 6000	ILLUMINA	SRS4792234	SAMN11786431	Mus musculus	SRP198970	2020-08-21 00:00:00 UTC	PRJNA543864	162	462	public	10090.0
SRR9093767	OTHER	public	SRX5869117	Illumina NovaSeq 6000	ILLUMINA	SRS4792235	SAMN11786430	Mus musculus	SRP198970	2020-08-21 00:00:00 UTC	PRJNA543864	133	378	public	10090.0
SRR9093768	OTHER	public	SRX5869118	Illumina NovaSeq 6000	ILLUMINA	SRS4792236	SAMN11786429	Mus musculus	SRP198970	2020-08-21 00:00:00 UTC	PRJNA543864	153	426	public	10090.0
SRR9093769	OTHER	public	SRX5869119	Illumina NovaSeq 6000	ILLUMINA	SRS4792237	SAMN11786428	Mus musculus	SRP198970	2020-08-21 00:00:00 UTC	PRJNA543864	138	389	public	10090.0
SRR9093770	OTHER	public	SRX5869120	Illumina NovaSeq 6000	ILLUMINA	SRS4792239	SAMN11786342	Mus musculus	SRP198970	2020-08-21 00:00:00 UTC	PRJNA543864	183	515	public	10090.0
SRR9093771	OTHER	public	SRX5869121	Illumina NovaSeq 6000	ILLUMINA	SRS4792238	SAMN11786341	Mus musculus	SRP198970	2020-08-21 00:00:00 UTC	PRJNA543864	108	306	public	10090.0
SRR9093772	OTHER	public	SRX5869122	Illumina NovaSeq 6000	ILLUMINA	SRS4792240	SAMN11786340	Mus musculus	SRP198970	2020-08-21 00:00:00 UTC	PRJNA543864	171	482	public	10090.0
SRR9093773	OTHER	public	SRX5869123	Illumina NovaSeq 6000	ILLUMINA	SRS4792242	SAMN11786339	Mus musculus	SRP198970	2020-08-21 00:00:00 UTC	PRJNA543864	136	387	public	10090.0
SRR9093774	OTHER	public	SRX5869124	Illumina NovaSeq 6000	ILLUMINA	SRS4792241	SAMN11786338	Mus musculus	SRP198970	2020-08-21 00:00:00 UTC	PRJNA543864	160	460	public	10090.0
SRR9093775	OTHER	public	SRX5869125	Illumina NovaSeq 6000	ILLUMINA	SRS4792243	SAMN11786337	Mus musculus	SRP198970	2020-08-21 00:00:00 UTC	PRJNA543864	200	576	public	10090.0
SRR9093776	OTHER	public	SRX5869126	Illumina NovaSeq 6000	ILLUMINA	SRS4792244	SAMN11786336	Mus musculus	SRP198970	2020-08-21 00:00:00 UTC	PRJNA543864	288	812	public	10090.0
SRR9093777	OTHER	public	SRX5869127	Illumina NovaSeq 6000	ILLUMINA	SRS4792245	SAMN11786383	Mus musculus	SRP198970	2020-08-21 00:00:00 UTC	PRJNA543864	254	728	public	10090.0
SRR9093778	OTHER	public	SRX5869144	Illumina NovaSeq 6000	ILLUMINA	SRS4792262	SAMN11786382	Mus musculus	SRP198970	2020-08-21 00:00:00 UTC	PRJNA543864	239	684	public	10090.0
SRR9093779	OTHER	public	SRX5869145	Illumina NovaSeq 6000	ILLUMINA	SRS4792265	SAMN11786381	Mus musculus	SRP198970	2020-08-21 00:00:00 UTC	PRJNA543864	263	743	public	10090.0
SRR9093780	OTHER	public	SRX5869146	Illumina NovaSeq 6000	ILLUMINA	SRS4792264	SAMN11786380	Mus musculus	SRP198970	2020-08-21 00:00:00 UTC	PRJNA543864	72	203	public	10090.0
SRR9093781	OTHER	public	SRX5869147	Illumina NovaSeq 6000	ILLUMINA	SRS4792266	SAMN11786379	Mus musculus	SRP198970	2020-08-21 00:00:00 UTC	PRJNA543864	386	1082	public	10090.0
SRR9093782	OTHER	public	SRX5869148	Illumina NovaSeq 6000	ILLUMINA	SRS4792263	SAMN11786378	Mus musculus	SRP198970	2020-08-21 00:00:00 UTC	PRJNA543864	308	872	public	10090.0
SRR9093783	OTHER	public	SRX5869149	Illumina NovaSeq 6000	ILLUMINA	SRS4792268	SAMN11786377	Mus musculus	SRP198970	2020-08-21 00:00:00 UTC	PRJNA543864	359	1013	public	10090.0
SRR9093784	OTHER	public	SRX5869150	Illumina NovaSeq 6000	ILLUMINA	SRS4792267	SAMN11786376	Mus musculus	SRP198970	2020-08-21 00:00:00 UTC	PRJNA543864	801	2252	public	10090.0
SRR9093785	OTHER	public	SRX5869151	Illumina NovaSeq 6000	ILLUMINA	SRS4792270	SAMN11786375	Mus musculus	SRP198970	2020-08-21 00:00:00 UTC	PRJNA543864	376	1057	public	10090.0
SRR9093786	OTHER	public	SRX5869152	Illumina NovaSeq 6000	ILLUMINA	SRS4792269	SAMN11786374	Mus musculus	SRP198970	2020-08-21 00:00:00 UTC	PRJNA543864	331	929	public	10090.0
SRR9093787	OTHER	public	SRX5869153	Illumina NovaSeq 6000	ILLUMINA	SRS4792271	SAMN11786369	Mus musculus	SRP198970	2020-08-21 00:00:00 UTC	PRJNA543864	250	710	public	10090.0
SRR9093788	OTHER	public	SRX5869154	Illumina NovaSeq 6000	ILLUMINA	SRS4792272	SAMN11786373	Mus musculus	SRP198970	2020-08-21 00:00:00 UTC	PRJNA543864	92	255	public	10090.0
SRR9093789	OTHER	public	SRX5869155	Illumina NovaSeq 6000	ILLUMINA	SRS4792273	SAMN11786372	Mus musculus	SRP198970	2020-08-21 00:00:00 UTC	PRJNA543864	481	1348	public	10090.0
SRR9093790	OTHER	public	SRX5869156	Illumina NovaSeq 6000	ILLUMINA	SRS4792274	SAMN11786371	Mus musculus	SRP198970	2020-08-21 00:00:00 UTC	PRJNA543864	85	236	public	10090.0
SRR9093791	OTHER	public	SRX5869157	Illumina NovaSeq 6000	ILLUMINA	SRS4792279	SAMN11786370	Mus musculus	SRP198970	2020-08-21 00:00:00 UTC	PRJNA543864	547	1525	public	10090.0
SRR9093792	OTHER	public	SRX5869158	Illumina NovaSeq 6000	ILLUMINA	SRS4792275	SAMN11786368	Mus musculus	SRP198970	2020-08-21 00:00:00 UTC	PRJNA543864	68	192	public	10090.0
SRR9093793	OTHER	public	SRX5869159	Illumina NovaSeq 6000	ILLUMINA	SRS4792276	SAMN11786367	Mus musculus	SRP198970	2020-08-21 00:00:00 UTC	PRJNA543864	549	1545	public	10090.0
SRR9093794	OTHER	public	SRX5869176	Illumina NovaSeq 6000	ILLUMINA	SRS4792295	SAMN11786366	Mus musculus	SRP198970	2020-08-21 00:00:00 UTC	PRJNA543864	524	1476	public	10090.0
SRR9093795	OTHER	public	SRX5869177	Illumina NovaSeq 6000	ILLUMINA	SRS4792294	SAMN11786365	Mus musculus	SRP198970	2020-08-21 00:00:00 UTC	PRJNA543864	405	1144	public	10090.0
SRR9093796	OTHER	public	SRX5869178	Illumina NovaSeq 6000	ILLUMINA	SRS4792296	SAMN11786364	Mus musculus	SRP198970	2020-08-21 00:00:00 UTC	PRJNA543864	487	1373	public	10090.0
SRR9093797	OTHER	public	SRX5869179	Illumina NovaSeq 6000	ILLUMINA	SRS4792297	SAMN11786363	Mus musculus	SRP198970	2020-08-21 00:00:00 UTC	PRJNA543864	381	1080	public	10090.0
SRR9093798	OTHER	public	SRX5869180	Illumina NovaSeq 6000	ILLUMINA	SRS4792299	SAMN11786362	Mus musculus	SRP198970	2020-08-21 00:00:00 UTC	PRJNA543864	432	1225	public	10090.0
SRR9093799	OTHER	public	SRX5869181	Illumina NovaSeq 6000	ILLUMINA	SRS4792298	SAMN11786361	Mus musculus	SRP198970	2020-08-21 00:00:00 UTC	PRJNA543864	869	2424	public	10090.0
SRR9093800	OTHER	public	SRX5869182	Illumina NovaSeq 6000	ILLUMINA	SRS4792300	SAMN11786333	Mus musculus	SRP198970	2020-08-21 00:00:00 UTC	PRJNA543864	72	203	public	10090.0
SRR9093801	OTHER	public	SRX5869183	Illumina NovaSeq 6000	ILLUMINA	SRS4792301	SAMN11786332	Mus musculus	SRP198970	2020-08-21 00:00:00 UTC	PRJNA543864	92	255	public	10090.0
SRR9093802	OTHER	public	SRX5869184	Illumina NovaSeq 6000	ILLUMINA	SRS4792302	SAMN11786331	Mus musculus	SRP198970	2020-08-21 00:00:00 UTC	PRJNA543864	67	187	public	10090.0
SRR9093803	OTHER	public	SRX5869185	Illumina NovaSeq 6000	ILLUMINA	SRS4792303	SAMN11786330	Mus musculus	SRP198970	2020-08-21 00:00:00 UTC	PRJNA543864	73	205	public	10090.0
SRR9093804	OTHER	public	SRX5869186	Illumina NovaSeq 6000	ILLUMINA	SRS4792305	SAMN11786329	Mus musculus	SRP198970	2020-08-21 00:00:00 UTC	PRJNA543864	60	169	public	10090.0
SRR9093805	OTHER	public	SRX5869187	Illumina NovaSeq 6000	ILLUMINA	SRS4792304	SAMN11786328	Mus musculus	SRP198970	2020-08-21 00:00:00 UTC	PRJNA543864	70	199	public	10090.0
SRR9093806	OTHER	public	SRX5869188	Illumina NovaSeq 6000	ILLUMINA	SRS4792306	SAMN11786327	Mus musculus	SRP198970	2020-08-21 00:00:00 UTC	PRJNA543864	66	187	public	10090.0
SRR9093807	OTHER	public	SRX5869189	Illumina NovaSeq 6000	ILLUMINA	SRS4792307	SAMN11786326	Mus musculus	SRP198970	2020-08-21 00:00:00 UTC	PRJNA543864	70	201	public	10090.0
SRR9093808	OTHER	public	SRX5869190	Illumina NovaSeq 6000	ILLUMINA	SRS4792308	SAMN11786325	Mus musculus	SRP198970	2020-08-21 00:00:00 UTC	PRJNA543864	67	190	public	10090.0
SRR9093809	OTHER	public	SRX5869191	Illumina NovaSeq 6000	ILLUMINA	SRS4792309	SAMN11786324	Mus musculus	SRP198970	2020-08-21 00:00:00 UTC	PRJNA543864	69	198	public	10090.0
SRR9093810	OTHER	public	SRX5869208	Illumina NovaSeq 6000	ILLUMINA	SRS4792327	SAMN11786323	Mus musculus	SRP198970	2020-08-21 00:00:00 UTC	PRJNA543864	75	211	public	10090.0
SRR9093811	OTHER	public	SRX5869209	Illumina NovaSeq 6000	ILLUMINA	SRS4792325	SAMN11786322	Mus musculus	SRP198970	2020-08-21 00:00:00 UTC	PRJNA543864	64	184	public	10090.0
SRR9093812	OTHER	public	SRX5869210	Illumina NovaSeq 6000	ILLUMINA	SRS4792328	SAMN11786321	Mus musculus	SRP198970	2020-08-21 00:00:00 UTC	PRJNA543864	71	205	public	10090.0
SRR9093813	OTHER	public	SRX5869211	Illumina NovaSeq 6000	ILLUMINA	SRS4792329	SAMN11786320	Mus musculus	SRP198970	2020-08-21 00:00:00 UTC	PRJNA543864	63	183	public	10090.0
SRR9093814	OTHER	public	SRX5869212	Illumina NovaSeq 6000	ILLUMINA	SRS4792330	SAMN11786358	Mus musculus	SRP198970	2020-08-21 00:00:00 UTC	PRJNA543864	70	204	public	10090.0
SRR9093815	OTHER	public	SRX5869213	Illumina NovaSeq 6000	ILLUMINA	SRS4792331	SAMN11786357	Mus musculus	SRP198970	2020-08-21 00:00:00 UTC	PRJNA543864	72	211	public	10090.0
SRR9093816	OTHER	public	SRX5869214	Illumina NovaSeq 6000	ILLUMINA	SRS4792332	SAMN11786356	Mus musculus	SRP198970	2020-08-21 00:00:00 UTC	PRJNA543864	125	354	public	10090.0
SRR9093817	OTHER	public	SRX5869215	Illumina NovaSeq 6000	ILLUMINA	SRS4792333	SAMN11786355	Mus musculus	SRP198970	2020-08-21 00:00:00 UTC	PRJNA543864	80	230	public	10090.0
SRR9093818	OTHER	public	SRX5869216	Illumina NovaSeq 6000	ILLUMINA	SRS4792335	SAMN11786354	Mus musculus	SRP198970	2020-08-21 00:00:00 UTC	PRJNA543864	83	241	public	10090.0
SRR9093819	OTHER	public	SRX5869217	Illumina NovaSeq 6000	ILLUMINA	SRS4792336	SAMN11786353	Mus musculus	SRP198970	2020-08-21 00:00:00 UTC	PRJNA543864	71	207	public	10090.0
SRR9093820	OTHER	public	SRX5869218	Illumina NovaSeq 6000	ILLUMINA	SRS4792334	SAMN11786352	Mus musculus	SRP198970	2020-08-21 00:00:00 UTC	PRJNA543864	58	164	public	10090.0
SRR9093821	OTHER	public	SRX5869219	Illumina NovaSeq 6000	ILLUMINA	SRS4792337	SAMN11786351	Mus musculus	SRP198970	2020-08-21 00:00:00 UTC	PRJNA543864	72	209	public	10090.0
SRR9093822	OTHER	public	SRX5869220	Illumina NovaSeq 6000	ILLUMINA	SRS4792338	SAMN11786350	Mus musculus	SRP198970	2020-08-21 00:00:00 UTC	PRJNA543864	67	190	public	10090.0
SRR9093823	OTHER	public	SRX5869221	Illumina NovaSeq 6000	ILLUMINA	SRS4792339	SAMN11786349	Mus musculus	SRP198970	2020-08-21 00:00:00 UTC	PRJNA543864	64	181	public	10090.0
SRR9093824	OTHER	public	SRX5869222	Illumina NovaSeq 6000	ILLUMINA	SRS4792340	SAMN11786348	Mus musculus	SRP198970	2020-08-21 00:00:00 UTC	PRJNA543864	67	191	public	10090.0
SRR9093825	OTHER	public	SRX5869223	Illumina NovaSeq 6000	ILLUMINA	SRS4792341	SAMN11786347	Mus musculus	SRP198970	2020-08-21 00:00:00 UTC	PRJNA543864	75	211	public	10090.0
SRR9093826	OTHER	public	SRX5869240	Illumina NovaSeq 6000	ILLUMINA	SRS4792359	SAMN11786346	Mus musculus	SRP198970	2020-08-21 00:00:00 UTC	PRJNA543864	80	226	public	10090.0
SRR9093827	OTHER	public	SRX5869241	Illumina NovaSeq 6000	ILLUMINA	SRS4792358	SAMN11786345	Mus musculus	SRP198970	2020-08-21 00:00:00 UTC	PRJNA543864	61	176	public	10090.0
SRR9093828	OTHER	public	SRX5869242	Illumina NovaSeq 6000	ILLUMINA	SRS4792360	SAMN11786344	Mus musculus	SRP198970	2020-08-21 00:00:00 UTC	PRJNA543864	72	205	public	10090.0
SRR9093829	OTHER	public	SRX5869243	Illumina NovaSeq 6000	ILLUMINA	SRS4792361	SAMN11786343	Mus musculus	SRP198970	2020-08-21 00:00:00 UTC	PRJNA543864	83	230	public	10090.0
SRR9093830	OTHER	public	SRX5869244	Illumina NovaSeq 6000	ILLUMINA	SRS4792362	SAMN11786268	Mus musculus	SRP198970	2020-08-21 00:00:00 UTC	PRJNA543864	76	211	public	10090.0
SRR9093831	OTHER	public	SRX5869245	Illumina NovaSeq 6000	ILLUMINA	SRS4792363	SAMN11786319	Mus musculus	SRP198970	2020-08-21 00:00:00 UTC	PRJNA543864	74	207	public	10090.0
SRR9093832	OTHER	public	SRX5869246	Illumina NovaSeq 6000	ILLUMINA	SRS4792365	SAMN11786318	Mus musculus	SRP198970	2020-08-21 00:00:00 UTC	PRJNA543864	91	255	public	10090.0
SRR9093833	OTHER	public	SRX5869247	Illumina NovaSeq 6000	ILLUMINA	SRS4792364	SAMN11786317	Mus musculus	SRP198970	2020-08-21 00:00:00 UTC	PRJNA543864	85	236	public	10090.0
SRR9093834	OTHER	public	SRX5869248	Illumina NovaSeq 6000	ILLUMINA	SRS4792366	SAMN11786316	Mus musculus	SRP198970	2020-08-21 00:00:00 UTC	PRJNA543864	96	269	public	10090.0
SRR9093835	OTHER	public	SRX5869249	Illumina NovaSeq 6000	ILLUMINA	SRS4792367	SAMN11786315	Mus musculus	SRP198970	2020-08-21 00:00:00 UTC	PRJNA543864	74	210	public	10090.0
SRR9093836	OTHER	public	SRX5869250	Illumina NovaSeq 6000	ILLUMINA	SRS4792368	SAMN11786314	Mus musculus	SRP198970	2020-08-21 00:00:00 UTC	PRJNA543864	86	242	public	10090.0
SRR9093837	OTHER	public	SRX5869251	Illumina NovaSeq 6000	ILLUMINA	SRS4792369	SAMN11786312	Mus musculus	SRP198970	2020-08-21 00:00:00 UTC	PRJNA543864	114	326	public	10090.0
SRR9093838	OTHER	public	SRX5869252	Illumina NovaSeq 6000	ILLUMINA	SRS4792370	SAMN11786311	Mus musculus	SRP198970	2020-08-21 00:00:00 UTC	PRJNA543864	126	358	public	10090.0
SRR9093839	OTHER	public	SRX5869253	Illumina NovaSeq 6000	ILLUMINA	SRS4792371	SAMN11786310	Mus musculus	SRP198970	2020-08-21 00:00:00 UTC	PRJNA543864	125	357	public	10090.0
SRR9093840	OTHER	public	SRX5869254	Illumina NovaSeq 6000	ILLUMINA	SRS4792372	SAMN11786309	Mus musculus	SRP198970	2020-08-21 00:00:00 UTC	PRJNA543864	117	334	public	10090.0
SRR9093841	OTHER	public	SRX5869255	Illumina NovaSeq 6000	ILLUMINA	SRS4792374	SAMN11786308	Mus musculus	SRP198970	2020-08-21 00:00:00 UTC	PRJNA543864	98	280	public	10090.0
SRR9093842	OTHER	public	SRX5869272	Illumina NovaSeq 6000	ILLUMINA	SRS4792391	SAMN11786307	Mus musculus	SRP198970	2020-08-21 00:00:00 UTC	PRJNA543864	134	381	public	10090.0
SRR9093843	OTHER	public	SRX5869273	Illumina NovaSeq 6000	ILLUMINA	SRS4792390	SAMN11786306	Mus musculus	SRP198970	2020-08-21 00:00:00 UTC	PRJNA543864	133	381	public	10090.0
SRR9093844	OTHER	public	SRX5869274	Illumina NovaSeq 6000	ILLUMINA	SRS4792392	SAMN11786305	Mus musculus	SRP198970	2020-08-21 00:00:00 UTC	PRJNA543864	76	219	public	10090.0
SRR9093845	OTHER	public	SRX5869275	Illumina NovaSeq 6000	ILLUMINA	SRS4792394	SAMN11786304	Mus musculus	SRP198970	2020-08-21 00:00:00 UTC	PRJNA543864	89	255	public	10090.0
SRR9093846	OTHER	public	SRX5869276	Illumina NovaSeq 6000	ILLUMINA	SRS4792393	SAMN11786303	Mus musculus	SRP198970	2020-08-21 00:00:00 UTC	PRJNA543864	71	205	public	10090.0
SRR9093847	OTHER	public	SRX5869277	Illumina NovaSeq 6000	ILLUMINA	SRS4792395	SAMN11786302	Mus musculus	SRP198970	2020-08-21 00:00:00 UTC	PRJNA543864	71	206	public	10090.0
SRR9093848	OTHER	public	SRX5869278	Illumina NovaSeq 6000	ILLUMINA	SRS4792396	SAMN11786301	Mus musculus	SRP198970	2020-08-21 00:00:00 UTC	PRJNA543864	91	261	public	10090.0
SRR9093849	OTHER	public	SRX5869279	Illumina NovaSeq 6000	ILLUMINA	SRS4792397	SAMN11786300	Mus musculus	SRP198970	2020-08-21 00:00:00 UTC	PRJNA543864	122	354	public	10090.0
SRR9093850	OTHER	public	SRX5869280	Illumina NovaSeq 6000	ILLUMINA	SRS4792398	SAMN11786299	Mus musculus	SRP198970	2020-08-21 00:00:00 UTC	PRJNA543864	93	268	public	10090.0
SRR9093851	OTHER	public	SRX5869281	Illumina NovaSeq 6000	ILLUMINA	SRS4792401	SAMN11786298	Mus musculus	SRP198970	2020-08-21 00:00:00 UTC	PRJNA543864	182	526	public	10090.0
SRR9093852	OTHER	public	SRX5869282	Illumina NovaSeq 6000	ILLUMINA	SRS4792399	SAMN11786297	Mus musculus	SRP198970	2020-08-21 00:00:00 UTC	PRJNA543864	256	739	public	10090.0
SRR9093853	OTHER	public	SRX5869283	Illumina NovaSeq 6000	ILLUMINA	SRS4792400	SAMN11786296	Mus musculus	SRP198970	2020-08-21 00:00:00 UTC	PRJNA543864	191	557	public	10090.0
SRR9093854	OTHER	public	SRX5869284	Illumina NovaSeq 6000	ILLUMINA	SRS4792402	SAMN11786295	Mus musculus	SRP198970	2020-08-21 00:00:00 UTC	PRJNA543864	216	624	public	10090.0
SRR9093855	OTHER	public	SRX5869285	Illumina NovaSeq 6000	ILLUMINA	SRS4792404	SAMN11786294	Mus musculus	SRP198970	2020-08-21 00:00:00 UTC	PRJNA543864	274	794	public	10090.0
SRR9093856	OTHER	public	SRX5869286	Illumina NovaSeq 6000	ILLUMINA	SRS4792403	SAMN11786293	Mus musculus	SRP198970	2020-08-21 00:00:00 UTC	PRJNA543864	302	852	public	10090.0
SRR9093857	OTHER	public	SRX5869287	Illumina NovaSeq 6000	ILLUMINA	SRS4792405	SAMN11786292	Mus musculus	SRP198970	2020-08-21 00:00:00 UTC	PRJNA543864	280	789	public	10090.0
SRR9093858	OTHER	public	SRX5869304	Illumina NovaSeq 6000	ILLUMINA	SRS4792421	SAMN11786335	Mus musculus	SRP198970	2020-08-21 00:00:00 UTC	PRJNA543864	275	779	public	10090.0
SRR9093859	OTHER	public	SRX5869305	Illumina NovaSeq 6000	ILLUMINA	SRS4792424	SAMN11786334	Mus musculus	SRP198970	2020-08-21 00:00:00 UTC	PRJNA543864	246	712	public	10090.0
SRR9093860	OTHER	public	SRX5869306	Illumina NovaSeq 6000	ILLUMINA	SRS4792423	SAMN11786249	Mus musculus	SRP198970	2020-08-21 00:00:00 UTC	PRJNA543864	897	2586	public	10090.0
SRR9093861	OTHER	public	SRX5869307	Illumina NovaSeq 6000	ILLUMINA	SRS4792425	SAMN11786248	Mus musculus	SRP198970	2020-08-21 00:00:00 UTC	PRJNA543864	429	1189	public	10090.0
SRR9093862	OTHER	public	SRX5869308	Illumina NovaSeq 6000	ILLUMINA	SRS4792426	SAMN11786247	Mus musculus	SRP198970	2020-08-21 00:00:00 UTC	PRJNA543864	419	1177	public	10090.0
SRR9093863	OTHER	public	SRX5869309	Illumina NovaSeq 6000	ILLUMINA	SRS4792428	SAMN11786246	Mus musculus	SRP198970	2020-08-21 00:00:00 UTC	PRJNA543864	729	2046	public	10090.0
SRR9093864	OTHER	public	SRX5869310	Illumina NovaSeq 6000	ILLUMINA	SRS4792427	SAMN11786245	Mus musculus	SRP198970	2020-08-21 00:00:00 UTC	PRJNA543864	364	1025	public	10090.0
SRR9093865	OTHER	public	SRX5869311	Illumina NovaSeq 6000	ILLUMINA	SRS4792429	SAMN11786244	Mus musculus	SRP198970	2020-08-21 00:00:00 UTC	PRJNA543864	445	1216	public	10090.0
SRR9093866	OTHER	public	SRX5869312	Illumina NovaSeq 6000	ILLUMINA	SRS4792431	SAMN11786243	Mus musculus	SRP198970	2020-08-21 00:00:00 UTC	PRJNA543864	347	977	public	10090.0
SRR9093867	OTHER	public	SRX5869313	Illumina NovaSeq 6000	ILLUMINA	SRS4792432	SAMN11786291	Mus musculus	SRP198970	2020-08-21 00:00:00 UTC	PRJNA543864	543	1542	public	10090.0
SRR9093868	OTHER	public	SRX5869314	Illumina NovaSeq 6000	ILLUMINA	SRS4792430	SAMN11786290	Mus musculus	SRP198970	2020-08-21 00:00:00 UTC	PRJNA543864	341	955	public	10090.0
SRR9093869	OTHER	public	SRX5869315	Illumina NovaSeq 6000	ILLUMINA	SRS4792434	SAMN11786289	Mus musculus	SRP198970	2020-08-21 00:00:00 UTC	PRJNA543864	881	2468	public	10090.0
SRR9093870	OTHER	public	SRX5869316	Illumina NovaSeq 6000	ILLUMINA	SRS4792433	SAMN11786288	Mus musculus	SRP198970	2020-08-21 00:00:00 UTC	PRJNA543864	803	2258	public	10090.0
SRR9093871	OTHER	public	SRX5869317	Illumina NovaSeq 6000	ILLUMINA	SRS4792435	SAMN11786287	Mus musculus	SRP198970	2020-08-21 00:00:00 UTC	PRJNA543864	762	2143	public	10090.0
SRR9093872	OTHER	public	SRX5869318	Illumina NovaSeq 6000	ILLUMINA	SRS4792436	SAMN11786286	Mus musculus	SRP198970	2020-08-21 00:00:00 UTC	PRJNA543864	741	2097	public	10090.0
SRR9093873	OTHER	public	SRX5869319	Illumina NovaSeq 6000	ILLUMINA	SRS4792437	SAMN11786285	Mus musculus	SRP198970	2020-08-21 00:00:00 UTC	PRJNA543864	746	2078	public	10090.0
SRR9093874	OTHER	public	SRX5869336	Illumina NovaSeq 6000	ILLUMINA	SRS4792453	SAMN11786284	Mus musculus	SRP198970	2020-08-21 00:00:00 UTC	PRJNA543864	783	2204	public	10090.0
SRR9093875	OTHER	public	SRX5869337	Illumina NovaSeq 6000	ILLUMINA	SRS4792454	SAMN11786283	Mus musculus	SRP198970	2020-08-21 00:00:00 UTC	PRJNA543864	644	1818	public	10090.0
SRR9093876	OTHER	public	SRX5869338	Illumina NovaSeq 6000	ILLUMINA	SRS4792457	SAMN11786279	Mus musculus	SRP198970	2020-08-21 00:00:00 UTC	PRJNA543864	678	1886	public	10090.0
SRR9093877	OTHER	public	SRX5869339	Illumina NovaSeq 6000	ILLUMINA	SRS4792456	SAMN11786278	Mus musculus	SRP198970	2020-08-21 00:00:00 UTC	PRJNA543864	635	1785	public	10090.0
SRR9093878	OTHER	public	SRX5869340	Illumina NovaSeq 6000	ILLUMINA	SRS4792460	SAMN11786282	Mus musculus	SRP198970	2020-08-21 00:00:00 UTC	PRJNA543864	134	371	public	10090.0
SRR9093879	OTHER	public	SRX5869341	Illumina NovaSeq 6000	ILLUMINA	SRS4792459	SAMN11786281	Mus musculus	SRP198970	2020-08-21 00:00:00 UTC	PRJNA543864	591	1658	public	10090.0
SRR9093880	OTHER	public	SRX5869342	Illumina NovaSeq 6000	ILLUMINA	SRS4792458	SAMN11786280	Mus musculus	SRP198970	2020-08-21 00:00:00 UTC	PRJNA543864	720	2011	public	10090.0
SRR9093881	OTHER	public	SRX5869343	Illumina NovaSeq 6000	ILLUMINA	SRS4792461	SAMN11786277	Mus musculus	SRP198970	2020-08-21 00:00:00 UTC	PRJNA543864	119	336	public	10090.0
SRR9093882	OTHER	public	SRX5869344	Illumina NovaSeq 6000	ILLUMINA	SRS4792462	SAMN11786276	Mus musculus	SRP198970	2020-08-21 00:00:00 UTC	PRJNA543864	127	355	public	10090.0
SRR9093883	OTHER	public	SRX5869345	Illumina NovaSeq 6000	ILLUMINA	SRS4792463	SAMN11786275	Mus musculus	SRP198970	2020-08-21 00:00:00 UTC	PRJNA543864	262	729	public	10090.0
SRR9093884	OTHER	public	SRX5869346	Illumina NovaSeq 6000	ILLUMINA	SRS4792464	SAMN11786274	Mus musculus	SRP198970	2020-08-21 00:00:00 UTC	PRJNA543864	120	337	public	10090.0
SRR9093885	OTHER	public	SRX5869347	Illumina NovaSeq 6000	ILLUMINA	SRS4792466	SAMN11786273	Mus musculus	SRP198970	2020-08-21 00:00:00 UTC	PRJNA543864	537	1510	public	10090.0
SRR9093886	OTHER	public	SRX5869348	Illumina NovaSeq 6000	ILLUMINA	SRS4792465	SAMN11786272	Mus musculus	SRP198970	2020-08-21 00:00:00 UTC	PRJNA543864	97	277	public	10090.0
SRR9093887	OTHER	public	SRX5869349	Illumina NovaSeq 6000	ILLUMINA	SRS4792467	SAMN11786271	Mus musculus	SRP198970	2020-08-21 00:00:00 UTC	PRJNA543864	134	374	public	10090.0
SRR9093888	OTHER	public	SRX5869350	Illumina NovaSeq 6000	ILLUMINA	SRS4792468	SAMN11786270	Mus musculus	SRP198970	2020-08-21 00:00:00 UTC	PRJNA543864	114	326	public	10090.0
SRR9093889	OTHER	public	SRX5869351	Illumina NovaSeq 6000	ILLUMINA	SRS4792469	SAMN11786269	Mus musculus	SRP198970	2020-08-21 00:00:00 UTC	PRJNA543864	106	299	public	10090.0
SRR9093890	OTHER	public	SRX5869368	Illumina NovaSeq 6000	ILLUMINA	SRS4792487	SAMN11786231	Mus musculus	SRP198970	2020-08-21 00:00:00 UTC	PRJNA543864	110	316	public	10090.0
SRR9093891	OTHER	public	SRX5869369	Illumina NovaSeq 6000	ILLUMINA	SRS4792485	SAMN11786230	Mus musculus	SRP198970	2020-08-21 00:00:00 UTC	PRJNA543864	107	305	public	10090.0
SRR9093892	OTHER	public	SRX5869370	Illumina NovaSeq 6000	ILLUMINA	SRS4792489	SAMN11786229	Mus musculus	SRP198970	2020-08-21 00:00:00 UTC	PRJNA543864	116	331	public	10090.0
SRR9093893	OTHER	public	SRX5869371	Illumina NovaSeq 6000	ILLUMINA	SRS4792488	SAMN11786228	Mus musculus	SRP198970	2020-08-21 00:00:00 UTC	PRJNA543864	107	306	public	10090.0
SRR9093894	OTHER	public	SRX5869372	Illumina NovaSeq 6000	ILLUMINA	SRS4792491	SAMN11786227	Mus musculus	SRP198970	2020-08-21 00:00:00 UTC	PRJNA543864	108	312	public	10090.0
SRR9093895	OTHER	public	SRX5869373	Illumina NovaSeq 6000	ILLUMINA	SRS4792490	SAMN11786226	Mus musculus	SRP198970	2020-08-21 00:00:00 UTC	PRJNA543864	113	322	public	10090.0
SRR9093896	OTHER	public	SRX5869374	Illumina NovaSeq 6000	ILLUMINA	SRS4792492	SAMN11786225	Mus musculus	SRP198970	2020-08-21 00:00:00 UTC	PRJNA543864	206	587	public	10090.0
SRR9093897	OTHER	public	SRX5869375	Illumina NovaSeq 6000	ILLUMINA	SRS4792493	SAMN11786224	Mus musculus	SRP198970	2020-08-21 00:00:00 UTC	PRJNA543864	124	349	public	10090.0
SRR9093898	OTHER	public	SRX5869376	Illumina NovaSeq 6000	ILLUMINA	SRS4792494	SAMN11786223	Mus musculus	SRP198970	2020-08-21 00:00:00 UTC	PRJNA543864	119	334	public	10090.0
SRR9093899	OTHER	public	SRX5869377	Illumina NovaSeq 6000	ILLUMINA	SRS4792495	SAMN11786222	Mus musculus	SRP198970	2020-08-21 00:00:00 UTC	PRJNA543864	126	357	public	10090.0
SRR9093900	OTHER	public	SRX5869378	Illumina NovaSeq 6000	ILLUMINA	SRS4792496	SAMN11786221	Mus musculus	SRP198970	2020-08-21 00:00:00 UTC	PRJNA543864	117	331	public	10090.0
SRR9093901	OTHER	public	SRX5869379	Illumina NovaSeq 6000	ILLUMINA	SRS4792497	SAMN11786220	Mus musculus	SRP198970	2020-08-21 00:00:00 UTC	PRJNA543864	101	288	public	10090.0
SRR9093902	OTHER	public	SRX5869380	Illumina NovaSeq 6000	ILLUMINA	SRS4792499	SAMN11786267	Mus musculus	SRP198970	2020-08-21 00:00:00 UTC	PRJNA543864	106	303	public	10090.0
SRR9093903	OTHER	public	SRX5869381	Illumina NovaSeq 6000	ILLUMINA	SRS4792498	SAMN11786266	Mus musculus	SRP198970	2020-08-21 00:00:00 UTC	PRJNA543864	170	483	public	10090.0
SRR9093904	OTHER	public	SRX5869382	Illumina NovaSeq 6000	ILLUMINA	SRS4792501	SAMN11786265	Mus musculus	SRP198970	2020-08-21 00:00:00 UTC	PRJNA543864	163	459	public	10090.0
SRR9093905	OTHER	public	SRX5869383	Illumina NovaSeq 6000	ILLUMINA	SRS4792500	SAMN11786264	Mus musculus	SRP198970	2020-08-21 00:00:00 UTC	PRJNA543864	106	304	public	10090.0
SRR9093906	OTHER	public	SRX5869400	Illumina NovaSeq 6000	ILLUMINA	SRS4792520	SAMN11786263	Mus musculus	SRP198970	2020-08-21 00:00:00 UTC	PRJNA543864	201	558	public	10090.0
SRR9093907	OTHER	public	SRX5869401	Illumina NovaSeq 6000	ILLUMINA	SRS4792519	SAMN11786262	Mus musculus	SRP198970	2020-08-21 00:00:00 UTC	PRJNA543864	189	533	public	10090.0
SRR9093908	OTHER	public	SRX5869402	Illumina NovaSeq 6000	ILLUMINA	SRS4792517	SAMN11786261	Mus musculus	SRP198970	2020-08-21 00:00:00 UTC	PRJNA543864	162	463	public	10090.0
SRR9093909	OTHER	public	SRX5869403	Illumina NovaSeq 6000	ILLUMINA	SRS4792521	SAMN11786260	Mus musculus	SRP198970	2020-08-21 00:00:00 UTC	PRJNA543864	145	417	public	10090.0
SRR9093910	OTHER	public	SRX5869404	Illumina NovaSeq 6000	ILLUMINA	SRS4792522	SAMN11786259	Mus musculus	SRP198970	2020-08-21 00:00:00 UTC	PRJNA543864	168	480	public	10090.0
SRR9093911	OTHER	public	SRX5869405	Illumina NovaSeq 6000	ILLUMINA	SRS4792524	SAMN11786258	Mus musculus	SRP198970	2020-08-21 00:00:00 UTC	PRJNA543864	59	166	public	10090.0
SRR9093912	OTHER	public	SRX5869406	Illumina NovaSeq 6000	ILLUMINA	SRS4792523	SAMN11786257	Mus musculus	SRP198970	2020-08-21 00:00:00 UTC	PRJNA543864	100	278	public	10090.0
SRR9093913	OTHER	public	SRX5869407	Illumina NovaSeq 6000	ILLUMINA	SRS4792525	SAMN11786256	Mus musculus	SRP198970	2020-08-21 00:00:00 UTC	PRJNA543864	140	382	public	10090.0
SRR9093914	OTHER	public	SRX5868872	Illumina NovaSeq 6000	ILLUMINA	SRS4791990	SAMN11786059	Mus musculus	SRP198970	2020-08-21 00:00:00 UTC	PRJNA543864	264	753	public	10090.0
SRR9093915	OTHER	public	SRX5868873	Illumina NovaSeq 6000	ILLUMINA	SRS4791991	SAMN11786058	Mus musculus	SRP198970	2020-08-21 00:00:00 UTC	PRJNA543864	97	273	public	10090.0
SRR9093916	OTHER	public	SRX5868874	Illumina NovaSeq 6000	ILLUMINA	SRS4791992	SAMN11786057	Mus musculus	SRP198970	2020-08-21 00:00:00 UTC	PRJNA543864	457	1284	public	10090.0
SRR9093917	OTHER	public	SRX5868875	Illumina NovaSeq 6000	ILLUMINA	SRS4791993	SAMN11786056	Mus musculus	SRP198970	2020-08-21 00:00:00 UTC	PRJNA543864	592	1662	public	10090.0
SRR9093918	OTHER	public	SRX5868876	Illumina NovaSeq 6000	ILLUMINA	SRS4791994	SAMN11786104	Mus musculus	SRP198970	2020-08-21 00:00:00 UTC	PRJNA543864	534	1500	public	10090.0
SRR9093919	OTHER	public	SRX5868877	Illumina NovaSeq 6000	ILLUMINA	SRS4791996	SAMN11786103	Mus musculus	SRP198970	2020-08-21 00:00:00 UTC	PRJNA543864	513	1443	public	10090.0
SRR9093920	OTHER	public	SRX5868878	Illumina NovaSeq 6000	ILLUMINA	SRS4791997	SAMN11786102	Mus musculus	SRP198970	2020-08-21 00:00:00 UTC	PRJNA543864	502	1419	public	10090.0
SRR9093921	OTHER	public	SRX5868879	Illumina NovaSeq 6000	ILLUMINA	SRS4791995	SAMN11786101	Mus musculus	SRP198970	2020-08-21 00:00:00 UTC	PRJNA543864	443	1246	public	10090.0
SRR9093922	OTHER	public	SRX5868880	Illumina NovaSeq 6000	ILLUMINA	SRS4791998	SAMN11786100	Mus musculus	SRP198970	2020-08-21 00:00:00 UTC	PRJNA543864	338	954	public	10090.0
SRR9093923	OTHER	public	SRX5868881	Illumina NovaSeq 6000	ILLUMINA	SRS4792000	SAMN11786099	Mus musculus	SRP198970	2020-08-21 00:00:00 UTC	PRJNA543864	442	1251	public	10090.0
SRR9093924	OTHER	public	SRX5868882	Illumina NovaSeq 6000	ILLUMINA	SRS4791999	SAMN11786098	Mus musculus	SRP198970	2020-08-21 00:00:00 UTC	PRJNA543864	452	1281	public	10090.0
SRR9093925	OTHER	public	SRX5868883	Illumina NovaSeq 6000	ILLUMINA	SRS4792001	SAMN11786097	Mus musculus	SRP198970	2020-08-21 00:00:00 UTC	PRJNA543864	403	1143	public	10090.0
SRR9093926	OTHER	public	SRX5868884	Illumina NovaSeq 6000	ILLUMINA	SRS4792002	SAMN11786096	Mus musculus	SRP198970	2020-08-21 00:00:00 UTC	PRJNA543864	417	1179	public	10090.0
SRR9093927	OTHER	public	SRX5868885	Illumina NovaSeq 6000	ILLUMINA	SRS4792003	SAMN11786095	Mus musculus	SRP198970	2020-08-21 00:00:00 UTC	PRJNA543864	406	1158	public	10090.0
SRR9093928	OTHER	public	SRX5868886	Illumina NovaSeq 6000	ILLUMINA	SRS4792004	SAMN11786094	Mus musculus	SRP198970	2020-08-21 00:00:00 UTC	PRJNA543864	389	1115	public	10090.0
SRR9093929	OTHER	public	SRX5868887	Illumina NovaSeq 6000	ILLUMINA	SRS4792005	SAMN11786093	Mus musculus	SRP198970	2020-08-21 00:00:00 UTC	PRJNA543864	206	571	public	10090.0
SRR9093930	OTHER	public	SRX5868904	Illumina NovaSeq 6000	ILLUMINA	SRS4792023	SAMN11786092	Mus musculus	SRP198970	2020-08-21 00:00:00 UTC	PRJNA543864	145	402	public	10090.0
SRR9093931	OTHER	public	SRX5868905	Illumina NovaSeq 6000	ILLUMINA	SRS4792022	SAMN11786091	Mus musculus	SRP198970	2020-08-21 00:00:00 UTC	PRJNA543864	210	584	public	10090.0
SRR9093932	OTHER	public	SRX5868906	Illumina NovaSeq 6000	ILLUMINA	SRS4792024	SAMN11786090	Mus musculus	SRP198970	2020-08-21 00:00:00 UTC	PRJNA543864	166	464	public	10090.0
SRR9093933	OTHER	public	SRX5868907	Illumina NovaSeq 6000	ILLUMINA	SRS4792025	SAMN11786089	Mus musculus	SRP198970	2020-08-21 00:00:00 UTC	PRJNA543864	228	634	public	10090.0
SRR9093934	OTHER	public	SRX5868908	Illumina NovaSeq 6000	ILLUMINA	SRS4792026	SAMN11786088	Mus musculus	SRP198970	2020-08-21 00:00:00 UTC	PRJNA543864	209	578	public	10090.0
SRR9093935	OTHER	public	SRX5868909	Illumina NovaSeq 6000	ILLUMINA	SRS4792027	SAMN11786087	Mus musculus	SRP198970	2020-08-21 00:00:00 UTC	PRJNA543864	199	552	public	10090.0
SRR9093936	OTHER	public	SRX5868910	Illumina NovaSeq 6000	ILLUMINA	SRS4792028	SAMN11786086	Mus musculus	SRP198970	2020-08-21 00:00:00 UTC	PRJNA543864	185	516	public	10090.0
SRR9093937	OTHER	public	SRX5868911	Illumina NovaSeq 6000	ILLUMINA	SRS4792029	SAMN11786085	Mus musculus	SRP198970	2020-08-21 00:00:00 UTC	PRJNA543864	221	612	public	10090.0
SRR9093938	OTHER	public	SRX5868912	Illumina NovaSeq 6000	ILLUMINA	SRS4792031	SAMN11786084	Mus musculus	SRP198970	2020-08-21 00:00:00 UTC	PRJNA543864	76	212	public	10090.0
SRR9093939	OTHER	public	SRX5868913	Illumina NovaSeq 6000	ILLUMINA	SRS4792030	SAMN11786128	Mus musculus	SRP198970	2020-08-21 00:00:00 UTC	PRJNA543864	261	721	public	10090.0
SRR9093940	OTHER	public	SRX5868914	Illumina NovaSeq 6000	ILLUMINA	SRS4792032	SAMN11786127	Mus musculus	SRP198970	2020-08-21 00:00:00 UTC	PRJNA543864	265	739	public	10090.0
SRR9093941	OTHER	public	SRX5868915	Illumina NovaSeq 6000	ILLUMINA	SRS4792033	SAMN11786120	Mus musculus	SRP198970	2020-08-21 00:00:00 UTC	PRJNA543864	228	640	public	10090.0
SRR9093942	OTHER	public	SRX5868916	Illumina NovaSeq 6000	ILLUMINA	SRS4792034	SAMN11786126	Mus musculus	SRP198970	2020-08-21 00:00:00 UTC	PRJNA543864	154	433	public	10090.0
SRR9093943	OTHER	public	SRX5868917	Illumina NovaSeq 6000	ILLUMINA	SRS4792035	SAMN11786125	Mus musculus	SRP198970	2020-08-21 00:00:00 UTC	PRJNA543864	174	487	public	10090.0
SRR9093944	OTHER	public	SRX5868918	Illumina NovaSeq 6000	ILLUMINA	SRS4792036	SAMN11786124	Mus musculus	SRP198970	2020-08-21 00:00:00 UTC	PRJNA543864	67	190	public	10090.0
SRR9093945	OTHER	public	SRX5868919	Illumina NovaSeq 6000	ILLUMINA	SRS4792037	SAMN11786123	Mus musculus	SRP198970	2020-08-21 00:00:00 UTC	PRJNA543864	134	379	public	10090.0
SRR9093946	OTHER	public	SRX5868936	Illumina NovaSeq 6000	ILLUMINA	SRS4792054	SAMN11786122	Mus musculus	SRP198970	2020-08-21 00:00:00 UTC	PRJNA543864	128	357	public	10090.0
SRR9093947	OTHER	public	SRX5868937	Illumina NovaSeq 6000	ILLUMINA	SRS4792055	SAMN11786121	Mus musculus	SRP198970	2020-08-21 00:00:00 UTC	PRJNA543864	214	605	public	10090.0
SRR9093948	OTHER	public	SRX5868938	Illumina NovaSeq 6000	ILLUMINA	SRS4792056	SAMN11786119	Mus musculus	SRP198970	2020-08-21 00:00:00 UTC	PRJNA543864	165	465	public	10090.0
SRR9093949	OTHER	public	SRX5868939	Illumina NovaSeq 6000	ILLUMINA	SRS4792057	SAMN11786118	Mus musculus	SRP198970	2020-08-21 00:00:00 UTC	PRJNA543864	157	441	public	10090.0
SRR9093950	OTHER	public	SRX5868940	Illumina NovaSeq 6000	ILLUMINA	SRS4792058	SAMN11786117	Mus musculus	SRP198970	2020-08-21 00:00:00 UTC	PRJNA543864	147	415	public	10090.0
SRR9093951	OTHER	public	SRX5868941	Illumina NovaSeq 6000	ILLUMINA	SRS4792059	SAMN11786116	Mus musculus	SRP198970	2020-08-21 00:00:00 UTC	PRJNA543864	156	437	public	10090.0
SRR9093952	OTHER	public	SRX5868942	Illumina NovaSeq 6000	ILLUMINA	SRS4792060	SAMN11786115	Mus musculus	SRP198970	2020-08-21 00:00:00 UTC	PRJNA543864	147	417	public	10090.0
SRR9093953	OTHER	public	SRX5868943	Illumina NovaSeq 6000	ILLUMINA	SRS4792061	SAMN11786114	Mus musculus	SRP198970	2020-08-21 00:00:00 UTC	PRJNA543864	131	372	public	10090.0
SRR9093954	OTHER	public	SRX5868944	Illumina NovaSeq 6000	ILLUMINA	SRS4792062	SAMN11786113	Mus musculus	SRP198970	2020-08-21 00:00:00 UTC	PRJNA543864	212	597	public	10090.0
SRR9093955	OTHER	public	SRX5868945	Illumina NovaSeq 6000	ILLUMINA	SRS4792064	SAMN11786112	Mus musculus	SRP198970	2020-08-21 00:00:00 UTC	PRJNA543864	204	575	public	10090.0
SRR9093956	OTHER	public	SRX5868946	Illumina NovaSeq 6000	ILLUMINA	SRS4792063	SAMN11786111	Mus musculus	SRP198970	2020-08-21 00:00:00 UTC	PRJNA543864	250	707	public	10090.0
SRR9093957	OTHER	public	SRX5868947	Illumina NovaSeq 6000	ILLUMINA	SRS4792065	SAMN11786110	Mus musculus	SRP198970	2020-08-21 00:00:00 UTC	PRJNA543864	263	741	public	10090.0
SRR9093958	OTHER	public	SRX5868948	Illumina NovaSeq 6000	ILLUMINA	SRS4792066	SAMN11786109	Mus musculus	SRP198970	2020-08-21 00:00:00 UTC	PRJNA543864	240	681	public	10090.0
SRR9093959	OTHER	public	SRX5868949	Illumina NovaSeq 6000	ILLUMINA	SRS4792067	SAMN11786108	Mus musculus	SRP198970	2020-08-21 00:00:00 UTC	PRJNA543864	240	672	public	10090.0
SRR9093960	OTHER	public	SRX5868950	Illumina NovaSeq 6000	ILLUMINA	SRS4792068	SAMN11786107	Mus musculus	SRP198970	2020-08-21 00:00:00 UTC	PRJNA543864	218	618	public	10090.0
SRR9093961	OTHER	public	SRX5868951	Illumina NovaSeq 6000	ILLUMINA	SRS4792069	SAMN11786106	Mus musculus	SRP198970	2020-08-21 00:00:00 UTC	PRJNA543864	178	504	public	10090.0
SRR9093962	OTHER	public	SRX5868968	Illumina NovaSeq 6000	ILLUMINA	SRS4792086	SAMN11786105	Mus musculus	SRP198970	2020-08-21 00:00:00 UTC	PRJNA543864	511	1457	public	10090.0
SRR9093963	OTHER	public	SRX5868969	Illumina NovaSeq 6000	ILLUMINA	SRS4792087	SAMN11786156	Mus musculus	SRP198970	2020-08-21 00:00:00 UTC	PRJNA543864	382	1086	public	10090.0
SRR9093964	OTHER	public	SRX5868970	Illumina NovaSeq 6000	ILLUMINA	SRS4792088	SAMN11786155	Mus musculus	SRP198970	2020-08-21 00:00:00 UTC	PRJNA543864	435	1247	public	10090.0
SRR9093965	OTHER	public	SRX5868971	Illumina NovaSeq 6000	ILLUMINA	SRS4792089	SAMN11786154	Mus musculus	SRP198970	2020-08-21 00:00:00 UTC	PRJNA543864	409	1173	public	10090.0
SRR9093966	OTHER	public	SRX5868972	Illumina NovaSeq 6000	ILLUMINA	SRS4792090	SAMN11786153	Mus musculus	SRP198970	2020-08-21 00:00:00 UTC	PRJNA543864	293	837	public	10090.0
SRR9093967	OTHER	public	SRX5868973	Illumina NovaSeq 6000	ILLUMINA	SRS4792091	SAMN11786152	Mus musculus	SRP198970	2020-08-21 00:00:00 UTC	PRJNA543864	410	1174	public	10090.0
SRR9093968	OTHER	public	SRX5868974	Illumina NovaSeq 6000	ILLUMINA	SRS4792092	SAMN11786151	Mus musculus	SRP198970	2020-08-21 00:00:00 UTC	PRJNA543864	364	1047	public	10090.0
SRR9093969	OTHER	public	SRX5868975	Illumina NovaSeq 6000	ILLUMINA	SRS4792093	SAMN11786150	Mus musculus	SRP198970	2020-08-21 00:00:00 UTC	PRJNA543864	141	393	public	10090.0
SRR9093970	OTHER	public	SRX5868976	Illumina NovaSeq 6000	ILLUMINA	SRS4792094	SAMN11785940	Mus musculus	SRP198970	2020-08-21 00:00:00 UTC	PRJNA543864	132	369	public	10090.0
SRR9093971	OTHER	public	SRX5868977	Illumina NovaSeq 6000	ILLUMINA	SRS4792095	SAMN11785939	Mus musculus	SRP198970	2020-08-21 00:00:00 UTC	PRJNA543864	143	400	public	10090.0
SRR9093972	OTHER	public	SRX5868978	Illumina NovaSeq 6000	ILLUMINA	SRS4792096	SAMN11786149	Mus musculus	SRP198970	2020-08-21 00:00:00 UTC	PRJNA543864	140	393	public	10090.0
SRR9093973	OTHER	public	SRX5868979	Illumina NovaSeq 6000	ILLUMINA	SRS4792097	SAMN11786148	Mus musculus	SRP198970	2020-08-21 00:00:00 UTC	PRJNA543864	252	708	public	10090.0
SRR9093974	OTHER	public	SRX5868980	Illumina NovaSeq 6000	ILLUMINA	SRS4792098	SAMN11785944	Mus musculus	SRP198970	2020-08-21 00:00:00 UTC	PRJNA543864	127	355	public	10090.0
SRR9093975	OTHER	public	SRX5868981	Illumina NovaSeq 6000	ILLUMINA	SRS4792099	SAMN11785943	Mus musculus	SRP198970	2020-08-21 00:00:00 UTC	PRJNA543864	102	287	public	10090.0
SRR9093976	OTHER	public	SRX5868982	Illumina NovaSeq 6000	ILLUMINA	SRS4792100	SAMN11785942	Mus musculus	SRP198970	2020-08-21 00:00:00 UTC	PRJNA543864	124	350	public	10090.0
SRR9093977	OTHER	public	SRX5868983	Illumina NovaSeq 6000	ILLUMINA	SRS4792101	SAMN11785941	Mus musculus	SRP198970	2020-08-21 00:00:00 UTC	PRJNA543864	138	373	public	10090.0
SRR9093978	OTHER	public	SRX5869000	Illumina NovaSeq 6000	ILLUMINA	SRS4792118	SAMN11785936	Mus musculus	SRP198970	2020-08-21 00:00:00 UTC	PRJNA543864	132	357	public	10090.0
SRR9093979	OTHER	public	SRX5869001	Illumina NovaSeq 6000	ILLUMINA	SRS4792119	SAMN11785935	Mus musculus	SRP198970	2020-08-21 00:00:00 UTC	PRJNA543864	123	333	public	10090.0
SRR9093980	OTHER	public	SRX5869002	Illumina NovaSeq 6000	ILLUMINA	SRS4792120	SAMN11785934	Mus musculus	SRP198970	2020-08-21 00:00:00 UTC	PRJNA543864	124	337	public	10090.0
SRR9093981	OTHER	public	SRX5869003	Illumina NovaSeq 6000	ILLUMINA	SRS4792121	SAMN11785933	Mus musculus	SRP198970	2020-08-21 00:00:00 UTC	PRJNA543864	138	374	public	10090.0
SRR9093982	OTHER	public	SRX5869004	Illumina NovaSeq 6000	ILLUMINA	SRS4792122	SAMN11785932	Mus musculus	SRP198970	2020-08-21 00:00:00 UTC	PRJNA543864	152	419	public	10090.0
SRR9093983	OTHER	public	SRX5869005	Illumina NovaSeq 6000	ILLUMINA	SRS4792123	SAMN11785938	Mus musculus	SRP198970	2020-08-21 00:00:00 UTC	PRJNA543864	135	368	public	10090.0
SRR9093984	OTHER	public	SRX5869006	Illumina NovaSeq 6000	ILLUMINA	SRS4792124	SAMN11785937	Mus musculus	SRP198970	2020-08-21 00:00:00 UTC	PRJNA543864	131	357	public	10090.0
SRR9093985	OTHER	public	SRX5869007	Illumina NovaSeq 6000	ILLUMINA	SRS4792125	SAMN11785931	Mus musculus	SRP198970	2020-08-21 00:00:00 UTC	PRJNA543864	77	218	public	10090.0
SRR9093986	OTHER	public	SRX5869008	Illumina NovaSeq 6000	ILLUMINA	SRS4792126	SAMN11785930	Mus musculus	SRP198970	2020-08-21 00:00:00 UTC	PRJNA543864	74	211	public	10090.0
SRR9093987	OTHER	public	SRX5869009	Illumina NovaSeq 6000	ILLUMINA	SRS4792127	SAMN11785929	Mus musculus	SRP198970	2020-08-21 00:00:00 UTC	PRJNA543864	91	257	public	10090.0
SRR9093988	OTHER	public	SRX5869010	Illumina NovaSeq 6000	ILLUMINA	SRS4792128	SAMN11785928	Mus musculus	SRP198970	2020-08-21 00:00:00 UTC	PRJNA543864	79	224	public	10090.0
SRR9093989	OTHER	public	SRX5869011	Illumina NovaSeq 6000	ILLUMINA	SRS4792129	SAMN11785927	Mus musculus	SRP198970	2020-08-21 00:00:00 UTC	PRJNA543864	87	247	public	10090.0
SRR9093990	OTHER	public	SRX5869012	Illumina NovaSeq 6000	ILLUMINA	SRS4792130	SAMN11785926	Mus musculus	SRP198970	2020-08-21 00:00:00 UTC	PRJNA543864	79	226	public	10090.0
SRR9093991	OTHER	public	SRX5869013	Illumina NovaSeq 6000	ILLUMINA	SRS4792131	SAMN11785925	Mus musculus	SRP198970	2020-08-21 00:00:00 UTC	PRJNA543864	79	223	public	10090.0
SRR9093992	OTHER	public	SRX5869014	Illumina NovaSeq 6000	ILLUMINA	SRS4792132	SAMN11785924	Mus musculus	SRP198970	2020-08-21 00:00:00 UTC	PRJNA543864	73	210	public	10090.0
SRR9093993	OTHER	public	SRX5869015	Illumina NovaSeq 6000	ILLUMINA	SRS4792133	SAMN11785923	Mus musculus	SRP198970	2020-08-21 00:00:00 UTC	PRJNA543864	187	525	public	10090.0
SRR9093994	OTHER	public	SRX5869032	Illumina NovaSeq 6000	ILLUMINA	SRS4792150	SAMN11785922	Mus musculus	SRP198970	2020-08-21 00:00:00 UTC	PRJNA543864	163	459	public	10090.0
SRR9093995	OTHER	public	SRX5869033	Illumina NovaSeq 6000	ILLUMINA	SRS4792151	SAMN11785987	Mus musculus	SRP198970	2020-08-21 00:00:00 UTC	PRJNA543864	185	522	public	10090.0
SRR9093996	OTHER	public	SRX5869034	Illumina NovaSeq 6000	ILLUMINA	SRS4792152	SAMN11785986	Mus musculus	SRP198970	2020-08-21 00:00:00 UTC	PRJNA543864	199	564	public	10090.0
SRR9093997	OTHER	public	SRX5869035	Illumina NovaSeq 6000	ILLUMINA	SRS4792153	SAMN11785985	Mus musculus	SRP198970	2020-08-21 00:00:00 UTC	PRJNA543864	174	493	public	10090.0
SRR9093998	OTHER	public	SRX5869036	Illumina NovaSeq 6000	ILLUMINA	SRS4792155	SAMN11785984	Mus musculus	SRP198970	2020-08-21 00:00:00 UTC	PRJNA543864	187	525	public	10090.0
SRR9093999	OTHER	public	SRX5869037	Illumina NovaSeq 6000	ILLUMINA	SRS4792154	SAMN11785983	Mus musculus	SRP198970	2020-08-21 00:00:00 UTC	PRJNA543864	158	449	public	10090.0
SRR9094000	OTHER	public	SRX5869038	Illumina NovaSeq 6000	ILLUMINA	SRS4792156	SAMN11785951	Mus musculus	SRP198970	2020-08-21 00:00:00 UTC	PRJNA543864	148	424	public	10090.0
SRR9094001	OTHER	public	SRX5869039	Illumina NovaSeq 6000	ILLUMINA	SRS4792157	SAMN11785949	Mus musculus	SRP198970	2020-08-21 00:00:00 UTC	PRJNA543864	366	1019	public	10090.0
SRR9094002	OTHER	public	SRX5869040	Illumina NovaSeq 6000	ILLUMINA	SRS4792158	SAMN11785948	Mus musculus	SRP198970	2020-08-21 00:00:00 UTC	PRJNA543864	327	912	public	10090.0
SRR9094003	OTHER	public	SRX5869041	Illumina NovaSeq 6000	ILLUMINA	SRS4792159	SAMN11785947	Mus musculus	SRP198970	2020-08-21 00:00:00 UTC	PRJNA543864	128	359	public	10090.0
SRR9094004	OTHER	public	SRX5869042	Illumina NovaSeq 6000	ILLUMINA	SRS4792160	SAMN11785946	Mus musculus	SRP198970	2020-08-21 00:00:00 UTC	PRJNA543864	375	1047	public	10090.0
SRR9094005	OTHER	public	SRX5869043	Illumina NovaSeq 6000	ILLUMINA	SRS4792162	SAMN11785945	Mus musculus	SRP198970	2020-08-21 00:00:00 UTC	PRJNA543864	348	976	public	10090.0
SRR9094006	OTHER	public	SRX5869044	Illumina NovaSeq 6000	ILLUMINA	SRS4792161	SAMN11785954	Mus musculus	SRP198970	2020-08-21 00:00:00 UTC	PRJNA543864	148	411	public	10090.0
SRR9094007	OTHER	public	SRX5869045	Illumina NovaSeq 6000	ILLUMINA	SRS4792163	SAMN11785953	Mus musculus	SRP198970	2020-08-21 00:00:00 UTC	PRJNA543864	82	233	public	10090.0
SRR9094008	OTHER	public	SRX5869046	Illumina NovaSeq 6000	ILLUMINA	SRS4792164	SAMN11785952	Mus musculus	SRP198970	2020-08-21 00:00:00 UTC	PRJNA543864	334	940	public	10090.0
SRR9094009	OTHER	public	SRX5869047	Illumina NovaSeq 6000	ILLUMINA	SRS4792166	SAMN11785961	Mus musculus	SRP198970	2020-08-21 00:00:00 UTC	PRJNA543864	133	365	public	10090.0
SRR9094010	OTHER	public	SRX5869064	Illumina NovaSeq 6000	ILLUMINA	SRS4792182	SAMN11785959	Mus musculus	SRP198970	2020-08-21 00:00:00 UTC	PRJNA543864	134	369	public	10090.0
SRR9094011	OTHER	public	SRX5869065	Illumina NovaSeq 6000	ILLUMINA	SRS4792183	SAMN11785957	Mus musculus	SRP198970	2020-08-21 00:00:00 UTC	PRJNA543864	136	378	public	10090.0
SRR9094012	OTHER	public	SRX5869066	Illumina NovaSeq 6000	ILLUMINA	SRS4792184	SAMN11785956	Mus musculus	SRP198970	2020-08-21 00:00:00 UTC	PRJNA543864	162	446	public	10090.0
SRR9094013	OTHER	public	SRX5869067	Illumina NovaSeq 6000	ILLUMINA	SRS4792186	SAMN11785955	Mus musculus	SRP198970	2020-08-21 00:00:00 UTC	PRJNA543864	137	378	public	10090.0
SRR9094014	OTHER	public	SRX5869068	Illumina NovaSeq 6000	ILLUMINA	SRS4792185	SAMN11785919	Mus musculus	SRP198970	2020-08-21 00:00:00 UTC	PRJNA543864	389	1081	public	10090.0
SRR9094015	OTHER	public	SRX5869069	Illumina NovaSeq 6000	ILLUMINA	SRS4792187	SAMN11785918	Mus musculus	SRP198970	2020-08-21 00:00:00 UTC	PRJNA543864	98	272	public	10090.0
SRR9094016	OTHER	public	SRX5869070	Illumina NovaSeq 6000	ILLUMINA	SRS4792188	SAMN11785881	Mus musculus	SRP198970	2020-08-21 00:00:00 UTC	PRJNA543864	117	326	public	10090.0
SRR9094017	OTHER	public	SRX5869071	Illumina NovaSeq 6000	ILLUMINA	SRS4792189	SAMN11785880	Mus musculus	SRP198970	2020-08-21 00:00:00 UTC	PRJNA543864	52	150	public	10090.0
SRR9094018	OTHER	public	SRX5869072	Illumina NovaSeq 6000	ILLUMINA	SRS4792190	SAMN11785879	Mus musculus	SRP198970	2020-08-21 00:00:00 UTC	PRJNA543864	117	328	public	10090.0
SRR9094019	OTHER	public	SRX5869073	Illumina NovaSeq 6000	ILLUMINA	SRS4792191	SAMN11785878	Mus musculus	SRP198970	2020-08-21 00:00:00 UTC	PRJNA543864	107	299	public	10090.0
SRR9094020	OTHER	public	SRX5869074	Illumina NovaSeq 6000	ILLUMINA	SRS4792193	SAMN11785921	Mus musculus	SRP198970	2020-08-21 00:00:00 UTC	PRJNA543864	110	310	public	10090.0
SRR9094021	OTHER	public	SRX5869075	Illumina NovaSeq 6000	ILLUMINA	SRS4792192	SAMN11785920	Mus musculus	SRP198970	2020-08-21 00:00:00 UTC	PRJNA543864	109	309	public	10090.0
SRR9094022	OTHER	public	SRX5869076	Illumina NovaSeq 6000	ILLUMINA	SRS4792196	SAMN11785917	Mus musculus	SRP198970	2020-08-21 00:00:00 UTC	PRJNA543864	116	328	public	10090.0
SRR9094023	OTHER	public	SRX5869077	Illumina NovaSeq 6000	ILLUMINA	SRS4792194	SAMN11785916	Mus musculus	SRP198970	2020-08-21 00:00:00 UTC	PRJNA543864	106	300	public	10090.0
SRR9094024	OTHER	public	SRX5869078	Illumina NovaSeq 6000	ILLUMINA	SRS4792195	SAMN11785915	Mus musculus	SRP198970	2020-08-21 00:00:00 UTC	PRJNA543864	92	261	public	10090.0
SRR9094025	OTHER	public	SRX5869079	Illumina NovaSeq 6000	ILLUMINA	SRS4792197	SAMN11785914	Mus musculus	SRP198970	2020-08-21 00:00:00 UTC	PRJNA543864	82	234	public	10090.0
SRR9094026	OTHER	public	SRX5869096	Illumina NovaSeq 6000	ILLUMINA	SRS4792214	SAMN11785913	Mus musculus	SRP198970	2020-08-21 00:00:00 UTC	PRJNA543864	106	297	public	10090.0
SRR9094027	OTHER	public	SRX5869097	Illumina NovaSeq 6000	ILLUMINA	SRS4792215	SAMN11785912	Mus musculus	SRP198970	2020-08-21 00:00:00 UTC	PRJNA543864	113	313	public	10090.0
SRR9094028	OTHER	public	SRX5869098	Illumina NovaSeq 6000	ILLUMINA	SRS4792216	SAMN11785911	Mus musculus	SRP198970	2020-08-21 00:00:00 UTC	PRJNA543864	103	287	public	10090.0
SRR9094029	OTHER	public	SRX5869099	Illumina NovaSeq 6000	ILLUMINA	SRS4792218	SAMN11785910	Mus musculus	SRP198970	2020-08-21 00:00:00 UTC	PRJNA543864	115	322	public	10090.0
SRR9094030	OTHER	public	SRX5869100	Illumina NovaSeq 6000	ILLUMINA	SRS4792217	SAMN11785909	Mus musculus	SRP198970	2020-08-21 00:00:00 UTC	PRJNA543864	105	294	public	10090.0
SRR9094031	OTHER	public	SRX5869101	Illumina NovaSeq 6000	ILLUMINA	SRS4792220	SAMN11785908	Mus musculus	SRP198970	2020-08-21 00:00:00 UTC	PRJNA543864	84	238	public	10090.0
SRR9094032	OTHER	public	SRX5869102	Illumina NovaSeq 6000	ILLUMINA	SRS4792219	SAMN11785907	Mus musculus	SRP198970	2020-08-21 00:00:00 UTC	PRJNA543864	94	263	public	10090.0
SRR9094033	OTHER	public	SRX5869103	Illumina NovaSeq 6000	ILLUMINA	SRS4792221	SAMN11785906	Mus musculus	SRP198970	2020-08-21 00:00:00 UTC	PRJNA543864	125	357	public	10090.0
SRR9094034	OTHER	public	SRX5869104	Illumina NovaSeq 6000	ILLUMINA	SRS4792223	SAMN11785905	Mus musculus	SRP198970	2020-08-21 00:00:00 UTC	PRJNA543864	193	548	public	10090.0
SRR9094035	OTHER	public	SRX5869105	Illumina NovaSeq 6000	ILLUMINA	SRS4792222	SAMN11785904	Mus musculus	SRP198970	2020-08-21 00:00:00 UTC	PRJNA543864	170	485	public	10090.0
SRR9094036	OTHER	public	SRX5869106	Illumina NovaSeq 6000	ILLUMINA	SRS4792224	SAMN11785903	Mus musculus	SRP198970	2020-08-21 00:00:00 UTC	PRJNA543864	199	567	public	10090.0
SRR9094037	OTHER	public	SRX5869107	Illumina NovaSeq 6000	ILLUMINA	SRS4792226	SAMN11785902	Mus musculus	SRP198970	2020-08-21 00:00:00 UTC	PRJNA543864	160	463	public	10090.0
SRR9094038	OTHER	public	SRX5869108	Illumina NovaSeq 6000	ILLUMINA	SRS4792225	SAMN11785901	Mus musculus	SRP198970	2020-08-21 00:00:00 UTC	PRJNA543864	205	583	public	10090.0
SRR9094039	OTHER	public	SRX5869109	Illumina NovaSeq 6000	ILLUMINA	SRS4792227	SAMN11785900	Mus musculus	SRP198970	2020-08-21 00:00:00 UTC	PRJNA543864	202	572	public	10090.0
SRR9094040	OTHER	public	SRX5869110	Illumina NovaSeq 6000	ILLUMINA	SRS4792228	SAMN11785965	Mus musculus	SRP198970	2020-08-21 00:00:00 UTC	PRJNA543864	201	568	public	10090.0
SRR9094041	OTHER	public	SRX5869111	Illumina NovaSeq 6000	ILLUMINA	SRS4792229	SAMN11785964	Mus musculus	SRP198970	2020-08-21 00:00:00 UTC	PRJNA543864	183	517	public	10090.0
SRR9094042	OTHER	public	SRX5869128	Illumina NovaSeq 6000	ILLUMINA	SRS4792247	SAMN11785963	Mus musculus	SRP198970	2020-08-21 00:00:00 UTC	PRJNA543864	202	583	public	10090.0
SRR9094043	OTHER	public	SRX5869129	Illumina NovaSeq 6000	ILLUMINA	SRS4792246	SAMN11785962	Mus musculus	SRP198970	2020-08-21 00:00:00 UTC	PRJNA543864	290	838	public	10090.0
SRR9094044	OTHER	public	SRX5869130	Illumina NovaSeq 6000	ILLUMINA	SRS4792249	SAMN11785870	Mus musculus	SRP198970	2020-08-21 00:00:00 UTC	PRJNA543864	281	811	public	10090.0
SRR9094045	OTHER	public	SRX5869131	Illumina NovaSeq 6000	ILLUMINA	SRS4792248	SAMN11785869	Mus musculus	SRP198970	2020-08-21 00:00:00 UTC	PRJNA543864	135	385	public	10090.0
SRR9094046	OTHER	public	SRX5869132	Illumina NovaSeq 6000	ILLUMINA	SRS4792250	SAMN11785868	Mus musculus	SRP198970	2020-08-21 00:00:00 UTC	PRJNA543864	265	765	public	10090.0
SRR9094047	OTHER	public	SRX5869133	Illumina NovaSeq 6000	ILLUMINA	SRS4792252	SAMN11785867	Mus musculus	SRP198970	2020-08-21 00:00:00 UTC	PRJNA543864	248	719	public	10090.0
SRR9094048	OTHER	public	SRX5869134	Illumina NovaSeq 6000	ILLUMINA	SRS4792251	SAMN11785866	Mus musculus	SRP198970	2020-08-21 00:00:00 UTC	PRJNA543864	234	673	public	10090.0
SRR9094049	OTHER	public	SRX5869135	Illumina NovaSeq 6000	ILLUMINA	SRS4792253	SAMN11785865	Mus musculus	SRP198970	2020-08-21 00:00:00 UTC	PRJNA543864	205	569	public	10090.0
SRR9094050	OTHER	public	SRX5869136	Illumina NovaSeq 6000	ILLUMINA	SRS4792255	SAMN11785864	Mus musculus	SRP198970	2020-08-21 00:00:00 UTC	PRJNA543864	181	502	public	10090.0
SRR9094051	OTHER	public	SRX5869137	Illumina NovaSeq 6000	ILLUMINA	SRS4792254	SAMN11785863	Mus musculus	SRP198970	2020-08-21 00:00:00 UTC	PRJNA543864	178	496	public	10090.0
SRR9094052	OTHER	public	SRX5869138	Illumina NovaSeq 6000	ILLUMINA	SRS4792256	SAMN11785862	Mus musculus	SRP198970	2020-08-21 00:00:00 UTC	PRJNA543864	126	357	public	10090.0
SRR9094053	OTHER	public	SRX5869139	Illumina NovaSeq 6000	ILLUMINA	SRS4792257	SAMN11785861	Mus musculus	SRP198970	2020-08-21 00:00:00 UTC	PRJNA543864	67	187	public	10090.0
SRR9094054	OTHER	public	SRX5869140	Illumina NovaSeq 6000	ILLUMINA	SRS4792258	SAMN11785860	Mus musculus	SRP198970	2020-08-21 00:00:00 UTC	PRJNA543864	149	418	public	10090.0
SRR9094055	OTHER	public	SRX5869141	Illumina NovaSeq 6000	ILLUMINA	SRS4792260	SAMN11785859	Mus musculus	SRP198970	2020-08-21 00:00:00 UTC	PRJNA543864	140	393	public	10090.0
SRR9094056	OTHER	public	SRX5869142	Illumina NovaSeq 6000	ILLUMINA	SRS4792259	SAMN11785899	Mus musculus	SRP198970	2020-08-21 00:00:00 UTC	PRJNA543864	190	532	public	10090.0
SRR9094057	OTHER	public	SRX5869143	Illumina NovaSeq 6000	ILLUMINA	SRS4792261	SAMN11785898	Mus musculus	SRP198970	2020-08-21 00:00:00 UTC	PRJNA543864	64	178	public	10090.0
SRR9094058	OTHER	public	SRX5869160	Illumina NovaSeq 6000	ILLUMINA	SRS4792277	SAMN11785897	Mus musculus	SRP198970	2020-08-21 00:00:00 UTC	PRJNA543864	60	168	public	10090.0
SRR9094059	OTHER	public	SRX5869161	Illumina NovaSeq 6000	ILLUMINA	SRS4792278	SAMN11785896	Mus musculus	SRP198970	2020-08-21 00:00:00 UTC	PRJNA543864	172	482	public	10090.0
SRR9094060	OTHER	public	SRX5869162	Illumina NovaSeq 6000	ILLUMINA	SRS4792280	SAMN11785895	Mus musculus	SRP198970	2020-08-21 00:00:00 UTC	PRJNA543864	68	191	public	10090.0
SRR9094061	OTHER	public	SRX5869163	Illumina NovaSeq 6000	ILLUMINA	SRS4792281	SAMN11785894	Mus musculus	SRP198970	2020-08-21 00:00:00 UTC	PRJNA543864	56	156	public	10090.0
SRR9094062	OTHER	public	SRX5869164	Illumina NovaSeq 6000	ILLUMINA	SRS4792282	SAMN11785893	Mus musculus	SRP198970	2020-08-21 00:00:00 UTC	PRJNA543864	61	173	public	10090.0
SRR9094063	OTHER	public	SRX5869165	Illumina NovaSeq 6000	ILLUMINA	SRS4792283	SAMN11785892	Mus musculus	SRP198970	2020-08-21 00:00:00 UTC	PRJNA543864	65	183	public	10090.0
SRR9094064	OTHER	public	SRX5869166	Illumina NovaSeq 6000	ILLUMINA	SRS4792284	SAMN11785891	Mus musculus	SRP198970	2020-08-21 00:00:00 UTC	PRJNA543864	63	178	public	10090.0
SRR9094065	OTHER	public	SRX5869167	Illumina NovaSeq 6000	ILLUMINA	SRS4792285	SAMN11785890	Mus musculus	SRP198970	2020-08-21 00:00:00 UTC	PRJNA543864	68	194	public	10090.0
SRR9094066	OTHER	public	SRX5869168	Illumina NovaSeq 6000	ILLUMINA	SRS4792286	SAMN11785888	Mus musculus	SRP198970	2020-08-21 00:00:00 UTC	PRJNA543864	80	225	public	10090.0
SRR9094067	OTHER	public	SRX5869169	Illumina NovaSeq 6000	ILLUMINA	SRS4792287	SAMN11785887	Mus musculus	SRP198970	2020-08-21 00:00:00 UTC	PRJNA543864	79	222	public	10090.0
SRR9094068	OTHER	public	SRX5869170	Illumina NovaSeq 6000	ILLUMINA	SRS4792288	SAMN11785886	Mus musculus	SRP198970	2020-08-21 00:00:00 UTC	PRJNA543864	80	225	public	10090.0
SRR9094069	OTHER	public	SRX5869171	Illumina NovaSeq 6000	ILLUMINA	SRS4792291	SAMN11785885	Mus musculus	SRP198970	2020-08-21 00:00:00 UTC	PRJNA543864	78	221	public	10090.0
SRR9094070	OTHER	public	SRX5869172	Illumina NovaSeq 6000	ILLUMINA	SRS4792290	SAMN11785884	Mus musculus	SRP198970	2020-08-21 00:00:00 UTC	PRJNA543864	78	218	public	10090.0
SRR9094071	OTHER	public	SRX5869173	Illumina NovaSeq 6000	ILLUMINA	SRS4792289	SAMN11785883	Mus musculus	SRP198970	2020-08-21 00:00:00 UTC	PRJNA543864	67	191	public	10090.0
SRR9094072	OTHER	public	SRX5869174	Illumina NovaSeq 6000	ILLUMINA	SRS4792292	SAMN11785882	Mus musculus	SRP198970	2020-08-21 00:00:00 UTC	PRJNA543864	81	223	public	10090.0
SRR9094073	OTHER	public	SRX5869175	Illumina NovaSeq 6000	ILLUMINA	SRS4792293	SAMN11785889	Mus musculus	SRP198970	2020-08-21 00:00:00 UTC	PRJNA543864	97	268	public	10090.0
SRR9094074	OTHER	public	SRX5869192	Illumina NovaSeq 6000	ILLUMINA	SRS4792310	SAMN11785849	Mus musculus	SRP198970	2020-08-21 00:00:00 UTC	PRJNA543864	76	211	public	10090.0
SRR9094075	OTHER	public	SRX5869193	Illumina NovaSeq 6000	ILLUMINA	SRS4792312	SAMN11785848	Mus musculus	SRP198970	2020-08-21 00:00:00 UTC	PRJNA543864	126	350	public	10090.0
SRR9094076	OTHER	public	SRX5869194	Illumina NovaSeq 6000	ILLUMINA	SRS4792311	SAMN11785847	Mus musculus	SRP198970	2020-08-21 00:00:00 UTC	PRJNA543864	90	248	public	10090.0
SRR9094077	OTHER	public	SRX5869195	Illumina NovaSeq 6000	ILLUMINA	SRS4792313	SAMN11785846	Mus musculus	SRP198970	2020-08-21 00:00:00 UTC	PRJNA543864	103	283	public	10090.0
SRR9094078	OTHER	public	SRX5869196	Illumina NovaSeq 6000	ILLUMINA	SRS4792314	SAMN11785845	Mus musculus	SRP198970	2020-08-21 00:00:00 UTC	PRJNA543864	63	176	public	10090.0
SRR9094079	OTHER	public	SRX5869197	Illumina NovaSeq 6000	ILLUMINA	SRS4792315	SAMN11785844	Mus musculus	SRP198970	2020-08-21 00:00:00 UTC	PRJNA543864	86	239	public	10090.0
SRR9094080	OTHER	public	SRX5869198	Illumina NovaSeq 6000	ILLUMINA	SRS4792317	SAMN11785843	Mus musculus	SRP198970	2020-08-21 00:00:00 UTC	PRJNA543864	153	425	public	10090.0
SRR9094081	OTHER	public	SRX5869199	Illumina NovaSeq 6000	ILLUMINA	SRS4792316	SAMN11785822	Mus musculus	SRP198970	2020-08-21 00:00:00 UTC	PRJNA543864	124	343	public	10090.0
SRR9094082	OTHER	public	SRX5869200	Illumina NovaSeq 6000	ILLUMINA	SRS4792319	SAMN11785821	Mus musculus	SRP198970	2020-08-21 00:00:00 UTC	PRJNA543864	125	349	public	10090.0
SRR9094083	OTHER	public	SRX5869201	Illumina NovaSeq 6000	ILLUMINA	SRS4792318	SAMN11785820	Mus musculus	SRP198970	2020-08-21 00:00:00 UTC	PRJNA543864	121	338	public	10090.0
SRR9094084	OTHER	public	SRX5869202	Illumina NovaSeq 6000	ILLUMINA	SRS4792321	SAMN11785819	Mus musculus	SRP198970	2020-08-21 00:00:00 UTC	PRJNA543864	125	350	public	10090.0
SRR9094085	OTHER	public	SRX5869203	Illumina NovaSeq 6000	ILLUMINA	SRS4792322	SAMN11785818	Mus musculus	SRP198970	2020-08-21 00:00:00 UTC	PRJNA543864	127	355	public	10090.0
SRR9094086	OTHER	public	SRX5869204	Illumina NovaSeq 6000	ILLUMINA	SRS4792320	SAMN11785817	Mus musculus	SRP198970	2020-08-21 00:00:00 UTC	PRJNA543864	142	397	public	10090.0
SRR9094087	OTHER	public	SRX5869205	Illumina NovaSeq 6000	ILLUMINA	SRS4792323	SAMN11785816	Mus musculus	SRP198970	2020-08-21 00:00:00 UTC	PRJNA543864	178	491	public	10090.0
SRR9094088	OTHER	public	SRX5869206	Illumina NovaSeq 6000	ILLUMINA	SRS4792324	SAMN11785815	Mus musculus	SRP198970	2020-08-21 00:00:00 UTC	PRJNA543864	162	451	public	10090.0
SRR9094089	OTHER	public	SRX5869207	Illumina NovaSeq 6000	ILLUMINA	SRS4792326	SAMN11785814	Mus musculus	SRP198970	2020-08-21 00:00:00 UTC	PRJNA543864	165	461	public	10090.0
SRR9094090	OTHER	public	SRX5869224	Illumina NovaSeq 6000	ILLUMINA	SRS4792342	SAMN11785813	Mus musculus	SRP198970	2020-08-21 00:00:00 UTC	PRJNA543864	173	484	public	10090.0
SRR9094091	OTHER	public	SRX5869225	Illumina NovaSeq 6000	ILLUMINA	SRS4792343	SAMN11785858	Mus musculus	SRP198970	2020-08-21 00:00:00 UTC	PRJNA543864	196	551	public	10090.0
SRR9094092	OTHER	public	SRX5869226	Illumina NovaSeq 6000	ILLUMINA	SRS4792345	SAMN11785857	Mus musculus	SRP198970	2020-08-21 00:00:00 UTC	PRJNA543864	112	317	public	10090.0
SRR9094093	OTHER	public	SRX5869227	Illumina NovaSeq 6000	ILLUMINA	SRS4792346	SAMN11785856	Mus musculus	SRP198970	2020-08-21 00:00:00 UTC	PRJNA543864	195	547	public	10090.0
SRR9094094	OTHER	public	SRX5869228	Illumina NovaSeq 6000	ILLUMINA	SRS4792344	SAMN11785855	Mus musculus	SRP198970	2020-08-21 00:00:00 UTC	PRJNA543864	181	509	public	10090.0
SRR9094095	OTHER	public	SRX5869229	Illumina NovaSeq 6000	ILLUMINA	SRS4792347	SAMN11785854	Mus musculus	SRP198970	2020-08-21 00:00:00 UTC	PRJNA543864	96	269	public	10090.0
SRR9094096	OTHER	public	SRX5869230	Illumina NovaSeq 6000	ILLUMINA	SRS4792348	SAMN11785853	Mus musculus	SRP198970	2020-08-21 00:00:00 UTC	PRJNA543864	81	225	public	10090.0
SRR9094097	OTHER	public	SRX5869231	Illumina NovaSeq 6000	ILLUMINA	SRS4792349	SAMN11785852	Mus musculus	SRP198970	2020-08-21 00:00:00 UTC	PRJNA543864	71	204	public	10090.0
SRR9094098	OTHER	public	SRX5869232	Illumina NovaSeq 6000	ILLUMINA	SRS4792350	SAMN11785851	Mus musculus	SRP198970	2020-08-21 00:00:00 UTC	PRJNA543864	86	241	public	10090.0
SRR9094099	OTHER	public	SRX5869233	Illumina NovaSeq 6000	ILLUMINA	SRS4792352	SAMN11785850	Mus musculus	SRP198970	2020-08-21 00:00:00 UTC	PRJNA543864	84	238	public	10090.0
SRR9094100	OTHER	public	SRX5869234	Illumina NovaSeq 6000	ILLUMINA	SRS4792351	SAMN11785842	Mus musculus	SRP198970	2020-08-21 00:00:00 UTC	PRJNA543864	74	213	public	10090.0
SRR9094101	OTHER	public	SRX5869235	Illumina NovaSeq 6000	ILLUMINA	SRS4792354	SAMN11785841	Mus musculus	SRP198970	2020-08-21 00:00:00 UTC	PRJNA543864	82	235	public	10090.0
SRR9094102	OTHER	public	SRX5869236	Illumina NovaSeq 6000	ILLUMINA	SRS4792353	SAMN11785840	Mus musculus	SRP198970	2020-08-21 00:00:00 UTC	PRJNA543864	75	209	public	10090.0
SRR9094103	OTHER	public	SRX5869237	Illumina NovaSeq 6000	ILLUMINA	SRS4792355	SAMN11785839	Mus musculus	SRP198970	2020-08-21 00:00:00 UTC	PRJNA543864	70	195	public	10090.0
SRR9094104	OTHER	public	SRX5869238	Illumina NovaSeq 6000	ILLUMINA	SRS4792356	SAMN11785838	Mus musculus	SRP198970	2020-08-21 00:00:00 UTC	PRJNA543864	136	377	public	10090.0
SRR9094105	OTHER	public	SRX5869239	Illumina NovaSeq 6000	ILLUMINA	SRS4792357	SAMN11785877	Mus musculus	SRP198970	2020-08-21 00:00:00 UTC	PRJNA543864	61	170	public	10090.0
SRR9094106	OTHER	public	SRX5869256	Illumina NovaSeq 6000	ILLUMINA	SRS4792373	SAMN11785876	Mus musculus	SRP198970	2020-08-21 00:00:00 UTC	PRJNA543864	79	219	public	10090.0
SRR9094107	OTHER	public	SRX5869257	Illumina NovaSeq 6000	ILLUMINA	SRS4792376	SAMN11785875	Mus musculus	SRP198970	2020-08-21 00:00:00 UTC	PRJNA543864	70	197	public	10090.0
SRR9094108	OTHER	public	SRX5869258	Illumina NovaSeq 6000	ILLUMINA	SRS4792375	SAMN11785874	Mus musculus	SRP198970	2020-08-21 00:00:00 UTC	PRJNA543864	127	365	public	10090.0
SRR9094109	OTHER	public	SRX5869259	Illumina NovaSeq 6000	ILLUMINA	SRS4792377	SAMN11785873	Mus musculus	SRP198970	2020-08-21 00:00:00 UTC	PRJNA543864	153	433	public	10090.0
SRR9094110	OTHER	public	SRX5869260	Illumina NovaSeq 6000	ILLUMINA	SRS4792378	SAMN11785872	Mus musculus	SRP198970	2020-08-21 00:00:00 UTC	PRJNA543864	173	490	public	10090.0
SRR9094111	OTHER	public	SRX5869261	Illumina NovaSeq 6000	ILLUMINA	SRS4792381	SAMN11785871	Mus musculus	SRP198970	2020-08-21 00:00:00 UTC	PRJNA543864	152	433	public	10090.0
SRR9094112	OTHER	public	SRX5869262	Illumina NovaSeq 6000	ILLUMINA	SRS4792379	SAMN11785797	Mus musculus	SRP198970	2020-08-21 00:00:00 UTC	PRJNA543864	165	471	public	10090.0
SRR9094113	OTHER	public	SRX5869263	Illumina NovaSeq 6000	ILLUMINA	SRS4792380	SAMN11785796	Mus musculus	SRP198970	2020-08-21 00:00:00 UTC	PRJNA543864	213	622	public	10090.0
SRR9094114	OTHER	public	SRX5869264	Illumina NovaSeq 6000	ILLUMINA	SRS4792382	SAMN11785795	Mus musculus	SRP198970	2020-08-21 00:00:00 UTC	PRJNA543864	335	970	public	10090.0
SRR9094115	OTHER	public	SRX5869265	Illumina NovaSeq 6000	ILLUMINA	SRS4792385	SAMN11785794	Mus musculus	SRP198970	2020-08-21 00:00:00 UTC	PRJNA543864	177	505	public	10090.0
SRR9094116	OTHER	public	SRX5869266	Illumina NovaSeq 6000	ILLUMINA	SRS4792383	SAMN11785793	Mus musculus	SRP198970	2020-08-21 00:00:00 UTC	PRJNA543864	178	504	public	10090.0
SRR9094117	OTHER	public	SRX5869267	Illumina NovaSeq 6000	ILLUMINA	SRS4792384	SAMN11785792	Mus musculus	SRP198970	2020-08-21 00:00:00 UTC	PRJNA543864	302	871	public	10090.0
SRR9094118	OTHER	public	SRX5869268	Illumina NovaSeq 6000	ILLUMINA	SRS4792386	SAMN11785791	Mus musculus	SRP198970	2020-08-21 00:00:00 UTC	PRJNA543864	348	1008	public	10090.0
SRR9094119	OTHER	public	SRX5869269	Illumina NovaSeq 6000	ILLUMINA	SRS4792387	SAMN11785790	Mus musculus	SRP198970	2020-08-21 00:00:00 UTC	PRJNA543864	202	563	public	10090.0
SRR9094120	OTHER	public	SRX5869270	Illumina NovaSeq 6000	ILLUMINA	SRS4792388	SAMN11785789	Mus musculus	SRP198970	2020-08-21 00:00:00 UTC	PRJNA543864	344	999	public	10090.0
SRR9094121	OTHER	public	SRX5869271	Illumina NovaSeq 6000	ILLUMINA	SRS4792389	SAMN11785788	Mus musculus	SRP198970	2020-08-21 00:00:00 UTC	PRJNA543864	95	265	public	10090.0
SRR9094122	OTHER	public	SRX5869288	Illumina NovaSeq 6000	ILLUMINA	SRS4792407	SAMN11785787	Mus musculus	SRP198970	2020-08-21 00:00:00 UTC	PRJNA543864	350	1011	public	10090.0
SRR9094123	OTHER	public	SRX5869289	Illumina NovaSeq 6000	ILLUMINA	SRS4792406	SAMN11785786	Mus musculus	SRP198970	2020-08-21 00:00:00 UTC	PRJNA543864	233	649	public	10090.0
SRR9094124	OTHER	public	SRX5869290	Illumina NovaSeq 6000	ILLUMINA	SRS4792408	SAMN11785785	Mus musculus	SRP198970	2020-08-21 00:00:00 UTC	PRJNA543864	371	1069	public	10090.0
SRR9094125	OTHER	public	SRX5869291	Illumina NovaSeq 6000	ILLUMINA	SRS4792409	SAMN11785784	Mus musculus	SRP198970	2020-08-21 00:00:00 UTC	PRJNA543864	181	510	public	10090.0
SRR9094126	OTHER	public	SRX5869292	Illumina NovaSeq 6000	ILLUMINA	SRS4792410	SAMN11785783	Mus musculus	SRP198970	2020-08-21 00:00:00 UTC	PRJNA543864	214	602	public	10090.0
SRR9094127	OTHER	public	SRX5869293	Illumina NovaSeq 6000	ILLUMINA	SRS4792412	SAMN11785782	Mus musculus	SRP198970	2020-08-21 00:00:00 UTC	PRJNA543864	229	644	public	10090.0
SRR9094128	OTHER	public	SRX5869294	Illumina NovaSeq 6000	ILLUMINA	SRS4792411	SAMN11785837	Mus musculus	SRP198970	2020-08-21 00:00:00 UTC	PRJNA543864	211	594	public	10090.0
SRR9094129	OTHER	public	SRX5869295	Illumina NovaSeq 6000	ILLUMINA	SRS4792413	SAMN11785836	Mus musculus	SRP198970	2020-08-21 00:00:00 UTC	PRJNA543864	88	250	public	10090.0
SRR9094130	OTHER	public	SRX5869296	Illumina NovaSeq 6000	ILLUMINA	SRS4792414	SAMN11785835	Mus musculus	SRP198970	2020-08-21 00:00:00 UTC	PRJNA543864	192	544	public	10090.0
SRR9094131	OTHER	public	SRX5869297	Illumina NovaSeq 6000	ILLUMINA	SRS4792415	SAMN11785834	Mus musculus	SRP198970	2020-08-21 00:00:00 UTC	PRJNA543864	227	635	public	10090.0
SRR9094132	OTHER	public	SRX5869298	Illumina NovaSeq 6000	ILLUMINA	SRS4792417	SAMN11785833	Mus musculus	SRP198970	2020-08-21 00:00:00 UTC	PRJNA543864	94	267	public	10090.0
SRR9094133	OTHER	public	SRX5869299	Illumina NovaSeq 6000	ILLUMINA	SRS4792418	SAMN11785832	Mus musculus	SRP198970	2020-08-21 00:00:00 UTC	PRJNA543864	465	1288	public	10090.0
SRR9094134	OTHER	public	SRX5869300	Illumina NovaSeq 6000	ILLUMINA	SRS4792416	SAMN11785830	Mus musculus	SRP198970	2020-08-21 00:00:00 UTC	PRJNA543864	509	1416	public	10090.0
SRR9094135	OTHER	public	SRX5869301	Illumina NovaSeq 6000	ILLUMINA	SRS4792419	SAMN11785829	Mus musculus	SRP198970	2020-08-21 00:00:00 UTC	PRJNA543864	455	1266	public	10090.0
SRR9094136	OTHER	public	SRX5869302	Illumina NovaSeq 6000	ILLUMINA	SRS4792420	SAMN11785828	Mus musculus	SRP198970	2020-08-21 00:00:00 UTC	PRJNA543864	489	1361	public	10090.0
SRR9094137	OTHER	public	SRX5869303	Illumina NovaSeq 6000	ILLUMINA	SRS4792422	SAMN11785827	Mus musculus	SRP198970	2020-08-21 00:00:00 UTC	PRJNA543864	440	1231	public	10090.0
SRR9094138	OTHER	public	SRX5869320	Illumina NovaSeq 6000	ILLUMINA	SRS4792441	SAMN11785826	Mus musculus	SRP198970	2020-08-21 00:00:00 UTC	PRJNA543864	407	1144	public	10090.0
SRR9094139	OTHER	public	SRX5869321	Illumina NovaSeq 6000	ILLUMINA	SRS4792438	SAMN11785825	Mus musculus	SRP198970	2020-08-21 00:00:00 UTC	PRJNA543864	106	301	public	10090.0
SRR9094140	OTHER	public	SRX5869322	Illumina NovaSeq 6000	ILLUMINA	SRS4792439	SAMN11785824	Mus musculus	SRP198970	2020-08-21 00:00:00 UTC	PRJNA543864	519	1436	public	10090.0
SRR9094141	OTHER	public	SRX5869323	Illumina NovaSeq 6000	ILLUMINA	SRS4792440	SAMN11785823	Mus musculus	SRP198970	2020-08-21 00:00:00 UTC	PRJNA543864	107	303	public	10090.0
SRR9094142	OTHER	public	SRX5869324	Illumina NovaSeq 6000	ILLUMINA	SRS4792442	SAMN11785777	Mus musculus	SRP198970	2020-08-21 00:00:00 UTC	PRJNA543864	107	304	public	10090.0
SRR9094143	OTHER	public	SRX5869325	Illumina NovaSeq 6000	ILLUMINA	SRS4792444	SAMN11785776	Mus musculus	SRP198970	2020-08-21 00:00:00 UTC	PRJNA543864	95	269	public	10090.0
SRR9094144	OTHER	public	SRX5869326	Illumina NovaSeq 6000	ILLUMINA	SRS4792443	SAMN11785775	Mus musculus	SRP198970	2020-08-21 00:00:00 UTC	PRJNA543864	92	263	public	10090.0
SRR9094145	OTHER	public	SRX5869327	Illumina NovaSeq 6000	ILLUMINA	SRS4792446	SAMN11785774	Mus musculus	SRP198970	2020-08-21 00:00:00 UTC	PRJNA543864	86	248	public	10090.0
SRR9094146	OTHER	public	SRX5869328	Illumina NovaSeq 6000	ILLUMINA	SRS4792445	SAMN11785711	Mus musculus	SRP198970	2020-08-21 00:00:00 UTC	PRJNA543864	84	225	public	10090.0
SRR9094147	OTHER	public	SRX5869329	Illumina NovaSeq 6000	ILLUMINA	SRS4792447	SAMN11785710	Mus musculus	SRP198970	2020-08-21 00:00:00 UTC	PRJNA543864	103	280	public	10090.0
SRR9094148	OTHER	public	SRX5869330	Illumina NovaSeq 6000	ILLUMINA	SRS4792448	SAMN11785758	Mus musculus	SRP198970	2020-08-21 00:00:00 UTC	PRJNA543864	98	264	public	10090.0
SRR9094149	OTHER	public	SRX5869331	Illumina NovaSeq 6000	ILLUMINA	SRS4792449	SAMN11785757	Mus musculus	SRP198970	2020-08-21 00:00:00 UTC	PRJNA543864	114	309	public	10090.0
SRR9094150	OTHER	public	SRX5869332	Illumina NovaSeq 6000	ILLUMINA	SRS4792450	SAMN11785756	Mus musculus	SRP198970	2020-08-21 00:00:00 UTC	PRJNA543864	105	287	public	10090.0
SRR9094151	OTHER	public	SRX5869333	Illumina NovaSeq 6000	ILLUMINA	SRS4792451	SAMN11785755	Mus musculus	SRP198970	2020-08-21 00:00:00 UTC	PRJNA543864	136	367	public	10090.0
SRR9094152	OTHER	public	SRX5869334	Illumina NovaSeq 6000	ILLUMINA	SRS4792452	SAMN11785754	Mus musculus	SRP198970	2020-08-21 00:00:00 UTC	PRJNA543864	92	258	public	10090.0
SRR9094153	OTHER	public	SRX5869335	Illumina NovaSeq 6000	ILLUMINA	SRS4792455	SAMN11785753	Mus musculus	SRP198970	2020-08-21 00:00:00 UTC	PRJNA543864	84	231	public	10090.0
SRR9094154	OTHER	public	SRX5869352	Illumina NovaSeq 6000	ILLUMINA	SRS4792471	SAMN11785752	Mus musculus	SRP198970	2020-08-21 00:00:00 UTC	PRJNA543864	110	297	public	10090.0
SRR9094155	OTHER	public	SRX5869353	Illumina NovaSeq 6000	ILLUMINA	SRS4792470	SAMN11785751	Mus musculus	SRP198970	2020-08-21 00:00:00 UTC	PRJNA543864	73	204	public	10090.0
SRR9094156	OTHER	public	SRX5869354	Illumina NovaSeq 6000	ILLUMINA	SRS4792473	SAMN11785750	Mus musculus	SRP198970	2020-08-21 00:00:00 UTC	PRJNA543864	72	203	public	10090.0
SRR9094157	OTHER	public	SRX5869355	Illumina NovaSeq 6000	ILLUMINA	SRS4792472	SAMN11785749	Mus musculus	SRP198970	2020-08-21 00:00:00 UTC	PRJNA543864	66	188	public	10090.0
SRR9094158	OTHER	public	SRX5869356	Illumina NovaSeq 6000	ILLUMINA	SRS4792474	SAMN11785748	Mus musculus	SRP198970	2020-08-21 00:00:00 UTC	PRJNA543864	65	186	public	10090.0
SRR9094159	OTHER	public	SRX5869357	Illumina NovaSeq 6000	ILLUMINA	SRS4792475	SAMN11785747	Mus musculus	SRP198970	2020-08-21 00:00:00 UTC	PRJNA543864	74	210	public	10090.0
SRR9094160	OTHER	public	SRX5869358	Illumina NovaSeq 6000	ILLUMINA	SRS4792476	SAMN11785746	Mus musculus	SRP198970	2020-08-21 00:00:00 UTC	PRJNA543864	74	212	public	10090.0
SRR9094161	OTHER	public	SRX5869359	Illumina NovaSeq 6000	ILLUMINA	SRS4792477	SAMN11785745	Mus musculus	SRP198970	2020-08-21 00:00:00 UTC	PRJNA543864	103	288	public	10090.0
SRR9094162	OTHER	public	SRX5869360	Illumina NovaSeq 6000	ILLUMINA	SRS4792478	SAMN11785744	Mus musculus	SRP198970	2020-08-21 00:00:00 UTC	PRJNA543864	92	259	public	10090.0
SRR9094163	OTHER	public	SRX5869361	Illumina NovaSeq 6000	ILLUMINA	SRS4792479	SAMN11785743	Mus musculus	SRP198970	2020-08-21 00:00:00 UTC	PRJNA543864	93	261	public	10090.0
SRR9094164	OTHER	public	SRX5869362	Illumina NovaSeq 6000	ILLUMINA	SRS4792480	SAMN11785742	Mus musculus	SRP198970	2020-08-21 00:00:00 UTC	PRJNA543864	73	209	public	10090.0
SRR9094165	OTHER	public	SRX5869363	Illumina NovaSeq 6000	ILLUMINA	SRS4792481	SAMN11785741	Mus musculus	SRP198970	2020-08-21 00:00:00 UTC	PRJNA543864	60	173	public	10090.0
SRR9094166	OTHER	public	SRX5869364	Illumina NovaSeq 6000	ILLUMINA	SRS4792482	SAMN11785740	Mus musculus	SRP198970	2020-08-21 00:00:00 UTC	PRJNA543864	69	198	public	10090.0
SRR9094167	OTHER	public	SRX5869365	Illumina NovaSeq 6000	ILLUMINA	SRS4792483	SAMN11785739	Mus musculus	SRP198970	2020-08-21 00:00:00 UTC	PRJNA543864	90	252	public	10090.0
SRR9094168	OTHER	public	SRX5869366	Illumina NovaSeq 6000	ILLUMINA	SRS4792484	SAMN11785738	Mus musculus	SRP198970	2020-08-21 00:00:00 UTC	PRJNA543864	82	230	public	10090.0
SRR9094169	OTHER	public	SRX5869367	Illumina NovaSeq 6000	ILLUMINA	SRS4792486	SAMN11785737	Mus musculus	SRP198970	2020-08-21 00:00:00 UTC	PRJNA543864	77	219	public	10090.0
SRR9094170	OTHER	public	SRX5869384	Illumina NovaSeq 6000	ILLUMINA	SRS4792502	SAMN11785736	Mus musculus	SRP198970	2020-08-21 00:00:00 UTC	PRJNA543864	77	219	public	10090.0
SRR9094171	OTHER	public	SRX5869385	Illumina NovaSeq 6000	ILLUMINA	SRS4792503	SAMN11785735	Mus musculus	SRP198970	2020-08-21 00:00:00 UTC	PRJNA543864	88	249	public	10090.0
SRR9094172	OTHER	public	SRX5869386	Illumina NovaSeq 6000	ILLUMINA	SRS4792504	SAMN11785781	Mus musculus	SRP198970	2020-08-21 00:00:00 UTC	PRJNA543864	133	375	public	10090.0
SRR9094173	OTHER	public	SRX5869387	Illumina NovaSeq 6000	ILLUMINA	SRS4792505	SAMN11785780	Mus musculus	SRP198970	2020-08-21 00:00:00 UTC	PRJNA543864	89	251	public	10090.0
SRR9094174	OTHER	public	SRX5869388	Illumina NovaSeq 6000	ILLUMINA	SRS4792506	SAMN11785779	Mus musculus	SRP198970	2020-08-21 00:00:00 UTC	PRJNA543864	75	215	public	10090.0
SRR9094175	OTHER	public	SRX5869389	Illumina NovaSeq 6000	ILLUMINA	SRS4792507	SAMN11785778	Mus musculus	SRP198970	2020-08-21 00:00:00 UTC	PRJNA543864	90	254	public	10090.0
SRR9094176	OTHER	public	SRX5869390	Illumina NovaSeq 6000	ILLUMINA	SRS4792508	SAMN11785773	Mus musculus	SRP198970	2020-08-21 00:00:00 UTC	PRJNA543864	95	267	public	10090.0
SRR9094177	OTHER	public	SRX5869391	Illumina NovaSeq 6000	ILLUMINA	SRS4792509	SAMN11785772	Mus musculus	SRP198970	2020-08-21 00:00:00 UTC	PRJNA543864	137	387	public	10090.0
SRR9094178	OTHER	public	SRX5869392	Illumina NovaSeq 6000	ILLUMINA	SRS4792510	SAMN11785771	Mus musculus	SRP198970	2020-08-21 00:00:00 UTC	PRJNA543864	98	272	public	10090.0
SRR9094179	OTHER	public	SRX5869393	Illumina NovaSeq 6000	ILLUMINA	SRS4792511	SAMN11785770	Mus musculus	SRP198970	2020-08-21 00:00:00 UTC	PRJNA543864	111	317	public	10090.0
SRR9094180	OTHER	public	SRX5869394	Illumina NovaSeq 6000	ILLUMINA	SRS4792512	SAMN11785769	Mus musculus	SRP198970	2020-08-21 00:00:00 UTC	PRJNA543864	149	425	public	10090.0
SRR9094181	OTHER	public	SRX5869395	Illumina NovaSeq 6000	ILLUMINA	SRS4792514	SAMN11785768	Mus musculus	SRP198970	2020-08-21 00:00:00 UTC	PRJNA543864	146	416	public	10090.0
SRR9094182	OTHER	public	SRX5869396	Illumina NovaSeq 6000	ILLUMINA	SRS4792515	SAMN11785767	Mus musculus	SRP198970	2020-08-21 00:00:00 UTC	PRJNA543864	127	368	public	10090.0
SRR9094183	OTHER	public	SRX5869397	Illumina NovaSeq 6000	ILLUMINA	SRS4792513	SAMN11785766	Mus musculus	SRP198970	2020-08-21 00:00:00 UTC	PRJNA543864	139	397	public	10090.0
SRR9094184	OTHER	public	SRX5869398	Illumina NovaSeq 6000	ILLUMINA	SRS4792516	SAMN11785765	Mus musculus	SRP198970	2020-08-21 00:00:00 UTC	PRJNA543864	157	453	public	10090.0
SRR9094185	OTHER	public	SRX5869399	Illumina NovaSeq 6000	ILLUMINA	SRS4792518	SAMN11785764	Mus musculus	SRP198970	2020-08-21 00:00:00 UTC	PRJNA543864	136	388	public	10090.0
SRR9094186	OTHER	public	SRX5869408	Illumina NovaSeq 6000	ILLUMINA	SRS4792527	SAMN11785763	Mus musculus	SRP198970	2020-08-21 00:00:00 UTC	PRJNA543864	58	162	public	10090.0
SRR9094187	OTHER	public	SRX5869409	Illumina NovaSeq 6000	ILLUMINA	SRS4792526	SAMN11785762	Mus musculus	SRP198970	2020-08-21 00:00:00 UTC	PRJNA543864	169	477	public	10090.0
SRR9094188	OTHER	public	SRX5869410	Illumina NovaSeq 6000	ILLUMINA	SRS4792528	SAMN11785761	Mus musculus	SRP198970	2020-08-21 00:00:00 UTC	PRJNA543864	253	723	public	10090.0
SRR9094189	OTHER	public	SRX5869411	Illumina NovaSeq 6000	ILLUMINA	SRS4792529	SAMN11785760	Mus musculus	SRP198970	2020-08-21 00:00:00 UTC	PRJNA543864	221	633	public	10090.0
SRR9094190	OTHER	public	SRX5869412	Illumina NovaSeq 6000	ILLUMINA	SRS4792530	SAMN11785759	Mus musculus	SRP198970	2020-08-21 00:00:00 UTC	PRJNA543864	210	605	public	10090.0
SRR9094191	OTHER	public	SRX5869413	Illumina NovaSeq 6000	ILLUMINA	SRS4792532	SAMN11785812	Mus musculus	SRP198970	2020-08-21 00:00:00 UTC	PRJNA543864	182	523	public	10090.0
SRR9094192	OTHER	public	SRX5869414	Illumina NovaSeq 6000	ILLUMINA	SRS4792531	SAMN11785811	Mus musculus	SRP198970	2020-08-21 00:00:00 UTC	PRJNA543864	177	497	public	10090.0
SRR9094193	OTHER	public	SRX5869415	Illumina NovaSeq 6000	ILLUMINA	SRS4792533	SAMN11785810	Mus musculus	SRP198970	2020-08-21 00:00:00 UTC	PRJNA543864	236	661	public	10090.0
SRR9094194	OTHER	public	SRX5869416	Illumina NovaSeq 6000	ILLUMINA	SRS4792535	SAMN11785809	Mus musculus	SRP198970	2020-08-21 00:00:00 UTC	PRJNA543864	261	748	public	10090.0
SRR9094195	OTHER	public	SRX5869417	Illumina NovaSeq 6000	ILLUMINA	SRS4792534	SAMN11785808	Mus musculus	SRP198970	2020-08-21 00:00:00 UTC	PRJNA543864	256	721	public	10090.0
SRR9094196	OTHER	public	SRX5869418	Illumina NovaSeq 6000	ILLUMINA	SRS4792536	SAMN11785807	Mus musculus	SRP198970	2020-08-21 00:00:00 UTC	PRJNA543864	230	648	public	10090.0
SRR9094197	OTHER	public	SRX5869419	Illumina NovaSeq 6000	ILLUMINA	SRS4792537	SAMN11785806	Mus musculus	SRP198970	2020-08-21 00:00:00 UTC	PRJNA543864	196	552	public	10090.0
SRR9094198	OTHER	public	SRX5869420	Illumina NovaSeq 6000	ILLUMINA	SRS4792538	SAMN11785805	Mus musculus	SRP198970	2020-08-21 00:00:00 UTC	PRJNA543864	203	571	public	10090.0
SRR9094199	OTHER	public	SRX5869421	Illumina NovaSeq 6000	ILLUMINA	SRS4792539	SAMN11785804	Mus musculus	SRP198970	2020-08-21 00:00:00 UTC	PRJNA543864	175	496	public	10090.0
SRR9094200	OTHER	public	SRX5869422	Illumina NovaSeq 6000	ILLUMINA	SRS4792540	SAMN11785803	Mus musculus	SRP198970	2020-08-21 00:00:00 UTC	PRJNA543864	70	199	public	10090.0
SRR9094201	OTHER	public	SRX5869423	Illumina NovaSeq 6000	ILLUMINA	SRS4792541	SAMN11785802	Mus musculus	SRP198970	2020-08-21 00:00:00 UTC	PRJNA543864	75	215	public	10090.0
SRR9094202	OTHER	public	SRX5868215	Illumina NovaSeq 6000	ILLUMINA	SRS4791333	SAMN11785801	Mus musculus	SRP198970	2020-08-21 00:00:00 UTC	PRJNA543864	72	204	public	10090.0
SRR9094203	OTHER	public	SRX5868216	Illumina NovaSeq 6000	ILLUMINA	SRS4791334	SAMN11785800	Mus musculus	SRP198970	2020-08-21 00:00:00 UTC	PRJNA543864	58	165	public	10090.0
SRR9094204	OTHER	public	SRX5868217	Illumina NovaSeq 6000	ILLUMINA	SRS4791335	SAMN11785799	Mus musculus	SRP198970	2020-08-21 00:00:00 UTC	PRJNA543864	399	1106	public	10090.0
SRR9094205	OTHER	public	SRX5868218	Illumina NovaSeq 6000	ILLUMINA	SRS4791336	SAMN11785798	Mus musculus	SRP198970	2020-08-21 00:00:00 UTC	PRJNA543864	383	1061	public	10090.0
SRR9094206	OTHER	public	SRX5868219	Illumina NovaSeq 6000	ILLUMINA	SRS4791337	SAMN11786027	Mus musculus	SRP198970	2020-08-21 00:00:00 UTC	PRJNA543864	82	232	public	10090.0
SRR9094207	OTHER	public	SRX5868220	Illumina NovaSeq 6000	ILLUMINA	SRS4791338	SAMN11786026	Mus musculus	SRP198970	2020-08-21 00:00:00 UTC	PRJNA543864	534	1500	public	10090.0
SRR9094208	OTHER	public	SRX5868221	Illumina NovaSeq 6000	ILLUMINA	SRS4791339	SAMN11786025	Mus musculus	SRP198970	2020-08-21 00:00:00 UTC	PRJNA543864	296	834	public	10090.0
SRR9094209	OTHER	public	SRX5868223	Illumina NovaSeq 6000	ILLUMINA	SRS4791341	SAMN11786024	Mus musculus	SRP198970	2020-08-21 00:00:00 UTC	PRJNA543864	69	196	public	10090.0
SRR9094210	OTHER	public	SRX5868224	Illumina NovaSeq 6000	ILLUMINA	SRS4791342	SAMN11786023	Mus musculus	SRP198970	2020-08-21 00:00:00 UTC	PRJNA543864	281	778	public	10090.0
SRR9094211	OTHER	public	SRX5868225	Illumina NovaSeq 6000	ILLUMINA	SRS4791343	SAMN11786022	Mus musculus	SRP198970	2020-08-21 00:00:00 UTC	PRJNA543864	68	194	public	10090.0
SRR9094212	OTHER	public	SRX5868226	Illumina NovaSeq 6000	ILLUMINA	SRS4791344	SAMN11786021	Mus musculus	SRP198970	2020-08-21 00:00:00 UTC	PRJNA543864	342	947	public	10090.0
SRR9094213	OTHER	public	SRX5868227	Illumina NovaSeq 6000	ILLUMINA	SRS4791345	SAMN11786020	Mus musculus	SRP198970	2020-08-21 00:00:00 UTC	PRJNA543864	73	205	public	10090.0
SRR9094214	OTHER	public	SRX5868228	Illumina NovaSeq 6000	ILLUMINA	SRS4791346	SAMN11786019	Mus musculus	SRP198970	2020-08-21 00:00:00 UTC	PRJNA543864	68	194	public	10090.0
SRR9094215	OTHER	public	SRX5868229	Illumina NovaSeq 6000	ILLUMINA	SRS4791347	SAMN11786018	Mus musculus	SRP198970	2020-08-21 00:00:00 UTC	PRJNA543864	337	938	public	10090.0
SRR9094216	OTHER	public	SRX5868230	Illumina NovaSeq 6000	ILLUMINA	SRS4791348	SAMN11786017	Mus musculus	SRP198970	2020-08-21 00:00:00 UTC	PRJNA543864	344	958	public	10090.0
SRR9094217	OTHER	public	SRX5868231	Illumina NovaSeq 6000	ILLUMINA	SRS4791349	SAMN11786016	Mus musculus	SRP198970	2020-08-21 00:00:00 UTC	PRJNA543864	89	251	public	10090.0
SRR9094218	OTHER	public	SRX5868232	Illumina NovaSeq 6000	ILLUMINA	SRS4791350	SAMN11786015	Mus musculus	SRP198970	2020-08-21 00:00:00 UTC	PRJNA543864	84	237	public	10090.0
SRR9094219	OTHER	public	SRX5868233	Illumina NovaSeq 6000	ILLUMINA	SRS4791351	SAMN11786014	Mus musculus	SRP198970	2020-08-21 00:00:00 UTC	PRJNA543864	80	226	public	10090.0
SRR9094220	OTHER	public	SRX5868234	Illumina NovaSeq 6000	ILLUMINA	SRS4791352	SAMN11786013	Mus musculus	SRP198970	2020-08-21 00:00:00 UTC	PRJNA543864	70	200	public	10090.0
SRR9094221	OTHER	public	SRX5868235	Illumina NovaSeq 6000	ILLUMINA	SRS4791353	SAMN11786012	Mus musculus	SRP198970	2020-08-21 00:00:00 UTC	PRJNA543864	98	276	public	10090.0
SRR9094222	OTHER	public	SRX5868236	Illumina NovaSeq 6000	ILLUMINA	SRS4791354	SAMN11786011	Mus musculus	SRP198970	2020-08-21 00:00:00 UTC	PRJNA543864	78	216	public	10090.0
SRR9094223	OTHER	public	SRX5868237	Illumina NovaSeq 6000	ILLUMINA	SRS4791355	SAMN11786055	Mus musculus	SRP198970	2020-08-21 00:00:00 UTC	PRJNA543864	82	232	public	10090.0
SRR9094224	OTHER	public	SRX5868238	Illumina NovaSeq 6000	ILLUMINA	SRS4791356	SAMN11786054	Mus musculus	SRP198970	2020-08-21 00:00:00 UTC	PRJNA543864	83	230	public	10090.0
SRR9094225	OTHER	public	SRX5868239	Illumina NovaSeq 6000	ILLUMINA	SRS4791357	SAMN11786053	Mus musculus	SRP198970	2020-08-21 00:00:00 UTC	PRJNA543864	82	230	public	10090.0
SRR9094226	OTHER	public	SRX5868240	Illumina NovaSeq 6000	ILLUMINA	SRS4791358	SAMN11786051	Mus musculus	SRP198970	2020-08-21 00:00:00 UTC	PRJNA543864	121	338	public	10090.0
SRR9094227	OTHER	public	SRX5868241	Illumina NovaSeq 6000	ILLUMINA	SRS4791359	SAMN11786050	Mus musculus	SRP198970	2020-08-21 00:00:00 UTC	PRJNA543864	86	242	public	10090.0
SRR9094228	OTHER	public	SRX5868242	Illumina NovaSeq 6000	ILLUMINA	SRS4791360	SAMN11786049	Mus musculus	SRP198970	2020-08-21 00:00:00 UTC	PRJNA543864	72	205	public	10090.0
SRR9094229	OTHER	public	SRX5868243	Illumina NovaSeq 6000	ILLUMINA	SRS4791361	SAMN11786048	Mus musculus	SRP198970	2020-08-21 00:00:00 UTC	PRJNA543864	81	230	public	10090.0
SRR9094230	OTHER	public	SRX5868244	Illumina NovaSeq 6000	ILLUMINA	SRS4791362	SAMN11786047	Mus musculus	SRP198970	2020-08-21 00:00:00 UTC	PRJNA543864	90	253	public	10090.0
SRR9094231	OTHER	public	SRX5868245	Illumina NovaSeq 6000	ILLUMINA	SRS4791363	SAMN11786046	Mus musculus	SRP198970	2020-08-21 00:00:00 UTC	PRJNA543864	146	414	public	10090.0
SRR9094232	OTHER	public	SRX5868246	Illumina NovaSeq 6000	ILLUMINA	SRS4791364	SAMN11786045	Mus musculus	SRP198970	2020-08-21 00:00:00 UTC	PRJNA543864	73	210	public	10090.0
SRR9094233	OTHER	public	SRX5868247	Illumina NovaSeq 6000	ILLUMINA	SRS4791365	SAMN11786044	Mus musculus	SRP198970	2020-08-21 00:00:00 UTC	PRJNA543864	69	200	public	10090.0
SRR9094234	OTHER	public	SRX5868248	Illumina NovaSeq 6000	ILLUMINA	SRS4791366	SAMN11786043	Mus musculus	SRP198970	2020-08-21 00:00:00 UTC	PRJNA543864	61	176	public	10090.0
SRR9094235	OTHER	public	SRX5868249	Illumina NovaSeq 6000	ILLUMINA	SRS4791367	SAMN11786042	Mus musculus	SRP198970	2020-08-21 00:00:00 UTC	PRJNA543864	79	226	public	10090.0
SRR9094236	OTHER	public	SRX5868250	Illumina NovaSeq 6000	ILLUMINA	SRS4791368	SAMN11785966	Mus musculus	SRP198970	2020-08-21 00:00:00 UTC	PRJNA543864	84	234	public	10090.0
SRR9094237	OTHER	public	SRX5868251	Illumina NovaSeq 6000	ILLUMINA	SRS4791369	SAMN11786010	Mus musculus	SRP198970	2020-08-21 00:00:00 UTC	PRJNA543864	57	162	public	10090.0
SRR9094238	OTHER	public	SRX5868252	Illumina NovaSeq 6000	ILLUMINA	SRS4791370	SAMN11786009	Mus musculus	SRP198970	2020-08-21 00:00:00 UTC	PRJNA543864	80	227	public	10090.0
SRR9094239	OTHER	public	SRX5868253	Illumina NovaSeq 6000	ILLUMINA	SRS4791371	SAMN11786008	Mus musculus	SRP198970	2020-08-21 00:00:00 UTC	PRJNA543864	77	216	public	10090.0
SRR9094240	OTHER	public	SRX5868254	Illumina NovaSeq 6000	ILLUMINA	SRS4791372	SAMN11786007	Mus musculus	SRP198970	2020-08-21 00:00:00 UTC	PRJNA543864	85	240	public	10090.0
SRR9094241	OTHER	public	SRX5868255	Illumina NovaSeq 6000	ILLUMINA	SRS4791373	SAMN11786006	Mus musculus	SRP198970	2020-08-21 00:00:00 UTC	PRJNA543864	79	222	public	10090.0
SRR9094242	OTHER	public	SRX5868256	Illumina NovaSeq 6000	ILLUMINA	SRS4791374	SAMN11786005	Mus musculus	SRP198970	2020-08-21 00:00:00 UTC	PRJNA543864	94	264	public	10090.0
SRR9094243	OTHER	public	SRX5868257	Illumina NovaSeq 6000	ILLUMINA	SRS4791375	SAMN11786004	Mus musculus	SRP198970	2020-08-21 00:00:00 UTC	PRJNA543864	61	169	public	10090.0
SRR9094244	OTHER	public	SRX5868258	Illumina NovaSeq 6000	ILLUMINA	SRS4791376	SAMN11786003	Mus musculus	SRP198970	2020-08-21 00:00:00 UTC	PRJNA543864	60	167	public	10090.0
SRR9094245	OTHER	public	SRX5868259	Illumina NovaSeq 6000	ILLUMINA	SRS4791377	SAMN11786002	Mus musculus	SRP198970	2020-08-21 00:00:00 UTC	PRJNA543864	72	205	public	10090.0
SRR9094246	OTHER	public	SRX5868260	Illumina NovaSeq 6000	ILLUMINA	SRS4791378	SAMN11786001	Mus musculus	SRP198970	2020-08-21 00:00:00 UTC	PRJNA543864	82	231	public	10090.0
SRR9094247	OTHER	public	SRX5868261	Illumina NovaSeq 6000	ILLUMINA	SRS4791379	SAMN11786000	Mus musculus	SRP198970	2020-08-21 00:00:00 UTC	PRJNA543864	80	226	public	10090.0
SRR9094248	OTHER	public	SRX5868262	Illumina NovaSeq 6000	ILLUMINA	SRS4791380	SAMN11785999	Mus musculus	SRP198970	2020-08-21 00:00:00 UTC	PRJNA543864	68	188	public	10090.0
SRR9094249	OTHER	public	SRX5868263	Illumina NovaSeq 6000	ILLUMINA	SRS4791381	SAMN11785998	Mus musculus	SRP198970	2020-08-21 00:00:00 UTC	PRJNA543864	65	182	public	10090.0
SRR9094250	OTHER	public	SRX5868264	Illumina NovaSeq 6000	ILLUMINA	SRS4791382	SAMN11785997	Mus musculus	SRP198970	2020-08-21 00:00:00 UTC	PRJNA543864	65	180	public	10090.0
SRR9094251	OTHER	public	SRX5868265	Illumina NovaSeq 6000	ILLUMINA	SRS4791383	SAMN11785996	Mus musculus	SRP198970	2020-08-21 00:00:00 UTC	PRJNA543864	64	182	public	10090.0
SRR9094252	OTHER	public	SRX5868266	Illumina NovaSeq 6000	ILLUMINA	SRS4791384	SAMN11785995	Mus musculus	SRP198970	2020-08-21 00:00:00 UTC	PRJNA543864	99	275	public	10090.0
SRR9094253	OTHER	public	SRX5868267	Illumina NovaSeq 6000	ILLUMINA	SRS4791385	SAMN11785994	Mus musculus	SRP198970	2020-08-21 00:00:00 UTC	PRJNA543864	88	246	public	10090.0
SRR9094254	OTHER	public	SRX5868268	Illumina NovaSeq 6000	ILLUMINA	SRS4791386	SAMN11785993	Mus musculus	SRP198970	2020-08-21 00:00:00 UTC	PRJNA543864	81	225	public	10090.0
SRR9094255	OTHER	public	SRX5868269	Illumina NovaSeq 6000	ILLUMINA	SRS4791388	SAMN11785992	Mus musculus	SRP198970	2020-08-21 00:00:00 UTC	PRJNA543864	173	501	public	10090.0
SRR9094256	OTHER	public	SRX5868270	Illumina NovaSeq 6000	ILLUMINA	SRS4791387	SAMN11785991	Mus musculus	SRP198970	2020-08-21 00:00:00 UTC	PRJNA543864	99	277	public	10090.0
SRR9094257	OTHER	public	SRX5868271	Illumina NovaSeq 6000	ILLUMINA	SRS4791390	SAMN11785990	Mus musculus	SRP198970	2020-08-21 00:00:00 UTC	PRJNA543864	94	262	public	10090.0
SRR9094258	OTHER	public	SRX5868272	Illumina NovaSeq 6000	ILLUMINA	SRS4791389	SAMN11785989	Mus musculus	SRP198970	2020-08-21 00:00:00 UTC	PRJNA543864	99	276	public	10090.0
SRR9094259	OTHER	public	SRX5868273	Illumina NovaSeq 6000	ILLUMINA	SRS4791391	SAMN11785988	Mus musculus	SRP198970	2020-08-21 00:00:00 UTC	PRJNA543864	239	687	public	10090.0
SRR9094260	OTHER	public	SRX5868274	Illumina NovaSeq 6000	ILLUMINA	SRS4791392	SAMN11786033	Mus musculus	SRP198970	2020-08-21 00:00:00 UTC	PRJNA543864	86	243	public	10090.0
SRR9094261	OTHER	public	SRX5868275	Illumina NovaSeq 6000	ILLUMINA	SRS4791393	SAMN11786032	Mus musculus	SRP198970	2020-08-21 00:00:00 UTC	PRJNA543864	245	697	public	10090.0
SRR9094262	OTHER	public	SRX5868276	Illumina NovaSeq 6000	ILLUMINA	SRS4791394	SAMN11786031	Mus musculus	SRP198970	2020-08-21 00:00:00 UTC	PRJNA543864	278	799	public	10090.0
SRR9094263	OTHER	public	SRX5868277	Illumina NovaSeq 6000	ILLUMINA	SRS4791395	SAMN11786030	Mus musculus	SRP198970	2020-08-21 00:00:00 UTC	PRJNA543864	338	967	public	10090.0
SRR9094264	OTHER	public	SRX5868278	Illumina NovaSeq 6000	ILLUMINA	SRS4791396	SAMN11786029	Mus musculus	SRP198970	2020-08-21 00:00:00 UTC	PRJNA543864	329	945	public	10090.0
SRR9094265	OTHER	public	SRX5868279	Illumina NovaSeq 6000	ILLUMINA	SRS4791397	SAMN11786028	Mus musculus	SRP198970	2020-08-21 00:00:00 UTC	PRJNA543864	281	808	public	10090.0
SRR9094266	OTHER	public	SRX5868280	Illumina NovaSeq 6000	ILLUMINA	SRS4791399	SAMN11785709	Mus musculus	SRP198970	2020-08-21 00:00:00 UTC	PRJNA543864	354	994	public	10090.0
SRR9094267	OTHER	public	SRX5868281	Illumina NovaSeq 6000	ILLUMINA	SRS4791398	SAMN11785708	Mus musculus	SRP198970	2020-08-21 00:00:00 UTC	PRJNA543864	109	309	public	10090.0
SRR9094268	OTHER	public	SRX5868282	Illumina NovaSeq 6000	ILLUMINA	SRS4791401	SAMN11785707	Mus musculus	SRP198970	2020-08-21 00:00:00 UTC	PRJNA543864	308	863	public	10090.0
SRR9094269	OTHER	public	SRX5868283	Illumina NovaSeq 6000	ILLUMINA	SRS4791400	SAMN11785706	Mus musculus	SRP198970	2020-08-21 00:00:00 UTC	PRJNA543864	342	964	public	10090.0
SRR9094270	OTHER	public	SRX5868284	Illumina NovaSeq 6000	ILLUMINA	SRS4791402	SAMN11785705	Mus musculus	SRP198970	2020-08-21 00:00:00 UTC	PRJNA543864	363	1024	public	10090.0
SRR9094271	OTHER	public	SRX5868285	Illumina NovaSeq 6000	ILLUMINA	SRS4791403	SAMN11785699	Mus musculus	SRP198970	2020-08-21 00:00:00 UTC	PRJNA543864	291	821	public	10090.0
SRR9094272	OTHER	public	SRX5868286	Illumina NovaSeq 6000	ILLUMINA	SRS4791405	SAMN11785698	Mus musculus	SRP198970	2020-08-21 00:00:00 UTC	PRJNA543864	294	829	public	10090.0
SRR9094273	OTHER	public	SRX5868287	Illumina NovaSeq 6000	ILLUMINA	SRS4791404	SAMN11785696	Mus musculus	SRP198970	2020-08-21 00:00:00 UTC	PRJNA543864	48	139	public	10090.0
SRR9094274	OTHER	public	SRX5868288	Illumina NovaSeq 6000	ILLUMINA	SRS4791406	SAMN11785704	Mus musculus	SRP198970	2020-08-21 00:00:00 UTC	PRJNA543864	254	716	public	10090.0
SRR9094275	OTHER	public	SRX5868289	Illumina NovaSeq 6000	ILLUMINA	SRS4791407	SAMN11785703	Mus musculus	SRP198970	2020-08-21 00:00:00 UTC	PRJNA543864	132	376	public	10090.0
SRR9094276	OTHER	public	SRX5868290	Illumina NovaSeq 6000	ILLUMINA	SRS4791408	SAMN11785702	Mus musculus	SRP198970	2020-08-21 00:00:00 UTC	PRJNA543864	916	2579	public	10090.0
SRR9094277	OTHER	public	SRX5868291	Illumina NovaSeq 6000	ILLUMINA	SRS4791409	SAMN11785701	Mus musculus	SRP198970	2020-08-21 00:00:00 UTC	PRJNA543864	898	2528	public	10090.0
SRR9094278	OTHER	public	SRX5868292	Illumina NovaSeq 6000	ILLUMINA	SRS4791410	SAMN11785700	Mus musculus	SRP198970	2020-08-21 00:00:00 UTC	PRJNA543864	816	2307	public	10090.0
SRR9094279	OTHER	public	SRX5868293	Illumina NovaSeq 6000	ILLUMINA	SRS4791411	SAMN11785695	Mus musculus	SRP198970	2020-08-21 00:00:00 UTC	PRJNA543864	879	2497	public	10090.0
SRR9094280	OTHER	public	SRX5868294	Illumina NovaSeq 6000	ILLUMINA	SRS4791412	SAMN11785694	Mus musculus	SRP198970	2020-08-21 00:00:00 UTC	PRJNA543864	780	2214	public	10090.0
SRR9094281	OTHER	public	SRX5868295	Illumina NovaSeq 6000	ILLUMINA	SRS4791413	SAMN11785693	Mus musculus	SRP198970	2020-08-21 00:00:00 UTC	PRJNA543864	779	2218	public	10090.0
SRR9094282	OTHER	public	SRX5868296	Illumina NovaSeq 6000	ILLUMINA	SRS4791414	SAMN11785692	Mus musculus	SRP198970	2020-08-21 00:00:00 UTC	PRJNA543864	767	2196	public	10090.0
SRR9094283	OTHER	public	SRX5868297	Illumina NovaSeq 6000	ILLUMINA	SRS4791415	SAMN11785691	Mus musculus	SRP198970	2020-08-21 00:00:00 UTC	PRJNA543864	66	187	public	10090.0
SRR9094284	OTHER	public	SRX5868298	Illumina NovaSeq 6000	ILLUMINA	SRS4791416	SAMN11785690	Mus musculus	SRP198970	2020-08-21 00:00:00 UTC	PRJNA543864	52	147	public	10090.0
SRR9094285	OTHER	public	SRX5868299	Illumina NovaSeq 6000	ILLUMINA	SRS4791417	SAMN11785689	Mus musculus	SRP198970	2020-08-21 00:00:00 UTC	PRJNA543864	55	157	public	10090.0
SRR9094286	OTHER	public	SRX5868300	Illumina NovaSeq 6000	ILLUMINA	SRS4791418	SAMN11785688	Mus musculus	SRP198970	2020-08-21 00:00:00 UTC	PRJNA543864	101	278	public	10090.0
SRR9094287	OTHER	public	SRX5868301	Illumina NovaSeq 6000	ILLUMINA	SRS4791419	SAMN11785687	Mus musculus	SRP198970	2020-08-21 00:00:00 UTC	PRJNA543864	58	164	public	10090.0
SRR9094288	OTHER	public	SRX5868302	Illumina NovaSeq 6000	ILLUMINA	SRS4791420	SAMN11785686	Mus musculus	SRP198970	2020-08-21 00:00:00 UTC	PRJNA543864	53	151	public	10090.0
SRR9094289	OTHER	public	SRX5868303	Illumina NovaSeq 6000	ILLUMINA	SRS4791421	SAMN11785685	Mus musculus	SRP198970	2020-08-21 00:00:00 UTC	PRJNA543864	903	2526	public	10090.0
SRR9094290	OTHER	public	SRX5868304	Illumina NovaSeq 6000	ILLUMINA	SRS4791422	SAMN11785684	Mus musculus	SRP198970	2020-08-21 00:00:00 UTC	PRJNA543864	128	368	public	10090.0
SRR9094291	OTHER	public	SRX5868305	Illumina NovaSeq 6000	ILLUMINA	SRS4791423	SAMN11785683	Mus musculus	SRP198970	2020-08-21 00:00:00 UTC	PRJNA543864	127	360	public	10090.0
SRR9094292	OTHER	public	SRX5868306	Illumina NovaSeq 6000	ILLUMINA	SRS4791424	SAMN11785682	Mus musculus	SRP198970	2020-08-21 00:00:00 UTC	PRJNA543864	132	375	public	10090.0
SRR9094293	OTHER	public	SRX5868307	Illumina NovaSeq 6000	ILLUMINA	SRS4791425	SAMN11785681	Mus musculus	SRP198970	2020-08-21 00:00:00 UTC	PRJNA543864	113	317	public	10090.0
SRR9094294	OTHER	public	SRX5868308	Illumina NovaSeq 6000	ILLUMINA	SRS4791426	SAMN11785680	Mus musculus	SRP198970	2020-08-21 00:00:00 UTC	PRJNA543864	134	382	public	10090.0
SRR9094295	OTHER	public	SRX5868309	Illumina NovaSeq 6000	ILLUMINA	SRS4791427	SAMN11785679	Mus musculus	SRP198970	2020-08-21 00:00:00 UTC	PRJNA543864	139	396	public	10090.0
SRR9094296	OTHER	public	SRX5868310	Illumina NovaSeq 6000	ILLUMINA	SRS4791428	SAMN11785678	Mus musculus	SRP198970	2020-08-21 00:00:00 UTC	PRJNA543864	120	344	public	10090.0
SRR9094297	OTHER	public	SRX5868311	Illumina NovaSeq 6000	ILLUMINA	SRS4791429	SAMN11785677	Mus musculus	SRP198970	2020-08-21 00:00:00 UTC	PRJNA543864	115	328	public	10090.0
SRR9094298	OTHER	public	SRX5868312	Illumina NovaSeq 6000	ILLUMINA	SRS4791430	SAMN11785676	Mus musculus	SRP198970	2020-08-21 00:00:00 UTC	PRJNA543864	144	411	public	10090.0
SRR9094299	OTHER	public	SRX5868313	Illumina NovaSeq 6000	ILLUMINA	SRS4791432	SAMN11785673	Mus musculus	SRP198970	2020-08-21 00:00:00 UTC	PRJNA543864	130	373	public	10090.0
SRR9094300	OTHER	public	SRX5868314	Illumina NovaSeq 6000	ILLUMINA	SRS4791431	SAMN11785672	Mus musculus	SRP198970	2020-08-21 00:00:00 UTC	PRJNA543864	123	351	public	10090.0
SRR9094301	OTHER	public	SRX5868315	Illumina NovaSeq 6000	ILLUMINA	SRS4791433	SAMN11785734	Mus musculus	SRP198970	2020-08-21 00:00:00 UTC	PRJNA543864	83	240	public	10090.0
SRR9094302	OTHER	public	SRX5868316	Illumina NovaSeq 6000	ILLUMINA	SRS4791434	SAMN11785733	Mus musculus	SRP198970	2020-08-21 00:00:00 UTC	PRJNA543864	110	314	public	10090.0
SRR9094303	OTHER	public	SRX5868317	Illumina NovaSeq 6000	ILLUMINA	SRS4791435	SAMN11785732	Mus musculus	SRP198970	2020-08-21 00:00:00 UTC	PRJNA543864	141	402	public	10090.0
SRR9094304	OTHER	public	SRX5868318	Illumina NovaSeq 6000	ILLUMINA	SRS4791436	SAMN11785675	Mus musculus	SRP198970	2020-08-21 00:00:00 UTC	PRJNA543864	261	742	public	10090.0
SRR9094305	OTHER	public	SRX5868319	Illumina NovaSeq 6000	ILLUMINA	SRS4791437	SAMN11785674	Mus musculus	SRP198970	2020-08-21 00:00:00 UTC	PRJNA543864	120	345	public	10090.0
SRR9094306	OTHER	public	SRX5868320	Illumina NovaSeq 6000	ILLUMINA	SRS4791438	SAMN11785731	Mus musculus	SRP198970	2020-08-21 00:00:00 UTC	PRJNA543864	139	399	public	10090.0
SRR9094307	OTHER	public	SRX5868321	Illumina NovaSeq 6000	ILLUMINA	SRS4791439	SAMN11785730	Mus musculus	SRP198970	2020-08-21 00:00:00 UTC	PRJNA543864	200	568	public	10090.0
SRR9094308	OTHER	public	SRX5868322	Illumina NovaSeq 6000	ILLUMINA	SRS4791440	SAMN11785729	Mus musculus	SRP198970	2020-08-21 00:00:00 UTC	PRJNA543864	314	902	public	10090.0
SRR9094309	OTHER	public	SRX5868323	Illumina NovaSeq 6000	ILLUMINA	SRS4791441	SAMN11785728	Mus musculus	SRP198970	2020-08-21 00:00:00 UTC	PRJNA543864	169	483	public	10090.0
SRR9094310	OTHER	public	SRX5868324	Illumina NovaSeq 6000	ILLUMINA	SRS4791442	SAMN11785727	Mus musculus	SRP198970	2020-08-21 00:00:00 UTC	PRJNA543864	272	772	public	10090.0
SRR9094311	OTHER	public	SRX5868325	Illumina NovaSeq 6000	ILLUMINA	SRS4791443	SAMN11785726	Mus musculus	SRP198970	2020-08-21 00:00:00 UTC	PRJNA543864	223	630	public	10090.0
SRR9094312	OTHER	public	SRX5868326	Illumina NovaSeq 6000	ILLUMINA	SRS4791444	SAMN11785725	Mus musculus	SRP198970	2020-08-21 00:00:00 UTC	PRJNA543864	151	435	public	10090.0
SRR9094313	OTHER	public	SRX5868327	Illumina NovaSeq 6000	ILLUMINA	SRS4791445	SAMN11785724	Mus musculus	SRP198970	2020-08-21 00:00:00 UTC	PRJNA543864	292	834	public	10090.0
SRR9094314	OTHER	public	SRX5868328	Illumina NovaSeq 6000	ILLUMINA	SRS4791446	SAMN11785723	Mus musculus	SRP198970	2020-08-21 00:00:00 UTC	PRJNA543864	74	204	public	10090.0
SRR9094315	OTHER	public	SRX5868329	Illumina NovaSeq 6000	ILLUMINA	SRS4791447	SAMN11785722	Mus musculus	SRP198970	2020-08-21 00:00:00 UTC	PRJNA543864	108	305	public	10090.0
SRR9094316	OTHER	public	SRX5868330	Illumina NovaSeq 6000	ILLUMINA	SRS4791449	SAMN11785721	Mus musculus	SRP198970	2020-08-21 00:00:00 UTC	PRJNA543864	364	1030	public	10090.0
SRR9094317	OTHER	public	SRX5868331	Illumina NovaSeq 6000	ILLUMINA	SRS4791448	SAMN11785720	Mus musculus	SRP198970	2020-08-21 00:00:00 UTC	PRJNA543864	372	1057	public	10090.0
SRR9094318	OTHER	public	SRX5868332	Illumina NovaSeq 6000	ILLUMINA	SRS4791450	SAMN11785719	Mus musculus	SRP198970	2020-08-21 00:00:00 UTC	PRJNA543864	336	954	public	10090.0
SRR9094319	OTHER	public	SRX5868333	Illumina NovaSeq 6000	ILLUMINA	SRS4791451	SAMN11785718	Mus musculus	SRP198970	2020-08-21 00:00:00 UTC	PRJNA543864	344	976	public	10090.0
SRR9094320	OTHER	public	SRX5868334	Illumina NovaSeq 6000	ILLUMINA	SRS4791452	SAMN11785717	Mus musculus	SRP198970	2020-08-21 00:00:00 UTC	PRJNA543864	887	2438	public	10090.0
SRR9094321	OTHER	public	SRX5868335	Illumina NovaSeq 6000	ILLUMINA	SRS4791453	SAMN11785716	Mus musculus	SRP198970	2020-08-21 00:00:00 UTC	PRJNA543864	680	1868	public	10090.0
SRR9094322	OTHER	public	SRX5868336	Illumina NovaSeq 6000	ILLUMINA	SRS4791454	SAMN11785715	Mus musculus	SRP198970	2020-08-21 00:00:00 UTC	PRJNA543864	889	2459	public	10090.0
SRR9094323	OTHER	public	SRX5868337	Illumina NovaSeq 6000	ILLUMINA	SRS4791455	SAMN11785714	Mus musculus	SRP198970	2020-08-21 00:00:00 UTC	PRJNA543864	810	2241	public	10090.0
SRR9094324	OTHER	public	SRX5868338	Illumina NovaSeq 6000	ILLUMINA	SRS4791456	SAMN11785713	Mus musculus	SRP198970	2020-08-21 00:00:00 UTC	PRJNA543864	824	2279	public	10090.0
SRR9094325	OTHER	public	SRX5868339	Illumina NovaSeq 6000	ILLUMINA	SRS4791457	SAMN11785712	Mus musculus	SRP198970	2020-08-21 00:00:00 UTC	PRJNA543864	426	1189	public	10090.0
SRR9094326	OTHER	public	SRX5868340	Illumina NovaSeq 6000	ILLUMINA	SRS4791458	SAMN11785982	Mus musculus	SRP198970	2020-08-21 00:00:00 UTC	PRJNA543864	424	1182	public	10090.0
SRR9094327	OTHER	public	SRX5868341	Illumina NovaSeq 6000	ILLUMINA	SRS4791459	SAMN11785981	Mus musculus	SRP198970	2020-08-21 00:00:00 UTC	PRJNA543864	415	1163	public	10090.0
SRR9094328	OTHER	public	SRX5868342	Illumina NovaSeq 6000	ILLUMINA	SRS4791460	SAMN11785980	Mus musculus	SRP198970	2020-08-21 00:00:00 UTC	PRJNA543864	479	1340	public	10090.0
SRR9094329	OTHER	public	SRX5868343	Illumina NovaSeq 6000	ILLUMINA	SRS4791461	SAMN11785979	Mus musculus	SRP198970	2020-08-21 00:00:00 UTC	PRJNA543864	81	225	public	10090.0
SRR9094330	OTHER	public	SRX5868344	Illumina NovaSeq 6000	ILLUMINA	SRS4791462	SAMN11785978	Mus musculus	SRP198970	2020-08-21 00:00:00 UTC	PRJNA543864	365	1032	public	10090.0
SRR9094331	OTHER	public	SRX5868345	Illumina NovaSeq 6000	ILLUMINA	SRS4791463	SAMN11785977	Mus musculus	SRP198970	2020-08-21 00:00:00 UTC	PRJNA543864	66	184	public	10090.0
SRR9094332	OTHER	public	SRX5868346	Illumina NovaSeq 6000	ILLUMINA	SRS4791464	SAMN11785976	Mus musculus	SRP198970	2020-08-21 00:00:00 UTC	PRJNA543864	72	199	public	10090.0
SRR9094333	OTHER	public	SRX5868347	Illumina NovaSeq 6000	ILLUMINA	SRS4791466	SAMN11785975	Mus musculus	SRP198970	2020-08-21 00:00:00 UTC	PRJNA543864	77	213	public	10090.0
SRR9094334	OTHER	public	SRX5868348	Illumina NovaSeq 6000	ILLUMINA	SRS4791465	SAMN11785974	Mus musculus	SRP198970	2020-08-21 00:00:00 UTC	PRJNA543864	87	242	public	10090.0
SRR9094335	OTHER	public	SRX5868349	Illumina NovaSeq 6000	ILLUMINA	SRS4791467	SAMN11785973	Mus musculus	SRP198970	2020-08-21 00:00:00 UTC	PRJNA543864	458	1287	public	10090.0
SRR9094336	OTHER	public	SRX5868350	Illumina NovaSeq 6000	ILLUMINA	SRS4791468	SAMN11785972	Mus musculus	SRP198970	2020-08-21 00:00:00 UTC	PRJNA543864	406	1140	public	10090.0
SRR9094337	OTHER	public	SRX5868351	Illumina NovaSeq 6000	ILLUMINA	SRS4791469	SAMN11785971	Mus musculus	SRP198970	2020-08-21 00:00:00 UTC	PRJNA543864	421	1186	public	10090.0
SRR9094338	OTHER	public	SRX5868352	Illumina NovaSeq 6000	ILLUMINA	SRS4791470	SAMN11785970	Mus musculus	SRP198970	2020-08-21 00:00:00 UTC	PRJNA543864	79	219	public	10090.0
SRR9094339	OTHER	public	SRX5868353	Illumina NovaSeq 6000	ILLUMINA	SRS4791471	SAMN11785969	Mus musculus	SRP198970	2020-08-21 00:00:00 UTC	PRJNA543864	59	165	public	10090.0
SRR9094340	OTHER	public	SRX5868354	Illumina NovaSeq 6000	ILLUMINA	SRS4791472	SAMN11785968	Mus musculus	SRP198970	2020-08-21 00:00:00 UTC	PRJNA543864	53	150	public	10090.0
SRR9094341	OTHER	public	SRX5868355	Illumina NovaSeq 6000	ILLUMINA	SRS4791473	SAMN11785967	Mus musculus	SRP198970	2020-08-21 00:00:00 UTC	PRJNA543864	54	153	public	10090.0
SRR9094342	OTHER	public	SRX5868356	Illumina NovaSeq 6000	ILLUMINA	SRS4791474	SAMN11786952	Mus musculus	SRP198970	2020-08-21 00:00:00 UTC	PRJNA543864	51	146	public	10090.0
SRR9094343	OTHER	public	SRX5868357	Illumina NovaSeq 6000	ILLUMINA	SRS4791475	SAMN11786951	Mus musculus	SRP198970	2020-08-21 00:00:00 UTC	PRJNA543864	54	152	public	10090.0
SRR9094344	OTHER	public	SRX5868358	Illumina NovaSeq 6000	ILLUMINA	SRS4791476	SAMN11786950	Mus musculus	SRP198970	2020-08-21 00:00:00 UTC	PRJNA543864	90	257	public	10090.0
SRR9094345	OTHER	public	SRX5868359	Illumina NovaSeq 6000	ILLUMINA	SRS4791477	SAMN11786949	Mus musculus	SRP198970	2020-08-21 00:00:00 UTC	PRJNA543864	113	321	public	10090.0
SRR9094346	OTHER	public	SRX5868360	Illumina NovaSeq 6000	ILLUMINA	SRS4791478	SAMN11786948	Mus musculus	SRP198970	2020-08-21 00:00:00 UTC	PRJNA543864	108	307	public	10090.0
SRR9094347	OTHER	public	SRX5868361	Illumina NovaSeq 6000	ILLUMINA	SRS4791479	SAMN11786998	Mus musculus	SRP198970	2020-08-21 00:00:00 UTC	PRJNA543864	122	349	public	10090.0
SRR9094348	OTHER	public	SRX5868362	Illumina NovaSeq 6000	ILLUMINA	SRS4791480	SAMN11786997	Mus musculus	SRP198970	2020-08-21 00:00:00 UTC	PRJNA543864	117	335	public	10090.0
SRR9094349	OTHER	public	SRX5868363	Illumina NovaSeq 6000	ILLUMINA	SRS4791481	SAMN11786996	Mus musculus	SRP198970	2020-08-21 00:00:00 UTC	PRJNA543864	129	366	public	10090.0
SRR9094350	OTHER	public	SRX5868364	Illumina NovaSeq 6000	ILLUMINA	SRS4791482	SAMN11786995	Mus musculus	SRP198970	2020-08-21 00:00:00 UTC	PRJNA543864	87	249	public	10090.0
SRR9094351	OTHER	public	SRX5868365	Illumina NovaSeq 6000	ILLUMINA	SRS4791483	SAMN11786994	Mus musculus	SRP198970	2020-08-21 00:00:00 UTC	PRJNA543864	116	331	public	10090.0
SRR9094352	OTHER	public	SRX5868366	Illumina NovaSeq 6000	ILLUMINA	SRS4791484	SAMN11786915	Mus musculus	SRP198970	2020-08-21 00:00:00 UTC	PRJNA543864	157	448	public	10090.0
SRR9094353	OTHER	public	SRX5868367	Illumina NovaSeq 6000	ILLUMINA	SRS4791485	SAMN11786914	Mus musculus	SRP198970	2020-08-21 00:00:00 UTC	PRJNA543864	120	344	public	10090.0
SRR9094354	OTHER	public	SRX5868368	Illumina NovaSeq 6000	ILLUMINA	SRS4791486	SAMN11786913	Mus musculus	SRP198970	2020-08-21 00:00:00 UTC	PRJNA543864	151	434	public	10090.0
SRR9094355	OTHER	public	SRX5868369	Illumina NovaSeq 6000	ILLUMINA	SRS4791487	SAMN11786912	Mus musculus	SRP198970	2020-08-21 00:00:00 UTC	PRJNA543864	112	321	public	10090.0
SRR9094356	OTHER	public	SRX5868370	Illumina NovaSeq 6000	ILLUMINA	SRS4791489	SAMN11786911	Mus musculus	SRP198970	2020-08-21 00:00:00 UTC	PRJNA543864	581	1623	public	10090.0
SRR9094357	OTHER	public	SRX5868371	Illumina NovaSeq 6000	ILLUMINA	SRS4791488	SAMN11786910	Mus musculus	SRP198970	2020-08-21 00:00:00 UTC	PRJNA543864	134	383	public	10090.0
SRR9094358	OTHER	public	SRX5868372	Illumina NovaSeq 6000	ILLUMINA	SRS4791490	SAMN11786909	Mus musculus	SRP198970	2020-08-21 00:00:00 UTC	PRJNA543864	159	452	public	10090.0
SRR9094359	OTHER	public	SRX5868373	Illumina NovaSeq 6000	ILLUMINA	SRS4791492	SAMN11786908	Mus musculus	SRP198970	2020-08-21 00:00:00 UTC	PRJNA543864	535	1504	public	10090.0
SRR9094360	OTHER	public	SRX5868374	Illumina NovaSeq 6000	ILLUMINA	SRS4791491	SAMN11786907	Mus musculus	SRP198970	2020-08-21 00:00:00 UTC	PRJNA543864	799	2251	public	10090.0
SRR9094361	OTHER	public	SRX5868375	Illumina NovaSeq 6000	ILLUMINA	SRS4791493	SAMN11786906	Mus musculus	SRP198970	2020-08-21 00:00:00 UTC	PRJNA543864	849	2368	public	10090.0
SRR9094362	OTHER	public	SRX5868376	Illumina NovaSeq 6000	ILLUMINA	SRS4791494	SAMN11786947	Mus musculus	SRP198970	2020-08-21 00:00:00 UTC	PRJNA543864	248	695	public	10090.0
SRR9094363	OTHER	public	SRX5868377	Illumina NovaSeq 6000	ILLUMINA	SRS4791495	SAMN11786939	Mus musculus	SRP198970	2020-08-21 00:00:00 UTC	PRJNA543864	643	1791	public	10090.0
SRR9094364	OTHER	public	SRX5868378	Illumina NovaSeq 6000	ILLUMINA	SRS4791496	SAMN11786946	Mus musculus	SRP198970	2020-08-21 00:00:00 UTC	PRJNA543864	266	767	public	10090.0
SRR9094365	OTHER	public	SRX5868379	Illumina NovaSeq 6000	ILLUMINA	SRS4791497	SAMN11786945	Mus musculus	SRP198970	2020-08-21 00:00:00 UTC	PRJNA543864	211	595	public	10090.0
SRR9094366	OTHER	public	SRX5868380	Illumina NovaSeq 6000	ILLUMINA	SRS4791498	SAMN11786944	Mus musculus	SRP198970	2020-08-21 00:00:00 UTC	PRJNA543864	394	1129	public	10090.0
SRR9094367	OTHER	public	SRX5868381	Illumina NovaSeq 6000	ILLUMINA	SRS4791499	SAMN11786943	Mus musculus	SRP198970	2020-08-21 00:00:00 UTC	PRJNA543864	379	1087	public	10090.0
SRR9094368	OTHER	public	SRX5868382	Illumina NovaSeq 6000	ILLUMINA	SRS4791500	SAMN11786942	Mus musculus	SRP198970	2020-08-21 00:00:00 UTC	PRJNA543864	328	947	public	10090.0
SRR9094369	OTHER	public	SRX5868383	Illumina NovaSeq 6000	ILLUMINA	SRS4791501	SAMN11786941	Mus musculus	SRP198970	2020-08-21 00:00:00 UTC	PRJNA543864	919	2576	public	10090.0
SRR9094370	OTHER	public	SRX5868384	Illumina NovaSeq 6000	ILLUMINA	SRS4791502	SAMN11786940	Mus musculus	SRP198970	2020-08-21 00:00:00 UTC	PRJNA543864	418	1198	public	10090.0
SRR9094371	OTHER	public	SRX5868385	Illumina NovaSeq 6000	ILLUMINA	SRS4791503	SAMN11786938	Mus musculus	SRP198970	2020-08-21 00:00:00 UTC	PRJNA543864	443	1264	public	10090.0
SRR9094372	OTHER	public	SRX5868386	Illumina NovaSeq 6000	ILLUMINA	SRS4791504	SAMN11786937	Mus musculus	SRP198970	2020-08-21 00:00:00 UTC	PRJNA543864	361	1033	public	10090.0
SRR9094373	OTHER	public	SRX5868387	Illumina NovaSeq 6000	ILLUMINA	SRS4791505	SAMN11786936	Mus musculus	SRP198970	2020-08-21 00:00:00 UTC	PRJNA543864	383	1103	public	10090.0
SRR9094374	OTHER	public	SRX5868388	Illumina NovaSeq 6000	ILLUMINA	SRS4791506	SAMN11786935	Mus musculus	SRP198970	2020-08-21 00:00:00 UTC	PRJNA543864	833	2364	public	10090.0
SRR9094375	OTHER	public	SRX5868389	Illumina NovaSeq 6000	ILLUMINA	SRS4791507	SAMN11786934	Mus musculus	SRP198970	2020-08-21 00:00:00 UTC	PRJNA543864	342	947	public	10090.0
SRR9094376	OTHER	public	SRX5868390	Illumina NovaSeq 6000	ILLUMINA	SRS4791508	SAMN11786933	Mus musculus	SRP198970	2020-08-21 00:00:00 UTC	PRJNA543864	885	2480	public	10090.0
SRR9094377	OTHER	public	SRX5868391	Illumina NovaSeq 6000	ILLUMINA	SRS4791509	SAMN11786932	Mus musculus	SRP198970	2020-08-21 00:00:00 UTC	PRJNA543864	789	2210	public	10090.0
SRR9094378	OTHER	public	SRX5868392	Illumina NovaSeq 6000	ILLUMINA	SRS4791510	SAMN11786976	Mus musculus	SRP198970	2020-08-21 00:00:00 UTC	PRJNA543864	874	2455	public	10090.0
SRR9094379	OTHER	public	SRX5868393	Illumina NovaSeq 6000	ILLUMINA	SRS4791511	SAMN11786975	Mus musculus	SRP198970	2020-08-21 00:00:00 UTC	PRJNA543864	837	2350	public	10090.0
SRR9094380	OTHER	public	SRX5868394	Illumina NovaSeq 6000	ILLUMINA	SRS4791512	SAMN11786974	Mus musculus	SRP198970	2020-08-21 00:00:00 UTC	PRJNA543864	800	2266	public	10090.0
SRR9094381	OTHER	public	SRX5868395	Illumina NovaSeq 6000	ILLUMINA	SRS4791513	SAMN11786973	Mus musculus	SRP198970	2020-08-21 00:00:00 UTC	PRJNA543864	800	2253	public	10090.0
SRR9094382	OTHER	public	SRX5868396	Illumina NovaSeq 6000	ILLUMINA	SRS4791514	SAMN11786776	Mus musculus	SRP198970	2020-08-21 00:00:00 UTC	PRJNA543864	754	2126	public	10090.0
SRR9094383	OTHER	public	SRX5868397	Illumina NovaSeq 6000	ILLUMINA	SRS4791515	SAMN11786775	Mus musculus	SRP198970	2020-08-21 00:00:00 UTC	PRJNA543864	673	1911	public	10090.0
SRR9094384	OTHER	public	SRX5868398	Illumina NovaSeq 6000	ILLUMINA	SRS4791516	SAMN11786774	Mus musculus	SRP198970	2020-08-21 00:00:00 UTC	PRJNA543864	284	790	public	10090.0
SRR9094385	OTHER	public	SRX5868399	Illumina NovaSeq 6000	ILLUMINA	SRS4791517	SAMN11786773	Mus musculus	SRP198970	2020-08-21 00:00:00 UTC	PRJNA543864	379	1053	public	10090.0
SRR9094386	OTHER	public	SRX5868400	Illumina NovaSeq 6000	ILLUMINA	SRS4791518	SAMN11786772	Mus musculus	SRP198970	2020-08-21 00:00:00 UTC	PRJNA543864	300	838	public	10090.0
SRR9094387	OTHER	public	SRX5868401	Illumina NovaSeq 6000	ILLUMINA	SRS4791519	SAMN11786771	Mus musculus	SRP198970	2020-08-21 00:00:00 UTC	PRJNA543864	348	967	public	10090.0
SRR9094388	OTHER	public	SRX5868402	Illumina NovaSeq 6000	ILLUMINA	SRS4791520	SAMN11786770	Mus musculus	SRP198970	2020-08-21 00:00:00 UTC	PRJNA543864	280	782	public	10090.0
SRR9094389	OTHER	public	SRX5868403	Illumina NovaSeq 6000	ILLUMINA	SRS4791521	SAMN11786769	Mus musculus	SRP198970	2020-08-21 00:00:00 UTC	PRJNA543864	260	728	public	10090.0
SRR9094390	OTHER	public	SRX5868404	Illumina NovaSeq 6000	ILLUMINA	SRS4791522	SAMN11786768	Mus musculus	SRP198970	2020-08-21 00:00:00 UTC	PRJNA543864	83	233	public	10090.0
SRR9094391	OTHER	public	SRX5868405	Illumina NovaSeq 6000	ILLUMINA	SRS4791523	SAMN11786806	Mus musculus	SRP198970	2020-08-21 00:00:00 UTC	PRJNA543864	80	229	public	10090.0
SRR9094392	OTHER	public	SRX5868406	Illumina NovaSeq 6000	ILLUMINA	SRS4791525	SAMN11786805	Mus musculus	SRP198970	2020-08-21 00:00:00 UTC	PRJNA543864	90	255	public	10090.0
SRR9094393	OTHER	public	SRX5868407	Illumina NovaSeq 6000	ILLUMINA	SRS4791524	SAMN11786804	Mus musculus	SRP198970	2020-08-21 00:00:00 UTC	PRJNA543864	87	246	public	10090.0
SRR922438	RNA-Seq	public	SRX316170	Illumina HiSeq 2000	ILLUMINA	SRS453630	SAMN02212679	Apis mellifera carnica	SRP026320	2014-06-25 00:00:00 UTC	PRJNA209400	4450	6753	public	88217.0
SRR922440	RNA-Seq	public	SRX316172	Illumina HiSeq 2000	ILLUMINA	SRS453628	SAMN02212677	Apis mellifera carnica	SRP026320	2014-06-25 00:00:00 UTC	PRJNA209400	6121	9974	public	88217.0
SRR9425634	AMPLICON	public	SRX6191480	AB 310 Genetic Analyzer	CAPILLARY	SRS5010165	SAMN12118057	Influenza A virus (A/Taiwan/70307/2007(H3N2))	SRP208287	2020-01-01 00:00:00 UTC		4	0	public	537959.0
SRR9425783	AMPLICON	public	SRX6191629	AB 310 Genetic Analyzer	CAPILLARY	SRS5010308	SAMN12118197	Influenza A virus (A/Texas/45032753/2009(H1N1))	SRP208428	2020-01-01 00:00:00 UTC		5	0	public	686554.0
SRR9495614	RNA-Seq	public	SRX6261460	AB 310 Genetic Analyzer	CAPILLARY	SRS5014089	SAMN12121638	Polistes metricus	SRP211470	2020-01-01 00:00:00 UTC		44	6	public	91422.0
SRR9495615	RNA-Seq	public	SRX6261461	AB 310 Genetic Analyzer	CAPILLARY	SRS5014089	SAMN12121638	Polistes metricus	SRP211470	2020-01-01 00:00:00 UTC		44	6	public	91422.0
SRR9495616	RNA-Seq	public	SRX6261462	AB 310 Genetic Analyzer	CAPILLARY	SRS5014089	SAMN12121638	Polistes metricus	SRP211470	2020-01-01 00:00:00 UTC		44	6	public	91422.0
SRR9495617	RNA-Seq	public	SRX6261463	AB 310 Genetic Analyzer	CAPILLARY	SRS5014089	SAMN12121638	Polistes metricus	SRP211470	2020-01-01 00:00:00 UTC		44	6	public	91422.0
SRR9495618	RNA-Seq	public	SRX6261464	AB 310 Genetic Analyzer	CAPILLARY	SRS5014089	SAMN12121638	Polistes metricus	SRP211470	2020-01-01 00:00:00 UTC		44	6	public	91422.0
SRR9495619	RNA-Seq	public	SRX6261465	AB 310 Genetic Analyzer	CAPILLARY	SRS5014089	SAMN12121638	Polistes metricus	SRP211470	2020-01-01 00:00:00 UTC		44	6	public	91422.0
SRR9495620	RNA-Seq	public	SRX6261466	AB 310 Genetic Analyzer	CAPILLARY	SRS5014089	SAMN12121638	Polistes metricus	SRP211470	2020-01-01 00:00:00 UTC		44	6	public	91422.0
SRR9616143	WGS	public	SRX6379220	Illumina HiSeq 3000	ILLUMINA	SRS5039874	SAMN12173452	Pisum sativum	SRP212400	2019-07-01 00:00:00 UTC	PRJNA507685	2269	4312	public	3888.0
SRR9616144	WGS	public	SRX6379219	Illumina HiSeq 3000	ILLUMINA	SRS5039873	SAMN12173451	Pisum sativum	SRP212400	2019-07-01 00:00:00 UTC	PRJNA507685	2458	4737	public	3888.0
SRR9616145	WGS	public	SRX6379218	Illumina HiSeq 3000	ILLUMINA	SRS5039872	SAMN12173450	Pisum sativum	SRP212400	2019-07-01 00:00:00 UTC	PRJNA507685	2226	4240	public	3888.0
SRR9616146	WGS	public	SRX6379217	Illumina HiSeq 3000	ILLUMINA	SRS5039871	SAMN12173449	Pisum sativum	SRP212400	2019-07-01 00:00:00 UTC	PRJNA507685	2890	5492	public	3888.0
SRR9616147	WGS	public	SRX6379216	Illumina HiSeq 3000	ILLUMINA	SRS5039870	SAMN12173456	Pisum sativum	SRP212400	2019-07-01 00:00:00 UTC	PRJNA507685	2806	5441	public	3888.0
SRR9616148	WGS	public	SRX6379215	Illumina HiSeq 3000	ILLUMINA	SRS5039869	SAMN12173455	Pisum sativum	SRP212400	2019-07-01 00:00:00 UTC	PRJNA507685	2049	3894	public	3888.0
SRR9616149	WGS	public	SRX6379214	Illumina HiSeq 3000	ILLUMINA	SRS5039867	SAMN12173454	Pisum sativum	SRP212400	2019-07-01 00:00:00 UTC	PRJNA507685	1836	3467	public	3888.0
SRR9616150	WGS	public	SRX6379213	Illumina HiSeq 3000	ILLUMINA	SRS5039868	SAMN12173453	Pisum sativum	SRP212400	2019-07-01 00:00:00 UTC	PRJNA507685	2172	4080	public	3888.0
SRR9616151	WGS	public	SRX6379212	Illumina HiSeq 3000	ILLUMINA	SRS5039866	SAMN12173448	Pisum sativum	SRP212400	2019-07-01 00:00:00 UTC	PRJNA507685	2967	5806	public	3888.0
SRR9616152	WGS	public	SRX6379211	Illumina HiSeq 3000	ILLUMINA	SRS5039865	SAMN12173447	Pisum sativum	SRP212400	2019-07-01 00:00:00 UTC	PRJNA507685	2869	5477	public	3888.0
SRR9616153	WGS	public	SRX6379210	Illumina HiSeq 3000	ILLUMINA	SRS5039864	SAMN12173440	Pisum sativum	SRP212400	2019-07-01 00:00:00 UTC	PRJNA507685	2545	4957	public	3888.0
SRR9616154	WGS	public	SRX6379209	Illumina HiSeq 3000	ILLUMINA	SRS5039863	SAMN12173439	Pisum sativum	SRP212400	2019-07-01 00:00:00 UTC	PRJNA507685	2827	5388	public	3888.0
SRR9616155	WGS	public	SRX6379208	Illumina HiSeq 3000	ILLUMINA	SRS5039862	SAMN12173442	Pisum sativum	SRP212400	2019-07-01 00:00:00 UTC	PRJNA507685	2450	4670	public	3888.0
SRR9616156	WGS	public	SRX6379207	Illumina HiSeq 3000	ILLUMINA	SRS5039861	SAMN12173441	Pisum sativum	SRP212400	2019-07-01 00:00:00 UTC	PRJNA507685	601	1129	public	3888.0
SRR9616157	WGS	public	SRX6379206	Illumina HiSeq 3000	ILLUMINA	SRS5039860	SAMN12173444	Pisum sativum	SRP212400	2019-07-01 00:00:00 UTC	PRJNA507685	2726	5301	public	3888.0
SRR9616158	WGS	public	SRX6379205	Illumina HiSeq 3000	ILLUMINA	SRS5039859	SAMN12173443	Pisum sativum	SRP212400	2019-07-01 00:00:00 UTC	PRJNA507685	2321	4414	public	3888.0
SRR9616159	WGS	public	SRX6379204	Illumina HiSeq 3000	ILLUMINA	SRS5039858	SAMN12173446	Pisum sativum	SRP212400	2019-07-01 00:00:00 UTC	PRJNA507685	2574	4952	public	3888.0
SRR9616160	WGS	public	SRX6379203	Illumina HiSeq 3000	ILLUMINA	SRS5039857	SAMN12173445	Pisum sativum	SRP212400	2019-07-01 00:00:00 UTC	PRJNA507685	2707	5176	public	3888.0
SRR9617635	RNA-Seq	public	SRX6380685	Sequel	PACBIO_SMRT	SRS5041234	SAMN12175402	Blattella germanica	SRP212479	2019-08-20 00:00:00 UTC	PRJNA552102	2192	9020	public	6973.0
SRR9617636	RNA-Seq	public	SRX6380684	Sequel	PACBIO_SMRT	SRS5041233	SAMN12175403	Blattella germanica	SRP212479	2019-08-20 00:00:00 UTC	PRJNA552102	7113	29504	public	6973.0
SRR9617637	RNA-Seq	public	SRX6380683	Illumina HiSeq 4000	ILLUMINA	SRS5041232	SAMN12175404	Rhodnius prolixus	SRP212479	2019-08-20 00:00:00 UTC	PRJNA552102	5611	13990	public	13249.0
SRR9617638	RNA-Seq	public	SRX6380682	Illumina HiSeq 4000	ILLUMINA	SRS5041231	SAMN12175405	Rhodnius prolixus	SRP212479	2019-08-20 00:00:00 UTC	PRJNA552102	4785	10888	public	13249.0
SRR9617639	RNA-Seq	public	SRX6380681	Illumina HiSeq 4000	ILLUMINA	SRS5041230	SAMN12175406	Pediculus humanus	SRP212479	2019-08-20 00:00:00 UTC	PRJNA552102	2070	5477	public	121225.0
SRR9617640	RNA-Seq	public	SRX6380680	Illumina HiSeq 4000	ILLUMINA	SRS5041229	SAMN12175407	Pediculus humanus	SRP212479	2019-08-20 00:00:00 UTC	PRJNA552102	896	2173	public	121225.0
SRR9710748	ncRNA-Seq	public	SRX6468662	Illumina HiSeq 2500	ILLUMINA	SRS5117210	SAMN12315640	Naumovozyma castellii	SRP190414	2019-08-24 00:00:00 UTC	PRJNA530697	141	281	public	27288.0
SRR9711957	WGS	public	SRX6470014	Illumina HiSeq 3000	ILLUMINA	SRS5118887	SAMN12318429	Pisum sativum	SRP212400	2019-07-19 00:00:00 UTC	PRJNA507685	2151	4221	public	3888.0
SRR9711958	WGS	public	SRX6470013	Illumina HiSeq 3000	ILLUMINA	SRS5118888	SAMN12318441	Pisum sativum	SRP212400	2019-07-19 00:00:00 UTC	PRJNA507685	2126	4029	public	3888.0
SRR9711959	WGS	public	SRX6470012	Illumina HiSeq 3000	ILLUMINA	SRS5118886	SAMN12318426	Pisum sativum	SRP212400	2019-07-19 00:00:00 UTC	PRJNA507685	2568	5115	public	3888.0
SRR9711960	WGS	public	SRX6470011	Illumina HiSeq 3000	ILLUMINA	SRS5118885	SAMN12318425	Pisum sativum	SRP212400	2019-07-19 00:00:00 UTC	PRJNA507685	2221	4422	public	3888.0
SRR9711961	WGS	public	SRX6470010	Illumina HiSeq 3000	ILLUMINA	SRS5118884	SAMN12318428	Pisum sativum	SRP212400	2019-07-19 00:00:00 UTC	PRJNA507685	2357	4637	public	3888.0
SRR9711962	WGS	public	SRX6470009	Illumina HiSeq 3000	ILLUMINA	SRS5118881	SAMN12318427	Pisum sativum	SRP212400	2019-07-19 00:00:00 UTC	PRJNA507685	2337	4570	public	3888.0
SRR9711963	WGS	public	SRX6470008	Illumina HiSeq 3000	ILLUMINA	SRS5118882	SAMN12318422	Pisum sativum	SRP212400	2019-07-19 00:00:00 UTC	PRJNA507685	2324	4672	public	3888.0
SRR9711964	WGS	public	SRX6470007	Illumina HiSeq 3000	ILLUMINA	SRS5118883	SAMN12318421	Pisum sativum	SRP212400	2019-07-19 00:00:00 UTC	PRJNA507685	1997	3980	public	3888.0
SRR9711965	WGS	public	SRX6470006	Illumina HiSeq 3000	ILLUMINA	SRS5118880	SAMN12318424	Pisum sativum	SRP212400	2019-07-19 00:00:00 UTC	PRJNA507685	2361	4788	public	3888.0
SRR9711966	WGS	public	SRX6470005	Illumina HiSeq 3000	ILLUMINA	SRS5118879	SAMN12318423	Pisum sativum	SRP212400	2019-07-19 00:00:00 UTC	PRJNA507685	2615	5255	public	3888.0
SRR9711967	WGS	public	SRX6470004	Illumina HiSeq 3000	ILLUMINA	SRS5118878	SAMN12318444	Pisum sativum	SRP212400	2019-07-19 00:00:00 UTC	PRJNA507685	1847	3516	public	3888.0
SRR9711968	WGS	public	SRX6470003	Illumina HiSeq 3000	ILLUMINA	SRS5118877	SAMN12318443	Pisum sativum	SRP212400	2019-07-19 00:00:00 UTC	PRJNA507685	2566	5011	public	3888.0
SRR9711969	WGS	public	SRX6470002	Illumina HiSeq 3000	ILLUMINA	SRS5118876	SAMN12318459	Pisum sativum	SRP212400	2019-07-19 00:00:00 UTC	PRJNA507685	1404	4175	public	3888.0
SRR9711970	WGS	public	SRX6470001	Illumina HiSeq 3000	ILLUMINA	SRS5118875	SAMN12318460	Pisum sativum	SRP212400	2019-07-19 00:00:00 UTC	PRJNA507685	1226	3641	public	3888.0
SRR9711971	WGS	public	SRX6470000	Illumina HiSeq 3000	ILLUMINA	SRS5118874	SAMN12318448	Pisum sativum	SRP212400	2019-07-19 00:00:00 UTC	PRJNA507685	1372	3970	public	3888.0
SRR9711972	WGS	public	SRX6469999	Illumina HiSeq 3000	ILLUMINA	SRS5118873	SAMN12318447	Pisum sativum	SRP212400	2019-07-19 00:00:00 UTC	PRJNA507685	1631	4749	public	3888.0
SRR9711973	WGS	public	SRX6469998	Illumina HiSeq 3000	ILLUMINA	SRS5118872	SAMN12318446	Pisum sativum	SRP212400	2019-07-19 00:00:00 UTC	PRJNA507685	1798	5304	public	3888.0
SRR9711974	WGS	public	SRX6469997	Illumina HiSeq 3000	ILLUMINA	SRS5118871	SAMN12318445	Pisum sativum	SRP212400	2019-07-19 00:00:00 UTC	PRJNA507685	1443	4127	public	3888.0
SRR9711975	WGS	public	SRX6469996	Illumina HiSeq 3000	ILLUMINA	SRS5118870	SAMN12318453	Pisum sativum	SRP212400	2019-07-19 00:00:00 UTC	PRJNA507685	1365	4089	public	3888.0
SRR9711976	WGS	public	SRX6469995	Illumina HiSeq 3000	ILLUMINA	SRS5118868	SAMN12318454	Pisum sativum	SRP212400	2019-07-19 00:00:00 UTC	PRJNA507685	1355	4034	public	3888.0
SRR9711977	WGS	public	SRX6469994	Illumina HiSeq 3000	ILLUMINA	SRS5118869	SAMN12318451	Pisum sativum	SRP212400	2019-07-19 00:00:00 UTC	PRJNA507685	1502	4402	public	3888.0
SRR9711978	WGS	public	SRX6469993	Illumina HiSeq 3000	ILLUMINA	SRS5118867	SAMN12318452	Pisum sativum	SRP212400	2019-07-19 00:00:00 UTC	PRJNA507685	1468	4223	public	3888.0
SRR9711979	WGS	public	SRX6469992	Illumina HiSeq 3000	ILLUMINA	SRS5118866	SAMN12318457	Pisum sativum	SRP212400	2019-07-19 00:00:00 UTC	PRJNA507685	1543	4398	public	3888.0
SRR9711980	WGS	public	SRX6469991	Illumina HiSeq 3000	ILLUMINA	SRS5118865	SAMN12318458	Pisum sativum	SRP212400	2019-07-19 00:00:00 UTC	PRJNA507685	1417	4226	public	3888.0
SRR9711981	WGS	public	SRX6469990	Illumina HiSeq 3000	ILLUMINA	SRS5118864	SAMN12318455	Pisum sativum	SRP212400	2019-07-19 00:00:00 UTC	PRJNA507685	1462	4363	public	3888.0
SRR9711982	WGS	public	SRX6469989	Illumina HiSeq 3000	ILLUMINA	SRS5118863	SAMN12318456	Pisum sativum	SRP212400	2019-07-19 00:00:00 UTC	PRJNA507685	1522	4500	public	3888.0
SRR9711983	WGS	public	SRX6469988	Illumina HiSeq 3000	ILLUMINA	SRS5118862	SAMN12318450	Pisum sativum	SRP212400	2019-07-19 00:00:00 UTC	PRJNA507685	1572	4502	public	3888.0
SRR9711984	WGS	public	SRX6469987	Illumina HiSeq 3000	ILLUMINA	SRS5118861	SAMN12318449	Pisum sativum	SRP212400	2019-07-19 00:00:00 UTC	PRJNA507685	1343	3799	public	3888.0
SRR9711985	WGS	public	SRX6469986	Illumina HiSeq 3000	ILLUMINA	SRS5118860	SAMN12318419	Pisum sativum	SRP212400	2019-07-19 00:00:00 UTC	PRJNA507685	2298	4588	public	3888.0
SRR9711986	WGS	public	SRX6469985	Illumina HiSeq 3000	ILLUMINA	SRS5118858	SAMN12318420	Pisum sativum	SRP212400	2019-07-19 00:00:00 UTC	PRJNA507685	1585	4667	public	3888.0
SRR9711987	WGS	public	SRX6469984	Illumina HiSeq 3000	ILLUMINA	SRS5118859	SAMN12318417	Pisum sativum	SRP212400	2019-07-19 00:00:00 UTC	PRJNA507685	2129	3985	public	3888.0
SRR9711988	WGS	public	SRX6469983	Illumina HiSeq 3000	ILLUMINA	SRS5118857	SAMN12318418	Pisum sativum	SRP212400	2019-07-19 00:00:00 UTC	PRJNA507685	1976	3904	public	3888.0
SRR9711989	WGS	public	SRX6469982	Illumina HiSeq 3000	ILLUMINA	SRS5118856	SAMN12318415	Pisum sativum	SRP212400	2019-07-19 00:00:00 UTC	PRJNA507685	2152	4188	public	3888.0
SRR9711990	WGS	public	SRX6469981	Illumina HiSeq 3000	ILLUMINA	SRS5118855	SAMN12318416	Pisum sativum	SRP212400	2019-07-19 00:00:00 UTC	PRJNA507685	2126	4111	public	3888.0
SRR9711991	WGS	public	SRX6469980	Illumina HiSeq 3000	ILLUMINA	SRS5118853	SAMN12318413	Pisum sativum	SRP212400	2019-07-19 00:00:00 UTC	PRJNA507685	2156	4183	public	3888.0
SRR9711992	WGS	public	SRX6469979	Illumina HiSeq 3000	ILLUMINA	SRS5118854	SAMN12318414	Pisum sativum	SRP212400	2019-07-19 00:00:00 UTC	PRJNA507685	2138	4130	public	3888.0
SRR9711993	WGS	public	SRX6469978	Illumina HiSeq 3000	ILLUMINA	SRS5118852	SAMN12318411	Pisum sativum	SRP212400	2019-07-19 00:00:00 UTC	PRJNA507685	1907	3644	public	3888.0
SRR9711994	WGS	public	SRX6469977	Illumina HiSeq 3000	ILLUMINA	SRS5118851	SAMN12318412	Pisum sativum	SRP212400	2019-07-19 00:00:00 UTC	PRJNA507685	1923	3724	public	3888.0
SRR9711995	WGS	public	SRX6469976	Illumina HiSeq 3000	ILLUMINA	SRS5118850	SAMN12318439	Pisum sativum	SRP212400	2019-07-19 00:00:00 UTC	PRJNA507685	1599	3075	public	3888.0
SRR9711996	WGS	public	SRX6469975	Illumina HiSeq 3000	ILLUMINA	SRS5118848	SAMN12318440	Pisum sativum	SRP212400	2019-07-19 00:00:00 UTC	PRJNA507685	1808	3445	public	3888.0
SRR9711997	WGS	public	SRX6469974	Illumina HiSeq 3000	ILLUMINA	SRS5118849	SAMN12318435	Pisum sativum	SRP212400	2019-07-19 00:00:00 UTC	PRJNA507685	1971	3772	public	3888.0
SRR9711998	WGS	public	SRX6469973	Illumina HiSeq 3000	ILLUMINA	SRS5118847	SAMN12318436	Pisum sativum	SRP212400	2019-07-19 00:00:00 UTC	PRJNA507685	2323	4477	public	3888.0
SRR9711999	WGS	public	SRX6469972	Illumina HiSeq 3000	ILLUMINA	SRS5118846	SAMN12318437	Pisum sativum	SRP212400	2019-07-19 00:00:00 UTC	PRJNA507685	2577	4933	public	3888.0
SRR9712000	WGS	public	SRX6469971	Illumina HiSeq 3000	ILLUMINA	SRS5118845	SAMN12318438	Pisum sativum	SRP212400	2019-07-19 00:00:00 UTC	PRJNA507685	1229	3566	public	3888.0
SRR9712001	WGS	public	SRX6469970	Illumina HiSeq 3000	ILLUMINA	SRS5118844	SAMN12318431	Pisum sativum	SRP212400	2019-07-19 00:00:00 UTC	PRJNA507685	2369	4559	public	3888.0
SRR9712002	WGS	public	SRX6469969	Illumina HiSeq 3000	ILLUMINA	SRS5118843	SAMN12318432	Pisum sativum	SRP212400	2019-07-19 00:00:00 UTC	PRJNA507685	2370	4738	public	3888.0
SRR9712003	WGS	public	SRX6469968	Illumina HiSeq 3000	ILLUMINA	SRS5118842	SAMN12318433	Pisum sativum	SRP212400	2019-07-19 00:00:00 UTC	PRJNA507685	1867	5544	public	3888.0
SRR9712004	WGS	public	SRX6469967	Illumina HiSeq 3000	ILLUMINA	SRS5118841	SAMN12318434	Pisum sativum	SRP212400	2019-07-19 00:00:00 UTC	PRJNA507685	2223	4297	public	3888.0
SRR9712005	WGS	public	SRX6469966	Illumina HiSeq 3000	ILLUMINA	SRS5118840	SAMN12318470	Pisum sativum	SRP212400	2019-07-19 00:00:00 UTC	PRJNA507685	1123	3209	public	3888.0
SRR9712006	WGS	public	SRX6469965	Illumina HiSeq 3000	ILLUMINA	SRS5118839	SAMN12318469	Pisum sativum	SRP212400	2019-07-19 00:00:00 UTC	PRJNA507685	1660	4745	public	3888.0
SRR9712007	WGS	public	SRX6469964	Illumina HiSeq 3000	ILLUMINA	SRS5118838	SAMN12318462	Pisum sativum	SRP212400	2019-07-19 00:00:00 UTC	PRJNA507685	1443	4394	public	3888.0
SRR9712008	WGS	public	SRX6469963	Illumina HiSeq 3000	ILLUMINA	SRS5118837	SAMN12318461	Pisum sativum	SRP212400	2019-07-19 00:00:00 UTC	PRJNA507685	1374	4031	public	3888.0
SRR9712009	WGS	public	SRX6469962	Illumina HiSeq 3000	ILLUMINA	SRS5118836	SAMN12318464	Pisum sativum	SRP212400	2019-07-19 00:00:00 UTC	PRJNA507685	1974	5760	public	3888.0
SRR9712010	WGS	public	SRX6469961	Illumina HiSeq 3000	ILLUMINA	SRS5118834	SAMN12318463	Pisum sativum	SRP212400	2019-07-19 00:00:00 UTC	PRJNA507685	1549	4728	public	3888.0
SRR9712011	WGS	public	SRX6469960	Illumina HiSeq 3000	ILLUMINA	SRS5118835	SAMN12318466	Pisum sativum	SRP212400	2019-07-19 00:00:00 UTC	PRJNA507685	1359	3919	public	3888.0
SRR9712012	WGS	public	SRX6469959	Illumina HiSeq 3000	ILLUMINA	SRS5118832	SAMN12318465	Pisum sativum	SRP212400	2019-07-19 00:00:00 UTC	PRJNA507685	1607	4621	public	3888.0
SRR9712013	WGS	public	SRX6469958	Illumina HiSeq 3000	ILLUMINA	SRS5118833	SAMN12318468	Pisum sativum	SRP212400	2019-07-19 00:00:00 UTC	PRJNA507685	1716	4947	public	3888.0
SRR9712014	WGS	public	SRX6469957	Illumina HiSeq 3000	ILLUMINA	SRS5118831	SAMN12318467	Pisum sativum	SRP212400	2019-07-19 00:00:00 UTC	PRJNA507685	1664	4720	public	3888.0
SRR9712015	WGS	public	SRX6469956	Illumina HiSeq 3000	ILLUMINA	SRS5118828	SAMN12318370	Pisum sativum	SRP212400	2019-07-19 00:00:00 UTC	PRJNA507685	1677	4752	public	3888.0
SRR9712016	WGS	public	SRX6469955	Illumina HiSeq 3000	ILLUMINA	SRS5118830	SAMN12318369	Pisum sativum	SRP212400	2019-07-19 00:00:00 UTC	PRJNA507685	3066	5772	public	3888.0
SRR9712017	WGS	public	SRX6469954	Illumina HiSeq 3000	ILLUMINA	SRS5118829	SAMN12318364	Pisum sativum	SRP212400	2019-07-19 00:00:00 UTC	PRJNA507685	2023	3747	public	3888.0
SRR9712018	WGS	public	SRX6469953	Illumina HiSeq 3000	ILLUMINA	SRS5118827	SAMN12318363	Pisum sativum	SRP212400	2019-07-19 00:00:00 UTC	PRJNA507685	1865	3478	public	3888.0
SRR9712019	WGS	public	SRX6469952	Illumina HiSeq 3000	ILLUMINA	SRS5118826	SAMN12318362	Pisum sativum	SRP212400	2019-07-19 00:00:00 UTC	PRJNA507685	2257	4222	public	3888.0
SRR9712020	WGS	public	SRX6469951	Illumina HiSeq 3000	ILLUMINA	SRS5118825	SAMN12318361	Pisum sativum	SRP212400	2019-07-19 00:00:00 UTC	PRJNA507685	2513	4765	public	3888.0
SRR9712021	WGS	public	SRX6469950	Illumina HiSeq 3000	ILLUMINA	SRS5118823	SAMN12318352	Pisum sativum	SRP212400	2019-07-19 00:00:00 UTC	PRJNA507685	2268	4407	public	3888.0
SRR9712022	WGS	public	SRX6469949	Illumina HiSeq 3000	ILLUMINA	SRS5118824	SAMN12318351	Pisum sativum	SRP212400	2019-07-19 00:00:00 UTC	PRJNA507685	2919	5647	public	3888.0
SRR9712023	WGS	public	SRX6469948	Illumina HiSeq 3000	ILLUMINA	SRS5118822	SAMN12318354	Pisum sativum	SRP212400	2019-07-19 00:00:00 UTC	PRJNA507685	2047	3924	public	3888.0
SRR9712024	WGS	public	SRX6469947	Illumina HiSeq 3000	ILLUMINA	SRS5118821	SAMN12318353	Pisum sativum	SRP212400	2019-07-19 00:00:00 UTC	PRJNA507685	2564	4865	public	3888.0
SRR9712025	WGS	public	SRX6469946	Illumina HiSeq 3000	ILLUMINA	SRS5118820	SAMN12318356	Pisum sativum	SRP212400	2019-07-19 00:00:00 UTC	PRJNA507685	1874	3543	public	3888.0
SRR9712026	WGS	public	SRX6469945	Illumina HiSeq 3000	ILLUMINA	SRS5118818	SAMN12318355	Pisum sativum	SRP212400	2019-07-19 00:00:00 UTC	PRJNA507685	1944	3659	public	3888.0
SRR9712027	WGS	public	SRX6469944	Illumina HiSeq 3000	ILLUMINA	SRS5118819	SAMN12318358	Pisum sativum	SRP212400	2019-07-19 00:00:00 UTC	PRJNA507685	2019	3710	public	3888.0
SRR9712028	WGS	public	SRX6469943	Illumina HiSeq 3000	ILLUMINA	SRS5118817	SAMN12318357	Pisum sativum	SRP212400	2019-07-19 00:00:00 UTC	PRJNA507685	1995	3729	public	3888.0
SRR9712029	WGS	public	SRX6469942	Illumina HiSeq 3000	ILLUMINA	SRS5118816	SAMN12318360	Pisum sativum	SRP212400	2019-07-19 00:00:00 UTC	PRJNA507685	1654	4746	public	3888.0
SRR9712030	WGS	public	SRX6469941	Illumina HiSeq 3000	ILLUMINA	SRS5118815	SAMN12318359	Pisum sativum	SRP212400	2019-07-19 00:00:00 UTC	PRJNA507685	2002	3775	public	3888.0
SRR9712031	WGS	public	SRX6469940	Illumina HiSeq 3000	ILLUMINA	SRS5118813	SAMN12318382	Pisum sativum	SRP212400	2019-07-19 00:00:00 UTC	PRJNA507685	1937	3754	public	3888.0
SRR9712032	WGS	public	SRX6469939	Illumina HiSeq 3000	ILLUMINA	SRS5118814	SAMN12318381	Pisum sativum	SRP212400	2019-07-19 00:00:00 UTC	PRJNA507685	1531	4343	public	3888.0
SRR9712033	WGS	public	SRX6469938	Illumina HiSeq 3000	ILLUMINA	SRS5118812	SAMN12318384	Pisum sativum	SRP212400	2019-07-19 00:00:00 UTC	PRJNA507685	1957	3643	public	3888.0
SRR9712034	WGS	public	SRX6469937	Illumina HiSeq 3000	ILLUMINA	SRS5118811	SAMN12318383	Pisum sativum	SRP212400	2019-07-19 00:00:00 UTC	PRJNA507685	1781	3366	public	3888.0
SRR9712035	WGS	public	SRX6469936	Illumina HiSeq 3000	ILLUMINA	SRS5118810	SAMN12318386	Pisum sativum	SRP212400	2019-07-19 00:00:00 UTC	PRJNA507685	1747	4899	public	3888.0
SRR9712036	WGS	public	SRX6469935	Illumina HiSeq 3000	ILLUMINA	SRS5118809	SAMN12318385	Pisum sativum	SRP212400	2019-07-19 00:00:00 UTC	PRJNA507685	2820	5378	public	3888.0
SRR9712037	WGS	public	SRX6469934	Illumina HiSeq 3000	ILLUMINA	SRS5118808	SAMN12318388	Pisum sativum	SRP212400	2019-07-19 00:00:00 UTC	PRJNA507685	2437	4834	public	3888.0
SRR9712038	WGS	public	SRX6469933	Illumina HiSeq 3000	ILLUMINA	SRS5118807	SAMN12318387	Pisum sativum	SRP212400	2019-07-19 00:00:00 UTC	PRJNA507685	2024	3901	public	3888.0
SRR9712039	WGS	public	SRX6469932	Illumina HiSeq 3000	ILLUMINA	SRS5118806	SAMN12318390	Pisum sativum	SRP212400	2019-07-19 00:00:00 UTC	PRJNA507685	1854	3599	public	3888.0
SRR9712040	WGS	public	SRX6469931	Illumina HiSeq 3000	ILLUMINA	SRS5118805	SAMN12318389	Pisum sativum	SRP212400	2019-07-19 00:00:00 UTC	PRJNA507685	1761	3464	public	3888.0
SRR9712041	WGS	public	SRX6469930	Illumina HiSeq 3000	ILLUMINA	SRS5118804	SAMN12318408	Pisum sativum	SRP212400	2019-07-19 00:00:00 UTC	PRJNA507685	1573	4476	public	3888.0
SRR9712042	WGS	public	SRX6469929	Illumina HiSeq 3000	ILLUMINA	SRS5118802	SAMN12318407	Pisum sativum	SRP212400	2019-07-19 00:00:00 UTC	PRJNA507685	2327	4525	public	3888.0
SRR9712043	WGS	public	SRX6469928	Illumina HiSeq 3000	ILLUMINA	SRS5118803	SAMN12318406	Pisum sativum	SRP212400	2019-07-19 00:00:00 UTC	PRJNA507685	2258	4484	public	3888.0
SRR9712044	WGS	public	SRX6469927	Illumina HiSeq 3000	ILLUMINA	SRS5118801	SAMN12318405	Pisum sativum	SRP212400	2019-07-19 00:00:00 UTC	PRJNA507685	2425	4679	public	3888.0
SRR9712045	WGS	public	SRX6469926	Illumina HiSeq 3000	ILLUMINA	SRS5118800	SAMN12318404	Pisum sativum	SRP212400	2019-07-19 00:00:00 UTC	PRJNA507685	2196	4342	public	3888.0
SRR9712046	WGS	public	SRX6469925	Illumina HiSeq 3000	ILLUMINA	SRS5118799	SAMN12318403	Pisum sativum	SRP212400	2019-07-19 00:00:00 UTC	PRJNA507685	1893	3680	public	3888.0
SRR9712047	WGS	public	SRX6469924	Illumina HiSeq 3000	ILLUMINA	SRS5118798	SAMN12318402	Pisum sativum	SRP212400	2019-07-19 00:00:00 UTC	PRJNA507685	1941	3741	public	3888.0
SRR9712048	WGS	public	SRX6469923	Illumina HiSeq 3000	ILLUMINA	SRS5118797	SAMN12318401	Pisum sativum	SRP212400	2019-07-19 00:00:00 UTC	PRJNA507685	1438	4123	public	3888.0
SRR9712049	WGS	public	SRX6469922	Illumina HiSeq 3000	ILLUMINA	SRS5118796	SAMN12318410	Pisum sativum	SRP212400	2019-07-19 00:00:00 UTC	PRJNA507685	1890	3624	public	3888.0
SRR9712050	WGS	public	SRX6469921	Illumina HiSeq 3000	ILLUMINA	SRS5118794	SAMN12318409	Pisum sativum	SRP212400	2019-07-19 00:00:00 UTC	PRJNA507685	2237	4263	public	3888.0
SRR9712051	WGS	public	SRX6469920	Illumina HiSeq 3000	ILLUMINA	SRS5118795	SAMN12318493	Pisum sativum	SRP212400	2019-07-19 00:00:00 UTC	PRJNA507685	2438	4559	public	3888.0
SRR9712052	WGS	public	SRX6469919	Illumina HiSeq 3000	ILLUMINA	SRS5118793	SAMN12318494	Pisum sativum	SRP212400	2019-07-19 00:00:00 UTC	PRJNA507685	2405	4554	public	3888.0
SRR9712053	WGS	public	SRX6469918	Illumina HiSeq 3000	ILLUMINA	SRS5118792	SAMN12318491	Pisum sativum	SRP212400	2019-07-19 00:00:00 UTC	PRJNA507685	2579	4976	public	3888.0
SRR9712054	WGS	public	SRX6469917	Illumina HiSeq 3000	ILLUMINA	SRS5118791	SAMN12318492	Pisum sativum	SRP212400	2019-07-19 00:00:00 UTC	PRJNA507685	2489	4792	public	3888.0
SRR9712055	WGS	public	SRX6469916	Illumina HiSeq 3000	ILLUMINA	SRS5118790	SAMN12318373	Pisum sativum	SRP212400	2019-07-19 00:00:00 UTC	PRJNA507685	1927	3722	public	3888.0
SRR9712056	WGS	public	SRX6469915	Illumina HiSeq 3000	ILLUMINA	SRS5118789	SAMN12318374	Pisum sativum	SRP212400	2019-07-19 00:00:00 UTC	PRJNA507685	1913	3668	public	3888.0
SRR9712057	WGS	public	SRX6469914	Illumina HiSeq 3000	ILLUMINA	SRS5118787	SAMN12318371	Pisum sativum	SRP212400	2019-07-19 00:00:00 UTC	PRJNA507685	2653	4979	public	3888.0
SRR9712058	WGS	public	SRX6469913	Illumina HiSeq 3000	ILLUMINA	SRS5118788	SAMN12318372	Pisum sativum	SRP212400	2019-07-19 00:00:00 UTC	PRJNA507685	2518	4834	public	3888.0
SRR9712059	WGS	public	SRX6469912	Illumina HiSeq 3000	ILLUMINA	SRS5118786	SAMN12318377	Pisum sativum	SRP212400	2019-07-19 00:00:00 UTC	PRJNA507685	3049	5839	public	3888.0
SRR9712060	WGS	public	SRX6469911	Illumina HiSeq 3000	ILLUMINA	SRS5118785	SAMN12318378	Pisum sativum	SRP212400	2019-07-19 00:00:00 UTC	PRJNA507685	3057	6109	public	3888.0
SRR9712061	WGS	public	SRX6469910	Illumina HiSeq 3000	ILLUMINA	SRS5118784	SAMN12318375	Pisum sativum	SRP212400	2019-07-19 00:00:00 UTC	PRJNA507685	2125	4111	public	3888.0
SRR9712062	WGS	public	SRX6469909	Illumina HiSeq 3000	ILLUMINA	SRS5118783	SAMN12318376	Pisum sativum	SRP212400	2019-07-19 00:00:00 UTC	PRJNA507685	3173	6149	public	3888.0
SRR9712063	WGS	public	SRX6469908	Illumina HiSeq 3000	ILLUMINA	SRS5118782	SAMN12318379	Pisum sativum	SRP212400	2019-07-19 00:00:00 UTC	PRJNA507685	2912	5735	public	3888.0
SRR9712064	WGS	public	SRX6469907	Illumina HiSeq 3000	ILLUMINA	SRS5118780	SAMN12318380	Pisum sativum	SRP212400	2019-07-19 00:00:00 UTC	PRJNA507685	3297	6579	public	3888.0
SRR9712065	WGS	public	SRX6469906	Illumina HiSeq 3000	ILLUMINA	SRS5118781	SAMN12318368	Pisum sativum	SRP212400	2019-07-19 00:00:00 UTC	PRJNA507685	2628	5122	public	3888.0
SRR9712066	WGS	public	SRX6469905	Illumina HiSeq 3000	ILLUMINA	SRS5118779	SAMN12318367	Pisum sativum	SRP212400	2019-07-19 00:00:00 UTC	PRJNA507685	2750	5258	public	3888.0
SRR9712067	WGS	public	SRX6469904	Illumina HiSeq 3000	ILLUMINA	SRS5118778	SAMN12318366	Pisum sativum	SRP212400	2019-07-19 00:00:00 UTC	PRJNA507685	2495	4726	public	3888.0
SRR9712068	WGS	public	SRX6469903	Illumina HiSeq 3000	ILLUMINA	SRS5118777	SAMN12318365	Pisum sativum	SRP212400	2019-07-19 00:00:00 UTC	PRJNA507685	1900	3591	public	3888.0
SRR9712069	WGS	public	SRX6469902	Illumina HiSeq 3000	ILLUMINA	SRS5118775	SAMN12318391	Pisum sativum	SRP212400	2019-07-19 00:00:00 UTC	PRJNA507685	1617	3059	public	3888.0
SRR9712070	WGS	public	SRX6469901	Illumina HiSeq 3000	ILLUMINA	SRS5118776	SAMN12318392	Pisum sativum	SRP212400	2019-07-19 00:00:00 UTC	PRJNA507685	1812	3421	public	3888.0
SRR9712071	WGS	public	SRX6469900	Illumina HiSeq 3000	ILLUMINA	SRS5118774	SAMN12318393	Pisum sativum	SRP212400	2019-07-19 00:00:00 UTC	PRJNA507685	2932	5681	public	3888.0
SRR9712072	WGS	public	SRX6469899	Illumina HiSeq 3000	ILLUMINA	SRS5118773	SAMN12318394	Pisum sativum	SRP212400	2019-07-19 00:00:00 UTC	PRJNA507685	2685	5279	public	3888.0
SRR9712073	WGS	public	SRX6469898	Illumina HiSeq 3000	ILLUMINA	SRS5118771	SAMN12318395	Pisum sativum	SRP212400	2019-07-19 00:00:00 UTC	PRJNA507685	3406	6772	public	3888.0
SRR9712074	WGS	public	SRX6469897	Illumina HiSeq 3000	ILLUMINA	SRS5118772	SAMN12318396	Pisum sativum	SRP212400	2019-07-19 00:00:00 UTC	PRJNA507685	1841	3611	public	3888.0
SRR9712075	WGS	public	SRX6469896	Illumina HiSeq 3000	ILLUMINA	SRS5118770	SAMN12318397	Pisum sativum	SRP212400	2019-07-19 00:00:00 UTC	PRJNA507685	3558	7078	public	3888.0
SRR9712076	WGS	public	SRX6469895	Illumina HiSeq 3000	ILLUMINA	SRS5118769	SAMN12318398	Pisum sativum	SRP212400	2019-07-19 00:00:00 UTC	PRJNA507685	3653	7242	public	3888.0
SRR9712077	WGS	public	SRX6469894	Illumina HiSeq 3000	ILLUMINA	SRS5118768	SAMN12318399	Pisum sativum	SRP212400	2019-07-19 00:00:00 UTC	PRJNA507685	2438	4673	public	3888.0
SRR9712078	WGS	public	SRX6469893	Illumina HiSeq 3000	ILLUMINA	SRS5118767	SAMN12318400	Pisum sativum	SRP212400	2019-07-19 00:00:00 UTC	PRJNA507685	1880	3592	public	3888.0
SRR9712079	WGS	public	SRX6469892	Illumina HiSeq 3000	ILLUMINA	SRS5118766	SAMN12318471	Pisum sativum	SRP212400	2019-07-19 00:00:00 UTC	PRJNA507685	1622	4572	public	3888.0
SRR9712080	WGS	public	SRX6469891	Illumina HiSeq 3000	ILLUMINA	SRS5118765	SAMN12318472	Pisum sativum	SRP212400	2019-07-19 00:00:00 UTC	PRJNA507685	1675	4845	public	3888.0
SRR9712081	WGS	public	SRX6469890	Illumina HiSeq 3000	ILLUMINA	SRS5118764	SAMN12318473	Pisum sativum	SRP212400	2019-07-19 00:00:00 UTC	PRJNA507685	1753	5074	public	3888.0
SRR9712082	WGS	public	SRX6469889	Illumina HiSeq 3000	ILLUMINA	SRS5118763	SAMN12318474	Pisum sativum	SRP212400	2019-07-19 00:00:00 UTC	PRJNA507685	1461	4159	public	3888.0
SRR9712083	WGS	public	SRX6469888	Illumina HiSeq 3000	ILLUMINA	SRS5118762	SAMN12318475	Pisum sativum	SRP212400	2019-07-19 00:00:00 UTC	PRJNA507685	1440	4101	public	3888.0
SRR9712084	WGS	public	SRX6469887	Illumina HiSeq 3000	ILLUMINA	SRS5118761	SAMN12318476	Pisum sativum	SRP212400	2019-07-19 00:00:00 UTC	PRJNA507685	1692	4838	public	3888.0
SRR9712085	WGS	public	SRX6469886	Illumina HiSeq 3000	ILLUMINA	SRS5118760	SAMN12318477	Pisum sativum	SRP212400	2019-07-19 00:00:00 UTC	PRJNA507685	1762	5084	public	3888.0
SRR9712086	WGS	public	SRX6469885	Illumina HiSeq 3000	ILLUMINA	SRS5118759	SAMN12318478	Pisum sativum	SRP212400	2019-07-19 00:00:00 UTC	PRJNA507685	1838	5245	public	3888.0
SRR9712087	WGS	public	SRX6469884	Illumina HiSeq 3000	ILLUMINA	SRS5118756	SAMN12318479	Pisum sativum	SRP212400	2019-07-19 00:00:00 UTC	PRJNA507685	1677	4724	public	3888.0
SRR9712088	WGS	public	SRX6469883	Illumina HiSeq 3000	ILLUMINA	SRS5118758	SAMN12318480	Pisum sativum	SRP212400	2019-07-19 00:00:00 UTC	PRJNA507685	1736	5018	public	3888.0
SRR9712089	WGS	public	SRX6469882	Illumina HiSeq 3000	ILLUMINA	SRS5118757	SAMN12318490	Pisum sativum	SRP212400	2019-07-19 00:00:00 UTC	PRJNA507685	1983	3689	public	3888.0
SRR9712090	WGS	public	SRX6469881	Illumina HiSeq 3000	ILLUMINA	SRS5118755	SAMN12318489	Pisum sativum	SRP212400	2019-07-19 00:00:00 UTC	PRJNA507685	2637	5016	public	3888.0
SRR9712091	WGS	public	SRX6469880	Illumina HiSeq 3000	ILLUMINA	SRS5118754	SAMN12318488	Pisum sativum	SRP212400	2019-07-19 00:00:00 UTC	PRJNA507685	2128	4026	public	3888.0
SRR9712092	WGS	public	SRX6469879	Illumina HiSeq 3000	ILLUMINA	SRS5118753	SAMN12318487	Pisum sativum	SRP212400	2019-07-19 00:00:00 UTC	PRJNA507685	2518	4720	public	3888.0
SRR9712093	WGS	public	SRX6469878	Illumina HiSeq 3000	ILLUMINA	SRS5118752	SAMN12318486	Pisum sativum	SRP212400	2019-07-19 00:00:00 UTC	PRJNA507685	2455	4666	public	3888.0
SRR9712094	WGS	public	SRX6469877	Illumina HiSeq 3000	ILLUMINA	SRS5118751	SAMN12318485	Pisum sativum	SRP212400	2019-07-19 00:00:00 UTC	PRJNA507685	1757	5010	public	3888.0
SRR9712095	WGS	public	SRX6469876	Illumina HiSeq 3000	ILLUMINA	SRS5118750	SAMN12318484	Pisum sativum	SRP212400	2019-07-19 00:00:00 UTC	PRJNA507685	1681	4814	public	3888.0
SRR9712096	WGS	public	SRX6469875	Illumina HiSeq 3000	ILLUMINA	SRS5118749	SAMN12318483	Pisum sativum	SRP212400	2019-07-19 00:00:00 UTC	PRJNA507685	1629	4590	public	3888.0
SRR9712097	WGS	public	SRX6469874	Illumina HiSeq 3000	ILLUMINA	SRS5118747	SAMN12318482	Pisum sativum	SRP212400	2019-07-19 00:00:00 UTC	PRJNA507685	1443	4034	public	3888.0
SRR9712098	WGS	public	SRX6469873	Illumina HiSeq 3000	ILLUMINA	SRS5118746	SAMN12318481	Pisum sativum	SRP212400	2019-07-19 00:00:00 UTC	PRJNA507685	1518	4258	public	3888.0
SRR9712099	WGS	public	SRX6469872	Illumina HiSeq 3000	ILLUMINA	SRS5118744	SAMN12318442	Pisum sativum	SRP212400	2019-07-19 00:00:00 UTC	PRJNA507685	2612	5042	public	3888.0
SRR9712100	WGS	public	SRX6469871	Illumina HiSeq 3000	ILLUMINA	SRS5118743	SAMN12318430	Pisum sativum	SRP212400	2019-07-19 00:00:00 UTC	PRJNA507685	2104	4079	public	3888.0
SRR9924854	OTHER	public	SRX6673840	Illumina NovaSeq 6000	ILLUMINA	SRS5232712	SAMN11493481	Camelina sativa	SRP217773	2019-08-08 00:00:00 UTC	PRJNA535301	12651	40233	public	90675.0
